-- phpMyAdmin SQL Dump
-- version 3.5.8.1
-- http://www.phpmyadmin.net
--
-- Host: localhost
-- Generation Time: May 15, 2013 at 02:11 PM
-- Server version: 5.6.11
-- PHP Version: 5.3.15

SET SQL_MODE="NO_AUTO_VALUE_ON_ZERO";
SET time_zone = "+00:00";


/*!40101 SET @OLD_CHARACTER_SET_CLIENT=@@CHARACTER_SET_CLIENT */;
/*!40101 SET @OLD_CHARACTER_SET_RESULTS=@@CHARACTER_SET_RESULTS */;
/*!40101 SET @OLD_COLLATION_CONNECTION=@@COLLATION_CONNECTION */;
/*!40101 SET NAMES utf8 */;

--
-- Database: `esgdb`
--

-- --------------------------------------------------------

--
-- Table structure for table `answer`
--

CREATE TABLE IF NOT EXISTS `answer` (
  `id` int(11) NOT NULL AUTO_INCREMENT,
  `question_id` varchar(45) DEFAULT NULL,
  `answer_order` varchar(45) DEFAULT NULL,
  `answer_text` varchar(45) DEFAULT NULL,
  PRIMARY KEY (`id`)
) ENGINE=InnoDB DEFAULT CHARSET=latin1 AUTO_INCREMENT=1 ;

-- --------------------------------------------------------

--
-- Table structure for table `assessment`
--

CREATE TABLE IF NOT EXISTS `assessment` (
  `id` int(11) NOT NULL AUTO_INCREMENT,
  `company_id` varchar(45) DEFAULT NULL,
  `currency_code` varchar(3) NOT NULL DEFAULT 'USD',
  `name` varchar(100) DEFAULT NULL,
  `description` text,
  `start_date` datetime DEFAULT NULL,
  `end_date` datetime DEFAULT NULL,
  `username` varchar(45) DEFAULT NULL,
  `status` varchar(50) DEFAULT NULL,
  `sector` varchar(4) DEFAULT NULL,
  `score` varchar(10) DEFAULT NULL,
  `subsector` varchar(4) DEFAULT NULL,
  `max_score` varchar(10) DEFAULT NULL,
  `min_score` varchar(10) DEFAULT NULL,
  `ave_score` varchar(10) DEFAULT NULL,
  `e_score` varchar(10) DEFAULT NULL,
  `s_score` varchar(10) DEFAULT NULL,
  `g_score` varchar(10) DEFAULT NULL,
  `ranking` varchar(10) DEFAULT NULL,
  `e_max_score` varchar(10) DEFAULT NULL,
  `s_max_score` varchar(10) DEFAULT NULL,
  `g_max_score` varchar(10) DEFAULT NULL,
  `e_min_score` varchar(10) DEFAULT NULL,
  `s_min_score` varchar(10) DEFAULT NULL,
  `g_min_score` varchar(10) DEFAULT NULL,
  `e_ave_score` varchar(10) DEFAULT NULL,
  `s_ave_score` varchar(10) DEFAULT NULL,
  `g_ave_score` varchar(10) DEFAULT NULL,
  `period_init` date DEFAULT NULL,
  `period_end` date DEFAULT NULL,
  `revenue` varchar(12) DEFAULT NULL,
  `cogs` varchar(12) DEFAULT NULL,
  `fixed` varchar(12) DEFAULT NULL,
  `employees` varchar(10) DEFAULT NULL,
  `co2` varchar(12) DEFAULT NULL,
  PRIMARY KEY (`id`)
) ENGINE=InnoDB  DEFAULT CHARSET=latin1 AUTO_INCREMENT=652 ;

--
-- Dumping data for table `assessment`
--

INSERT INTO `assessment` (`id`, `company_id`, `currency_code`, `name`, `description`, `start_date`, `end_date`, `username`, `status`, `sector`, `score`, `subsector`, `max_score`, `min_score`, `ave_score`, `e_score`, `s_score`, `g_score`, `ranking`, `e_max_score`, `s_max_score`, `g_max_score`, `e_min_score`, `s_min_score`, `g_min_score`, `e_ave_score`, `s_ave_score`, `g_ave_score`, `period_init`, `period_end`, `revenue`, `cogs`, `fixed`, `employees`, `co2`) VALUES
(1, '1', 'EUR', '2010 Q3', 'Initial Assessment', '2012-11-06 16:13:04', NULL, 'demo', 'In Progress', '5550', '25.27', '5555', NULL, NULL, NULL, '30.96', '28.99', '15.85', NULL, NULL, NULL, NULL, NULL, NULL, NULL, '79.07', '77.42', '82.22', '2013-05-01', '2013-05-31', '27240000', '11520000', '16440000', '369', '641.691'),
(10, '2', 'USD', 'Altera Corp.', 'Initial Assessment', '2012-11-18 16:13:54', NULL, 'demo2', 'In Progress', '3350', '9.88', '3357', NULL, NULL, NULL, '4.93', '2.25', '22.47', NULL, NULL, NULL, NULL, NULL, NULL, NULL, '89.12', '90.68', '72.26', NULL, NULL, '24240000', '9000000', '14760000', '202', '957.48'),
(11, '91', 'USD', 'Mariteam Finances', 'Initial Assessment', '2012-11-29 08:52:04', NULL, 'france-YABA', 'Submited', '3570', '36.01', '3573', NULL, NULL, NULL, '38.52', '26.27', '43.24', NULL, NULL, NULL, NULL, NULL, NULL, NULL, '82.16', '72.88', '81.52', NULL, NULL, '98674255.07', '77158067.36', '27633257.75', '204', '12630.305'),
(21, '85', 'USD', 'Trutex Limited', 'Initial Assessment', '2012-12-04 00:47:04', NULL, 'endless-KGZR', 'Submited', '3760', '29.67', '3763', NULL, NULL, NULL, '12.52', '45.68', '30.80', NULL, NULL, NULL, NULL, NULL, NULL, NULL, '79.39', '84.79', '71.12', NULL, NULL, '30026927.05', '19715820.29', '708429.03', '104', '618.28'),
(31, '63', 'USD', 'CSL DualCom Ltd', 'Initial Assessment', '2012-12-04 01:40:08', NULL, 'bowmark-OCFR', 'Submited', '6570', '5.77', '6575', NULL, NULL, NULL, '0.86', '0.00', '16.44', NULL, NULL, NULL, NULL, NULL, NULL, NULL, '85.23', '74.55', '68.08', NULL, NULL, '15740909.90', '7901504.13', '9026207.29', '51', '683.155'),
(41, '84', 'USD', 'The Works', 'Initial Assessment', '2012-12-05 07:53:36', NULL, 'endless-SUIE', 'In Progress', '5370', '0.00', '5373', NULL, NULL, NULL, '0.00', '0.00', '0.00', NULL, NULL, NULL, NULL, NULL, NULL, NULL, '78.16', '83.86', '77.47', NULL, NULL, '179043064.6', '72580745.87', '12642842.23', '1436', '10265.336'),
(51, '76', 'USD', 'Chaucer Foods Limited', 'Initial Assessment', '2012-12-09 23:04:58', NULL, 'endless-YNZV', 'In Progress', '3570', '49.10', '3577', NULL, NULL, NULL, '56.91', '47.98', '42.42', NULL, NULL, NULL, NULL, NULL, NULL, NULL, '82.16', '72.88', '81.52', NULL, NULL, '103836465', '75234880.18', '11378699.41', '429', '9712.56'),
(61, '90', 'USD', 'Financière Shark', 'Initial Assessment', '2012-12-10 03:46:04', NULL, 'france-OIQB', 'Submited', '3740', '41.31', '3745', NULL, NULL, NULL, '40.16', '28.91', '54.86', NULL, NULL, NULL, NULL, NULL, NULL, NULL, '87.57', '74.19', '78.91', NULL, NULL, '63094309.97', '30937156.46', '7703718.80', '608', '4908.737'),
(71, '104', 'USD', 'Polynt', 'Initial Assessment', '2012-12-10 10:55:53', NULL, 'investindustrial-GXGE', 'In Progress', '1350', NULL, '1357', NULL, NULL, NULL, NULL, NULL, NULL, NULL, NULL, NULL, NULL, NULL, NULL, NULL, NULL, NULL, NULL, NULL, NULL, NULL, NULL, NULL, NULL, '0'),
(81, '89', 'USD', 'Dalloyau Holding', 'Initial Assessment', '2012-12-10 12:02:24', NULL, 'france-ILRY', 'Submited', '3570', '35.28', '3577', NULL, NULL, NULL, '30.58', '38.00', '37.28', NULL, NULL, NULL, NULL, NULL, NULL, NULL, '82.16', '72.88', '81.52', NULL, NULL, '41206899.92', '20420036.46', '41572796.44', '424', '9599.36'),
(91, '92', 'USD', 'Supra', 'Initial Assessment', '2012-12-11 02:37:40', NULL, 'france-XAFP', 'Submited', '2720', '29.92', '2727', NULL, NULL, NULL, '30.75', '26.86', '32.14', NULL, NULL, NULL, NULL, NULL, NULL, NULL, '81.22', '78.98', '78.54', NULL, NULL, '57714740.58', '30936079.16', '6,480,680.62', '225', '0.001'),
(101, '101', 'USD', 'SFC Energy', 'Initial Assessment', '2012-12-11 05:52:57', NULL, 'hpepro-JFDP', 'In Progress', '9570', '26.74', '9572', NULL, NULL, NULL, '29.86', '22.24', '28.12', NULL, NULL, NULL, NULL, NULL, NULL, NULL, '85.72', '79.42', '69.65', NULL, NULL, '36240000', '21480000', '19080000', '187', '1759.176'),
(111, '100', 'USD', 'Hess AG', 'Initial Assessment', '2012-12-11 07:38:54', NULL, 'hpepro-WPGZ', 'Submited', '2350', '61.02', '2353', NULL, NULL, NULL, '85.04', '21.73', '76.30', NULL, NULL, NULL, NULL, NULL, NULL, NULL, '74.51', '76.28', '83.24', NULL, NULL, NULL, NULL, NULL, NULL, '0'),
(121, '95', 'USD', 'Mikeva', 'Initial Assessment', '2012-12-11 08:12:41', NULL, 'gsquare-RFKI', 'Submited', '4530', '42.81', '4533', NULL, NULL, NULL, '38.06', '43.44', '46.93', NULL, NULL, NULL, NULL, NULL, NULL, NULL, '79.58', '84.72', '70.68', NULL, NULL, NULL, NULL, NULL, NULL, '0'),
(131, '93', 'USD', 'GROUPE BEHM INTERNATIONAL', 'Initial Assessment', '2012-12-11 09:26:24', NULL, 'france-WXQO', 'Submited', '2770', '40.55', '2779', NULL, NULL, NULL, '36.16', '38.34', '47.14', NULL, NULL, NULL, NULL, NULL, NULL, NULL, '79.04', '81.81', '85.38', NULL, NULL, '51111576.91', '31671174.01', '18462028.39', '350', '14924.58'),
(141, '66', 'USD', 'Leaders Lettings', 'Initial Assessment', '2012-12-12 01:32:15', NULL, 'bowmark-HBRK', 'Submited', '5370', '9.64', '5377', NULL, NULL, NULL, '0.80', '10.84', '17.27', NULL, NULL, NULL, NULL, NULL, NULL, NULL, '78.16', '83.86', '77.47', NULL, NULL, '45663477.52', '0', '67452371.94', '618', '0'),
(151, '80', 'USD', 'Liberata', 'Initial Assessment', '2012-12-12 03:11:16', NULL, 'endless-RNSW', 'Submited', '2790', '38.21', '2791', NULL, NULL, NULL, '26.34', '41.88', '46.41', NULL, NULL, NULL, NULL, NULL, NULL, NULL, '77.96', '74.52', '81.02', NULL, NULL, '128112532', '111081954.7', '30892313.41', '1701', '3728.253'),
(171, '88', 'USD', 'BPI', 'Initial Assessment', '2012-12-12 11:22:12', NULL, 'france-TAIV', 'Submited', '8770', '73.86', '8771', NULL, NULL, NULL, '84.91', '56.26', '80.40', NULL, NULL, NULL, NULL, NULL, NULL, NULL, '70.80', '75.88', '77.19', NULL, NULL, '91701124.71', '0', '855894.88', '700', '0'),
(191, '73', 'USD', 'Acenta', 'Initial Assessment', '2012-12-13 02:22:49', NULL, 'endless-VVPW', 'Submited', '2750', '36.16', '2757', NULL, NULL, NULL, '52.81', '23.52', '32.15', NULL, NULL, NULL, NULL, NULL, NULL, NULL, '73.71', '85.40', '79.82', NULL, NULL, '116591015.6', '79160227.46', '11548383.01', '343', '4057.69'),
(211, '67', 'USD', 'Rauscher & Stoecklin AG', 'Initial Assessment', '2012-12-13 06:20:24', NULL, 'cgs-KALU', 'Submited', '2730', NULL, '2733', NULL, NULL, NULL, NULL, NULL, NULL, NULL, NULL, NULL, NULL, NULL, NULL, NULL, NULL, NULL, NULL, NULL, NULL, NULL, NULL, NULL, NULL, '0'),
(221, '102', 'USD', 'Synova SA', 'Initial Assessment', '2012-12-13 07:47:03', NULL, 'hpepro-FEVE', 'Submited', '2750', '9.39', '2757', NULL, NULL, NULL, '6.45', '10.29', '11.44', NULL, NULL, NULL, NULL, NULL, NULL, NULL, '73.71', '85.40', '79.82', NULL, NULL, '7380000', '5196000', '11976000', '49', '579.67'),
(231, '64', 'USD', 'Glenside Care Group Limited', 'Initial Assessment', '2012-12-14 04:10:58', NULL, 'bowmark-DDEI', 'Submited', '4530', '22.20', '4533', NULL, NULL, NULL, '7.83', '14.18', '44.58', NULL, NULL, NULL, NULL, NULL, NULL, NULL, '79.58', '84.72', '70.68', NULL, NULL, '15659009.36', '11799814.72', '39926399.12 ', '335', '0'),
(261, '65', 'USD', 'Healthcare Homes Holdings', 'Initial Assessment', '2012-12-14 05:30:54', NULL, 'bowmark-FPOJ', 'Submited', '4530', '28.54', '4533', NULL, NULL, NULL, '21.00', '31.18', '33.44', NULL, NULL, NULL, NULL, NULL, NULL, NULL, '79.58', '84.72', '70.68', NULL, NULL, '59297091.12', '35575890.88', '138495689.65', '1000', '9583.902'),
(271, '156', 'USD', 'Lewis Tankers', 'Initial Assessment', '2012-12-14 08:20:27', NULL, 'endless-LKOM', 'In Progress', '2770', '64.35', '2777', NULL, NULL, NULL, '69.46', '41.30', '82.28', NULL, NULL, NULL, NULL, NULL, NULL, NULL, '79.04', '81.81', '85.38', NULL, NULL, '15301053.19', '13082319.93', '1914084.741', '114', '1191.952'),
(281, '86', 'USD', 'Vasanta Group', 'Initial Assessment', '2012-12-17 05:43:04', NULL, 'endless-HTEJ', 'Submited', '3720', '24.92', '3724', NULL, NULL, NULL, '38.92', '16.95', '18.91', NULL, NULL, NULL, NULL, NULL, NULL, NULL, '78.97', '88.62', '76.98', NULL, NULL, '604104724.7', '517976157.4', '18774076.31', '983', '24103.779'),
(291, '62', 'USD', 'CARE fertility', 'Initial Assessment', '2012-12-17 10:21:33', NULL, 'bowmark-GKJZ', 'Submited', '4530', '18.42', '4533', NULL, NULL, NULL, '1.33', '25.72', '28.22', NULL, NULL, NULL, NULL, NULL, NULL, NULL, '79.58', '84.72', '70.68', NULL, NULL, '29747581.33', '7346871.29', '7435491.14', '200', '514.536'),
(301, '99', 'USD', 'Cotesa GmbH', 'Initial Assessment', '2012-12-18 00:26:34', NULL, 'hpepro-DUEU', 'Submited', '2710', '17.77', '2713', NULL, NULL, NULL, '12.80', '24.24', '16.27', NULL, NULL, NULL, NULL, NULL, NULL, NULL, '93.00', '87.80', '76.10', NULL, NULL, '27240000', '11520000', '16440000', '369', '3815.46'),
(311, '79', 'USD', 'JFT Wholesale', 'Initial Assessment', '2012-12-20 08:06:02', NULL, 'endless-EXOE', 'Submited', '3760', '23.36', '3767', NULL, NULL, NULL, '18.66', '41.41', '10.00', NULL, NULL, NULL, NULL, NULL, NULL, NULL, '79.39', '84.79', '71.12', NULL, NULL, '87473309.83', '76030979.07', '4416015.69', '535', '7359.008'),
(321, '82', 'USD', 'St Neots Packaging Ltd', 'Initial Assessment', '2013-01-07 09:22:16', NULL, 'endless-ZCHQ', 'Submited', '2720', '24.74', '2723', NULL, NULL, NULL, '30.01', '13.73', '30.48', NULL, NULL, NULL, NULL, NULL, NULL, NULL, '81.22', '78.98', '78.54', NULL, NULL, '49502362.24', '33632703.55', '7676768.87', '210', '10508.4'),
(331, NULL, 'USD', NULL, 'Initial Assessment', '2013-01-11 06:05:23', NULL, 'fmdemo', 'In Progress', NULL, NULL, NULL, NULL, NULL, NULL, NULL, NULL, NULL, NULL, NULL, NULL, NULL, NULL, NULL, NULL, NULL, NULL, NULL, NULL, NULL, NULL, NULL, NULL, NULL, NULL),
(341, NULL, 'USD', NULL, 'Initial Assessment', '2013-01-11 06:05:37', NULL, 'fmdemo', 'In Progress', NULL, NULL, NULL, NULL, NULL, NULL, NULL, NULL, NULL, NULL, NULL, NULL, NULL, NULL, NULL, NULL, NULL, NULL, NULL, NULL, NULL, NULL, NULL, NULL, NULL, NULL),
(351, NULL, 'USD', NULL, 'Initial Assessment', '2013-01-11 06:07:09', NULL, 'fmdemo', 'In Progress', NULL, NULL, NULL, NULL, NULL, NULL, NULL, NULL, NULL, NULL, NULL, NULL, NULL, NULL, NULL, NULL, NULL, NULL, NULL, NULL, NULL, NULL, NULL, NULL, NULL, NULL),
(361, NULL, 'USD', NULL, 'Initial Assessment', '2013-01-11 06:07:15', NULL, 'fmdemo', 'In Progress', NULL, NULL, NULL, NULL, NULL, NULL, NULL, NULL, NULL, NULL, NULL, NULL, NULL, NULL, NULL, NULL, NULL, NULL, NULL, NULL, NULL, NULL, NULL, NULL, NULL, NULL),
(371, NULL, 'USD', NULL, 'Initial Assessment', '2013-01-11 06:07:20', NULL, 'fmdemo', 'In Progress', NULL, NULL, NULL, NULL, NULL, NULL, NULL, NULL, NULL, NULL, NULL, NULL, NULL, NULL, NULL, NULL, NULL, NULL, NULL, NULL, NULL, NULL, NULL, NULL, NULL, NULL),
(381, NULL, 'USD', NULL, 'Initial Assessment', '2013-01-11 09:30:00', NULL, 'fmdemo', 'In Progress', NULL, NULL, NULL, NULL, NULL, NULL, NULL, NULL, NULL, NULL, NULL, NULL, NULL, NULL, NULL, NULL, NULL, NULL, NULL, NULL, NULL, NULL, NULL, NULL, NULL, NULL),
(391, NULL, 'USD', NULL, 'Initial Assessment', '2013-01-11 10:14:49', NULL, 'fmdemo', 'In Progress', NULL, NULL, NULL, NULL, NULL, NULL, NULL, NULL, NULL, NULL, NULL, NULL, NULL, NULL, NULL, NULL, NULL, NULL, NULL, NULL, NULL, NULL, NULL, NULL, NULL, NULL),
(401, NULL, 'USD', NULL, 'Initial Assessment', '2013-01-11 10:16:28', NULL, 'fmdemo', 'In Progress', NULL, NULL, NULL, NULL, NULL, NULL, NULL, NULL, NULL, NULL, NULL, NULL, NULL, NULL, NULL, NULL, NULL, NULL, NULL, NULL, NULL, NULL, NULL, NULL, NULL, NULL),
(411, NULL, 'USD', NULL, 'Initial Assessment', '2013-01-16 00:16:07', NULL, 'fmdemo', 'In Progress', NULL, NULL, NULL, NULL, NULL, NULL, NULL, NULL, NULL, NULL, NULL, NULL, NULL, NULL, NULL, NULL, NULL, NULL, NULL, NULL, NULL, NULL, NULL, '18464661.30', NULL, NULL),
(421, '94', 'USD', 'Lynx Holding', 'Initial Assessment', '2013-01-24 06:34:16', NULL, 'gsquare-MBTN', 'Submited', '4530', '33.12', '4533', NULL, NULL, NULL, '20.32', '40.43', '38.60', NULL, NULL, NULL, NULL, NULL, NULL, NULL, '79.58', '84.72', '70.68', NULL, NULL, NULL, NULL, NULL, NULL, '0'),
(431, '97', 'USD', 'Zahnarztzentrum', 'Initial Assessment', '2013-01-24 06:50:30', NULL, 'gsquare-ADUL', 'Submited', '4530', '32.50', '4533', NULL, NULL, NULL, '16.66', '40.43', '40.42', NULL, NULL, NULL, NULL, NULL, NULL, NULL, '79.58', '84.72', '70.68', NULL, NULL, NULL, NULL, NULL, NULL, '0'),
(441, '96', 'USD', 'SARquavitae', 'Initial Assessment', '2013-01-25 01:28:21', NULL, 'gsquare-RVTR', 'Submited', '4530', '45.48', '4533', NULL, NULL, NULL, '40.80', '43.29', '52.35', NULL, NULL, NULL, NULL, NULL, NULL, NULL, '79.58', '84.72', '70.68', NULL, NULL, NULL, NULL, NULL, NULL, '0'),
(451, '155', 'USD', 'Bathstore.com Limited', 'Initial Assessment', '2013-01-29 08:22:03', NULL, 'endless-DFKG', 'Submited', '5370', '29.59', '5375', NULL, NULL, NULL, '22.00', '12.53', '54.22', NULL, NULL, NULL, NULL, NULL, NULL, NULL, '78.16', '83.86', '77.47', NULL, NULL, '135226517', '58911677.02', '-11607772.27', '474', '2324.991'),
(461, NULL, 'USD', NULL, 'Initial Assessment', '2013-02-04 04:21:32', NULL, 'adveq', 'In Progress', NULL, NULL, NULL, NULL, NULL, NULL, NULL, NULL, NULL, NULL, NULL, NULL, NULL, NULL, NULL, NULL, NULL, NULL, NULL, NULL, NULL, NULL, NULL, NULL, NULL, NULL),
(471, '154', 'USD', 'High Street TV (Group) Limited', 'Initial Assessment', '2013-02-05 08:59:36', NULL, 'endless-SXFI', 'Submited', '3720', '20.84', '3722', NULL, NULL, NULL, '28.44', '26.65', '7.43', NULL, NULL, NULL, NULL, NULL, NULL, NULL, '78.97', '88.62', '76.98', NULL, NULL, NULL, NULL, NULL, NULL, '0'),
(481, '157', 'USD', 'Acme Corp.', 'Initial Assessment', '2013-02-21 22:08:33', NULL, 'demo3', 'In Progress', '2350', '16.22', '2357', NULL, NULL, NULL, '18.45', '19.12', '11.11', NULL, NULL, NULL, NULL, NULL, NULL, NULL, '74.51', '76.28', '83.24', NULL, NULL, '15000000', '4000000', '6000000', '105', '930'),
(491, '158', 'USD', 'Wayne Enterprises', 'Initial Assessment', '2013-02-21 22:10:22', NULL, 'demo4', 'In Progress', '6570', '50.19', '6575', NULL, NULL, NULL, '59.90', '37.08', '53.57', NULL, NULL, NULL, NULL, NULL, NULL, NULL, '85.23', '74.55', '68.08', NULL, NULL, '24000000', '12000000', '13000000', '1500', '1041.6'),
(501, '159', 'USD', 'Umbrella Corp.', 'Initial Assessment', '2013-02-21 22:12:04', NULL, 'demo5', 'In Progress', '4570', '35.56', '4573', NULL, NULL, NULL, '29.86', '33.64', '43.18', NULL, NULL, NULL, NULL, NULL, NULL, NULL, '90.37', '77.19', '79.08', NULL, NULL, '16000000', '7000000', '5000000', '200', '1915'),
(511, '160', 'USD', 'Stark Industries', 'Initial Assessment', '2013-02-21 22:14:08', NULL, 'demo6', 'In Progress', '2710', '46.76', '2717', NULL, NULL, NULL, '41.07', '50.97', '48.23', NULL, NULL, NULL, NULL, NULL, NULL, NULL, '93.00', '87.80', '76.10', NULL, NULL, '15000000', '7000000', '5000000', '320', '3308.8'),
(521, NULL, 'USD', NULL, 'Initial Assessment', '2013-02-22 07:08:07', NULL, 'adveq', 'In Progress', NULL, NULL, NULL, NULL, NULL, NULL, NULL, NULL, NULL, NULL, NULL, NULL, NULL, NULL, NULL, NULL, NULL, NULL, NULL, NULL, NULL, NULL, NULL, NULL, NULL, NULL),
(531, '114', 'USD', 'Perimeter Protection Group', 'Initial Assessment', '2013-03-18 01:01:04', NULL, 'procuritas-RRUR', 'Submited', '2350', NULL, '2353', NULL, NULL, NULL, NULL, NULL, NULL, NULL, NULL, NULL, NULL, NULL, NULL, NULL, NULL, NULL, NULL, NULL, NULL, '103 000 000', '87 000 000', '9 100 000', '431', '0'),
(541, '112', 'USD', 'Team Olivia AB', 'Initial Assessment', '2013-03-18 05:14:42', NULL, 'procuritas-JWBJ', 'In Progress', '4530', NULL, '4533', NULL, NULL, NULL, NULL, NULL, NULL, NULL, NULL, NULL, NULL, NULL, NULL, NULL, NULL, NULL, NULL, NULL, NULL, '248 236 950', NULL, '63 300 000', '3666', NULL),
(551, '111', 'USD', 'King Oscar', 'Initial Assessment', '2013-03-21 02:11:19', NULL, 'procuritas-QAZZ', 'Submited', '3570', NULL, '3577', NULL, NULL, NULL, NULL, NULL, NULL, NULL, NULL, NULL, NULL, NULL, NULL, NULL, NULL, NULL, NULL, NULL, NULL, NULL, NULL, NULL, NULL, NULL),
(581, '110', 'USD', 'Gram Equipment A/S', 'Initial Assessment', '2013-03-21 07:46:37', NULL, 'procuritas-QWMP', 'Submited', '2750', NULL, '2757', NULL, NULL, NULL, NULL, NULL, NULL, NULL, NULL, NULL, NULL, NULL, NULL, NULL, NULL, NULL, NULL, NULL, NULL, NULL, NULL, NULL, NULL, NULL),
(591, '171', 'USD', 'Contex', 'Initial Assessment', '2013-04-10 05:31:56', NULL, 'procuritas-DFKG', 'Submited', '2730', NULL, '2733', NULL, NULL, NULL, NULL, NULL, NULL, NULL, NULL, NULL, NULL, NULL, NULL, NULL, NULL, NULL, NULL, NULL, NULL, NULL, NULL, NULL, '64', '0'),
(601, '171', 'USD', 'Contex', 'Initial Assessment', '2013-04-10 05:31:57', NULL, 'procuritas-DFKG', 'In Progress', '2730', NULL, '2733', NULL, NULL, NULL, NULL, NULL, NULL, NULL, NULL, NULL, NULL, NULL, NULL, NULL, NULL, NULL, NULL, NULL, NULL, NULL, NULL, NULL, NULL, NULL),
(611, '211', 'USD', 'demo2', 'Initial Assessment', '2013-04-22 08:12:14', NULL, 'otpp-fm1-9DXk', 'In Progress', '0580', '0.00', '0583', NULL, NULL, NULL, '0.00', '0.00', '0.00', NULL, NULL, NULL, NULL, NULL, NULL, NULL, '95.25', '96.25', '77.80', NULL, NULL, NULL, NULL, NULL, NULL, '0'),
(621, '221', 'USD', 'acme inc', 'Initial Assessment', '2013-04-23 07:19:59', NULL, 'otpp-fm3-85UB', 'In Progress', '1770', '81.84', '1773', NULL, NULL, NULL, '82.15', '63.37', '100.00', NULL, NULL, NULL, NULL, NULL, NULL, NULL, '75.10', '84.65', '83.99', NULL, NULL, NULL, NULL, NULL, NULL, '0'),
(631, '241', 'USD', 'consumer', 'Initial Assessment', '2013-04-23 10:21:54', NULL, 'otpp-fm3-b0fz', 'In Progress', '3570', '0.00', '3573', NULL, NULL, NULL, '0.00', '0.00', '0.00', NULL, NULL, NULL, NULL, NULL, NULL, NULL, '82.16', '72.88', '81.52', NULL, NULL, NULL, NULL, NULL, NULL, '0'),
(641, NULL, 'USD', NULL, 'Initial Assessment', '2013-04-24 06:28:55', NULL, 'demo-fm1', 'In Progress', NULL, NULL, NULL, NULL, NULL, NULL, NULL, NULL, NULL, NULL, NULL, NULL, NULL, NULL, NULL, NULL, NULL, NULL, NULL, NULL, NULL, NULL, NULL, NULL, NULL, NULL),
(651, NULL, 'USD', NULL, 'Initial Assessment', '2013-04-24 06:29:00', NULL, 'demo-fm1', 'In Progress', NULL, NULL, NULL, NULL, NULL, NULL, NULL, NULL, NULL, NULL, NULL, NULL, NULL, NULL, NULL, NULL, NULL, NULL, NULL, NULL, NULL, NULL, NULL, NULL, NULL, NULL);

-- --------------------------------------------------------

--
-- Table structure for table `benchmark`
--

CREATE TABLE IF NOT EXISTS `benchmark` (
  `company` varchar(50) DEFAULT NULL,
  `country` varchar(2) DEFAULT NULL,
  `industry` int(4) DEFAULT NULL,
  `supersector` int(4) DEFAULT NULL,
  `sector` int(4) DEFAULT NULL,
  `subsector` int(4) DEFAULT NULL,
  `e` decimal(31,14) DEFAULT NULL,
  `s` decimal(31,14) DEFAULT NULL,
  `g` decimal(31,14) DEFAULT NULL
) ENGINE=MyISAM DEFAULT CHARSET=utf8;

--
-- Dumping data for table `benchmark`
--

INSERT INTO `benchmark` (`company`, `country`, `industry`, `supersector`, `sector`, `subsector`, `e`, `s`, `g`) VALUES
('3M Co.', 'US', 2000, 2700, 2720, 2727, '91.70000000000000', '80.80000000000001', '63.80000000000000'),
('AB Volvo', 'SE', 2000, 2700, 2750, 2753, '64.30000000000000', '78.20000000000000', '79.20000000000000'),
('ABB Ltd.', 'CH', 2000, 2700, 2750, 2757, '67.10000000000001', '76.80000000000000', '65.80000000000000'),
('Abbott Laboratories', 'US', 4000, 4500, 4570, 4577, '89.00000000000000', '76.30000000000000', '72.80000000000000'),
('Abertis Infraestructuras S.A.', 'ES', 2000, 2700, 2770, 2777, '85.80000000000000', '99.20000000000000', '73.50000000000000'),
('Accenture plc', 'US', 2000, 2700, 2790, 2791, '94.39999999999999', '69.50000000000000', '76.59999999999999'),
('ACS, Actividades de Construccion y Servicios', 'ES', 2000, 2300, 2350, 2357, '78.00000000000000', '80.70000000000000', '49.90000000000000'),
('Adidas AG', 'DE', 3000, 3700, 3760, 3765, '82.89999999999999', '92.70000000000000', '58.90000000000000'),
('Advanced Micro Devices, Inc.', 'US', 9000, 9500, 9570, 9576, '98.00000000000000', '94.09999999999999', '87.59999999999999'),
('Akzo Nobel NV', 'NL', 1000, 1300, 1350, 1357, '78.00000000000000', '81.50000000000000', '93.40000000000001'),
('Alcoa, Inc.', 'US', 1000, 1700, 1750, 1753, '57.90000000000000', '56.30000000000000', '82.30000000000000'),
('Alfa Laval AB', 'SE', 2000, 2700, 2750, 2757, '91.60000000000001', '88.00000000000000', '93.20000000000000'),
('Allianz SE', 'DE', 8000, 8500, 8530, 8532, '82.59999999999999', '82.19999999999999', '61.90000000000000'),
('Amcor Ltd.', 'AU', 2000, 2700, 2720, 2723, '86.90000000000001', '68.20000000000000', '96.59999999999999'),
('AMEC PLC', 'GB', 1, 500, 570, 573, '82.00000000000000', '95.80000000000000', '77.60000000000001'),
('Applied Materials Inc.', 'US', 9000, 9500, 9570, 9576, '82.80000000000000', '88.70000000000000', '49.70000000000000'),
('ARC Resources Ltd.', 'CA', 1, 500, 530, 533, '74.09999999999999', '85.20000000000000', '89.80000000000000'),
('ARM Holdings plc', 'GB', 9000, 9500, 9570, 9576, '59.59999999999999', '66.40000000000001', '90.20000000000000'),
('ASML Holding NV', 'NL', 9000, 9500, 9570, 9576, '88.20000000000000', '96.50000000000000', '78.90000000000001'),
('Assa Abloy AB', 'SE', 2000, 2300, 2350, 2353, '63.70000000000000', '66.70000000000000', '88.59999999999999'),
('AstraZeneca PLC', 'GB', 4000, 4500, 4570, 4577, '88.40000000000001', '72.89999999999999', '84.70000000000000'),
('ASX Limited', 'AU', 8000, 8700, 8770, 8777, '71.70000000000000', '75.20000000000000', '53.30000000000000'),
('Atlantia SpA', 'IT', 2000, 2700, 2770, 2777, '83.00000000000000', '99.90000000000001', '62.60000000000000'),
('Atlas Copco Group', 'SE', 2000, 2700, 2750, 2757, '73.90000000000001', '98.20000000000000', '72.30000000000000'),
('Australia & New Zealand Banking Group Ltd.', 'AU', 8000, 8300, 8350, 8355, '89.20000000000000', '96.30000000000000', '60.09999999999999'),
('Autodesk, Inc.', 'US', 9000, 9500, 9530, 9537, '85.00000000000000', '69.50000000000000', '94.30000000000000'),
('Aviva plc', 'GB', 8000, 8500, 8570, 8575, '83.50000000000000', '73.50000000000000', '99.40000000000001'),
('Baker Hughes Incorporated', 'US', 1, 500, 570, 573, '56.20000000000000', '94.00000000000000', '50.50000000000000'),
('Balfour Beatty plc', 'GB', 2000, 2300, 2350, 2357, '71.70000000000000', '81.89999999999999', '91.20000000000000'),
('Banca Monte dei Paschi di Siena SpA', 'IT', 8000, 8300, 8350, 8355, '94.09999999999999', '78.80000000000000', '71.30000000000000'),
('Banco Bilbao Vizcaya Argentaria, S.A.', 'ES', 8000, 8300, 8350, 8355, '96.89999999999999', '94.00000000000000', '58.70000000000000'),
('Banco Comercial Portugues S.A.', 'PT', 8000, 8300, 8350, 8355, '79.10000000000001', '86.40000000000001', '48.10000000000000'),
('Banco Espirito Santo SA', 'PT', 8000, 8300, 8350, 8355, '79.10000000000001', '81.00000000000000', '63.00000000000000'),
('Barclays PLC', 'GB', 8000, 8300, 8350, 8355, '75.09999999999999', '81.80000000000000', '63.40000000000000'),
('BASF SE', 'DE', 1000, 1300, 1350, 1353, '64.40000000000001', '76.90000000000001', '99.40000000000001'),
('Belgacom SA', 'BE', 6000, 6500, 6530, 6535, '97.00000000000000', '89.00000000000000', '92.80000000000001'),
('Berkeley Group Holdings plc', 'GB', 3000, 3700, 3720, 3728, '88.09999999999999', '66.60000000000001', '69.09999999999999'),
('BG Group plc', 'GB', 1, 500, 530, 537, '85.50000000000000', '96.89999999999999', '93.50000000000000'),
('BHP BILLITON', 'AU', 1000, 1700, 1770, 1775, '87.50000000000000', '74.30000000000000', '80.40000000000001'),
('BMW Group', 'DE', 3000, 3300, 3350, 3353, '92.00000000000000', '100.00000000000000', '59.00000000000000'),
('BNP Paribas', 'FR', 8000, 8300, 8350, 8355, '90.00000000000000', '88.20000000000000', '74.30000000000000'),
('Bombardier, Inc.', 'CA', 2000, 2700, 2710, 2713, '93.00000000000000', '87.80000000000000', '76.09999999999999'),
('Boral Ltd.', 'AU', 2000, 2300, 2350, 2353, '76.20000000000000', '93.60000000000001', '85.80000000000000'),
('Brisa - Auto-Estradas de Portugal SA', 'PT', 2000, 2700, 2770, 2777, '92.40000000000001', '99.20000000000000', '96.39999999999999'),
('British American Tobacco plc', 'GB', 3000, 3700, 3780, 3785, '72.70000000000000', '65.50000000000000', '81.59999999999999'),
('British Land Co. plc', 'GB', 8000, 8600, 8670, 8672, '99.00000000000000', '88.40000000000001', '78.80000000000000'),
('BT Group plc', 'GB', 6000, 6500, 6530, 6535, '97.59999999999999', '86.59999999999999', '85.90000000000001'),
('Bunzl plc', 'GB', 2000, 2700, 2790, 2791, '63.10000000000000', '91.50000000000000', '81.30000000000000'),
('CA Technologies', 'US', 9000, 9500, 9530, 9537, '84.39999999999999', '85.80000000000000', '93.80000000000000'),
('Cairn Energy plc', 'GB', 1, 500, 530, 533, '54.30000000000000', '97.80000000000000', '88.50000000000000'),
('Caltex Australia Ltd.', 'AU', 1, 500, 530, 533, '49.00000000000000', '77.70000000000000', '95.80000000000000'),
('Campbell Soup Co.', 'US', 3000, 3500, 3570, 3577, '77.80000000000000', '61.30000000000000', '99.09999999999999'),
('Canadian Imperial Bank of Commerce', 'CA', 8000, 8300, 8350, 8355, '87.80000000000000', '71.89999999999999', '89.00000000000000'),
('Canadian Tire Corp. Ltd.', 'CA', 5000, 5300, 5370, 5379, '62.60000000000000', '70.50000000000000', '95.00000000000000'),
('Carrefour SA', 'FR', 5000, 5300, 5330, 5337, '88.20000000000000', '84.59999999999999', '93.70000000000000'),
('Casio Computer Co. Ltd.', 'JP', 3000, 3700, 3740, 3743, '79.60000000000001', '60.50000000000000', '85.39999999999999'),
('CB Richard Ellis Group, Inc.', 'US', 8000, 8600, 8630, 8637, '59.09999999999999', '63.40000000000000', '89.60000000000001'),
('CFS Retail Property Trust', 'AU', 8000, 8600, 8670, 8672, '78.40000000000001', '88.59999999999999', '79.30000000000000'),
('China Mobile Limited', 'HK', 6000, 6500, 6570, 6575, '59.90000000000000', '54.70000000000000', '90.60000000000001'),
('CIT Group, Inc.', 'US', 8000, 8700, 8770, 8775, '51.80000000000000', '60.90000000000000', '77.00000000000000'),
('Clorox Corporation', 'US', 3000, 3700, 3720, 3724, '63.50000000000000', '95.70000000000000', '78.00000000000000'),
('Coca-Cola Enterprises Inc.', 'US', 3000, 3500, 3530, 3537, '50.50000000000000', '64.90000000000001', '79.40000000000001'),
('Coca-Cola Hellenic Bottling Company S.A.', 'GR', 3000, 3500, 3530, 3537, '94.00000000000000', '89.60000000000001', '89.09999999999999'),
('Coloplast A/S', 'DK', 4000, 4500, 4530, 4537, '91.40000000000001', '91.90000000000001', '79.20000000000000'),
('Commonwealth Bank of Australia', 'AU', 8000, 8300, 8350, 8355, '89.09999999999999', '79.20000000000000', '59.30000000000000'),
('Compagnie Generale DES Etablissements Michelin SCA', 'FR', 3000, 3300, 3350, 3357, '84.30000000000000', '89.09999999999999', '54.70000000000000'),
('Compass Group PLC', 'GB', 5000, 5700, 5750, 5757, '75.40000000000001', '82.09999999999999', '86.80000000000000'),
('Consolidated Edison Inc.', 'US', 7000, 7500, 7530, 7535, '57.90000000000000', '54.50000000000001', '95.19999999999999'),
('Contact Energy Ltd.', 'NZ', 7000, 7500, 7530, 7537, '80.40000000000001', '84.50000000000000', '98.20000000000000'),
('Continental AG', 'DE', 3000, 3300, 3350, 3357, '83.30000000000000', '94.69999999999999', '48.90000000000000'),
('Corio NV', 'NL', 8000, 8600, 8670, 8672, '70.70000000000000', '97.39999999999999', '85.70000000000000'),
('Cosmo Oil Co. Ltd.', 'JP', 1, 500, 530, 537, '85.80000000000000', '74.20000000000000', '79.70000000000000'),
('Credit Agricole SA', 'FR', 8000, 8300, 8350, 8355, '86.40000000000001', '68.10000000000001', '85.20000000000000'),
('Criteria CaixaCorp, S.A.', 'ES', 8000, 8700, 8770, 8777, '99.80000000000000', '94.39999999999999', '84.09999999999999'),
('Dai Nippon Printing Co. Ltd.', 'JP', 5000, 5500, 5550, 5557, '92.30000000000001', '62.70000000000000', '63.20000000000000'),
('Daikin Industries Ltd.', 'JP', 2000, 2700, 2750, 2757, '80.60000000000001', '65.50000000000000', '62.90000000000000'),
('Daiwa Securities Group Inc.', 'JP', 8000, 8700, 8770, 8777, '53.70000000000000', '89.70000000000000', '79.00000000000000'),
('Danone', 'FR', 3000, 3500, 3570, 3577, '88.59999999999999', '92.20000000000000', '88.40000000000001'),
('Danske Bank A/S', 'DK', 8000, 8300, 8350, 8355, '81.10000000000001', '52.60000000000000', '93.60000000000001'),
('Darden Restaurants, Inc.', 'US', 5000, 5700, 5750, 5757, '79.30000000000000', '52.90000000000001', '74.90000000000001'),
('Delhaize Group', 'BE', 5000, 5300, 5330, 5337, '74.80000000000000', '66.30000000000000', '65.80000000000000'),
('Delta Lloyd N.V.', 'NL', 8000, 8500, 8570, 8575, '78.30000000000000', '70.59999999999999', '90.00000000000000'),
('Deutsche Bank AG', 'DE', 8000, 8300, 8350, 8355, '86.09999999999999', '81.80000000000000', '51.50000000000000'),
('Deutsche Boerse AG', 'DE', 8000, 8700, 8770, 8777, '80.80000000000001', '64.00000000000000', '87.40000000000001'),
('Deutsche Lufthansa AG', 'DE', 5000, 5700, 5750, 5751, '66.70000000000000', '64.90000000000001', '94.39999999999999'),
('Deutsche Telekom AG', 'DE', 6000, 6500, 6570, 6575, '99.70000000000000', '90.80000000000000', '65.40000000000001'),
('Dexia SA', 'BE', 8000, 8300, 8350, 8355, '97.39999999999999', '96.00000000000000', '93.80000000000000'),
('Dexus Property Group', 'AU', 8000, 8600, 8670, 8674, '81.00000000000000', '80.90000000000001', '84.20000000000000'),
('Diageo plc', 'GB', 3000, 3500, 3530, 3535, '65.30000000000000', '80.20000000000000', '89.09999999999999'),
('DnB NOR ASA', 'NO', 8000, 8300, 8350, 8355, '82.19999999999999', '81.00000000000000', '74.40000000000001'),
('Drax Group plc.', 'GB', 7000, 7500, 7530, 7535, '54.70000000000000', '65.30000000000000', '93.40000000000001'),
('EDP-Energias de Portugal, S.A.', 'PT', 7000, 7500, 7530, 7537, '77.40000000000001', '96.59999999999999', '98.20000000000000'),
('Electricite de France (EDF)', 'FR', 7000, 7500, 7530, 7535, '93.40000000000001', '67.50000000000000', '94.00000000000000'),
('Electrolux AB', 'SE', 3000, 3700, 3720, 3722, '87.00000000000000', '87.00000000000000', '63.30000000000000'),
('Enagas SA', 'ES', 7000, 7500, 7570, 7573, '93.50000000000000', '82.00000000000000', '99.90000000000001'),
('Encana Corp.', 'CA', 1, 500, 530, 533, '68.70000000000000', '80.00000000000000', '95.59999999999999'),
('Endesa SA', 'ES', 7000, 7500, 7530, 7535, '76.90000000000001', '59.90000000000000', '87.40000000000001'),
('Enel SpA', 'IT', 7000, 7500, 7530, 7535, '66.90000000000001', '95.50000000000000', '75.40000000000001'),
('Eni SpA', 'IT', 1, 500, 530, 537, '61.50000000000000', '90.40000000000001', '49.40000000000000'),
('Erste Group Bank AG', 'AT', 8000, 8300, 8350, 8355, '60.30000000000000', '83.20000000000000', '64.20000000000000'),
('Essilor International', 'FR', 4000, 4500, 4530, 4537, '84.50000000000000', '97.89999999999999', '73.90000000000001'),
('Estee Lauder Companies Inc.', 'US', 3000, 3700, 3760, 3767, '64.70000000000000', '87.80000000000000', '61.20000000000000'),
('Ferrovial', 'ES', 2000, 2300, 2350, 2357, '70.00000000000000', '88.20000000000000', '84.00000000000000'),
('Fiat Industrial SpA', 'IT', 2000, 2700, 2750, 2753, '96.59999999999999', '97.30000000000000', '63.80000000000000'),
('Fiat S.p.A.', 'IT', 3000, 3300, 3350, 3353, '98.09999999999999', '99.80000000000000', '97.30000000000000'),
('Firstgroup plc', 'GB', 5000, 5700, 5750, 5759, '55.00000000000001', '87.20000000000000', '90.70000000000000'),
('Fomento de Construcciones y Contratas, S.A.', 'ES', 2000, 2300, 2350, 2357, '71.30000000000000', '85.39999999999999', '82.89999999999999'),
('Ford Motor Co.', 'US', 3000, 3300, 3350, 3353, '90.70000000000000', '81.10000000000001', '77.70000000000000'),
('Fortum OYJ', 'FI', 7000, 7500, 7530, 7535, '94.19999999999999', '77.20000000000000', '84.80000000000000'),
('Fraport AG', 'DE', 2000, 2700, 2770, 2777, '84.59999999999999', '69.89999999999999', '97.59999999999999'),
('Fresnillo Plc', 'GB', 1000, 1700, 1770, 1779, '84.09999999999999', '89.20000000000000', '98.80000000000000'),
('Gamesa Corporacion Tecnologica S.A.', 'ES', 1, 500, 580, 583, '99.09999999999999', '99.00000000000000', '69.59999999999999'),
('Geberit AG', 'CH', 2000, 2300, 2350, 2353, '93.20000000000000', '89.30000000000000', '92.70000000000000'),
('Gecina SA', 'FR', 8000, 8600, 8670, 8671, '80.10000000000001', '96.39999999999999', '88.20000000000000'),
('Gemalto NV', 'FR', 2000, 2700, 2730, 2737, '86.40000000000001', '68.40000000000001', '66.10000000000001'),
('General Electric Co.', 'US', 2000, 2700, 2720, 2727, '75.00000000000000', '80.40000000000001', '75.59999999999999'),
('GlaxoSmithKline plc', 'GB', 4000, 4500, 4570, 4577, '86.20000000000000', '57.70000000000000', '80.60000000000001'),
('Groupe Eurotunnel S.A.', 'FR', 2000, 2700, 2770, 2775, '95.09999999999999', '99.59999999999999', '97.50000000000000'),
('Hammerson plc', 'GB', 8000, 8600, 8670, 8672, '99.59999999999999', '55.50000000000001', '84.20000000000000'),
('Hasbro Inc.', 'US', 3000, 3700, 3740, 3747, '65.20000000000000', '83.30000000000000', '87.30000000000000'),
('Henkel AG & Co. KGaA', 'DE', 3000, 3700, 3720, 3724, '87.90000000000001', '99.00000000000000', '92.20000000000000'),
('Hess Corporation', 'US', 1, 500, 530, 537, '89.80000000000000', '96.20000000000000', '85.80000000000000'),
('Hewlett-Packard Company', 'US', 9000, 9500, 9570, 9572, '99.30000000000000', '89.80000000000000', '62.10000000000000'),
('Hexagon AB', 'SE', 2000, 2700, 2730, 2737, '76.30000000000000', '80.60000000000001', '60.80000000000000'),
('Hitachi Ltd.', 'JP', 2000, 2700, 2730, 2737, '96.59999999999999', '57.30000000000000', '91.10000000000001'),
('HJ Heinz Co.', 'US', 3000, 3500, 3570, 3577, '81.59999999999999', '74.09999999999999', '71.09999999999999'),
('Hochtief AG', 'DE', 2000, 2300, 2350, 2357, '61.50000000000000', '73.70000000000000', '94.59999999999999'),
('Holcim Ltd.', 'CH', 2000, 2300, 2350, 2353, '71.00000000000000', '63.30000000000000', '87.59999999999999'),
('Holmen AB', 'SE', 1000, 1700, 1730, 1737, '91.50000000000000', '63.00000000000000', '59.09999999999999'),
('Home Retail Group', 'GB', 5000, 5300, 5370, 5373, '81.39999999999999', '89.50000000000000', '59.80000000000000'),
('Hong Kong Exchanges & Clearing Ltd.', 'HK', 8000, 8700, 8770, 8777, '49.80000000000000', '71.00000000000000', '89.60000000000001'),
('Iberdrola SA', 'ES', 7000, 7500, 7530, 7535, '66.90000000000001', '88.80000000000000', '99.59999999999999'),
('Ibiden Co., Ltd.', 'JP', 2000, 2700, 2730, 2733, '89.40000000000001', '56.49999999999999', '51.10000000000000'),
('Idemitsu Kosan Co. Ltd.', 'JP', 1, 500, 530, 533, '94.59999999999999', '54.60000000000000', '61.50000000000000'),
('Imerys SA', 'FR', 1000, 1700, 1770, 1775, '74.90000000000001', '79.80000000000001', '61.30000000000000'),
('Imperial Oil Ltd.', 'CA', 1, 500, 530, 537, '67.70000000000000', '75.30000000000000', '62.00000000000000'),
('Imtech NV', 'NL', 2000, 2700, 2790, 2791, '69.69999999999999', '60.70000000000000', '94.00000000000000'),
('Indra Sistemas, S.A.', 'ES', 9000, 9500, 9530, 9533, '82.09999999999999', '97.50000000000000', '89.40000000000001'),
('Industria de Diseno Textil SA', 'ES', 5000, 5300, 5370, 5371, '95.00000000000000', '94.59999999999999', '82.00000000000000'),
('Infineon Technologies AG', 'DE', 9000, 9500, 9570, 9576, '81.30000000000000', '70.80000000000000', '60.20000000000000'),
('ING Group', 'NL', 8000, 8500, 8570, 8575, '87.40000000000001', '99.09999999999999', '99.50000000000000'),
('Insurance Australia Group Ltd.', 'AU', 8000, 8500, 8530, 8536, '94.80000000000000', '83.20000000000000', '84.39999999999999'),
('Intel Corporation', 'US', 9000, 9500, 9570, 9576, '97.89999999999999', '93.70000000000000', '99.70000000000000'),
('Intercontinental Hotels Group plc', 'GB', 5000, 5700, 5750, 5753, '50.40000000000000', '76.20000000000000', '95.00000000000000'),
('International Business Machines Corp.', 'US', 9000, 9500, 9530, 9533, '93.00000000000000', '82.59999999999999', '70.89999999999999'),
('Intesa Sanpaolo SpA', 'IT', 8000, 8300, 8350, 8355, '79.80000000000001', '87.40000000000001', '55.90000000000001'),
('Intuit Inc.', 'US', 9000, 9500, 9530, 9537, '84.00000000000000', '78.40000000000001', '65.70000000000000'),
('Invensys plc', 'GB', 9000, 9500, 9530, 9537, '80.80000000000001', '83.80000000000000', '92.00000000000000'),
('J. Sainsbury plc', 'GB', 5000, 5300, 5330, 5337, '93.60000000000001', '77.20000000000000', '94.80000000000000'),
('Johnson & Johnson', 'US', 4000, 4500, 4570, 4577, '99.90000000000001', '53.90000000000001', '74.20000000000000'),
('Johnson Matthey plc', 'GB', 1000, 1300, 1350, 1357, '59.30000000000000', '95.59999999999999', '66.70000000000000'),
('Kao Corp.', 'JP', 3000, 3700, 3760, 3767, '80.00000000000000', '93.40000000000001', '92.20000000000000'),
('Kellogg Company', 'US', 3000, 3500, 3570, 3577, '84.20000000000000', '78.50000000000000', '59.90000000000000'),
('Keppel Land Ltd.', 'SG', 8000, 8600, 8630, 8633, '79.80000000000001', '92.80000000000001', '90.10000000000001'),
('Kesko Oyj', 'FI', 5000, 5300, 5330, 5337, '73.59999999999999', '85.80000000000000', '58.50000000000000'),
('Kimberly-Clark Corporation', 'US', 3000, 3700, 3760, 3767, '90.90000000000001', '53.50000000000000', '79.60000000000001'),
('KingFisher plc', 'GB', 5000, 5300, 5370, 5375, '87.59999999999999', '96.20000000000000', '94.59999999999999'),
('Kinross Gold Corporation', 'CA', 1000, 1700, 1770, 1777, '62.90000000000000', '99.80000000000000', '90.20000000000000'),
('Kohl''s Corp.', 'US', 5000, 5300, 5370, 5371, '75.20000000000000', '85.00000000000000', '86.59999999999999'),
('Konica Minolta Holdings Inc.', 'JP', 9000, 9500, 9570, 9574, '87.20000000000000', '66.30000000000000', '48.60000000000000'),
('Koninklijke Ahold N.V.', 'NL', 5000, 5300, 5330, 5337, '83.59999999999999', '95.19999999999999', '82.69999999999999'),
('Koninklijke Philips Electronics NV', 'NL', 3000, 3700, 3740, 3743, '100.00000000000000', '98.80000000000000', '93.89999999999999'),
('Lagardere SCA', 'FR', 5000, 5500, 5550, 5557, '76.09999999999999', '92.00000000000000', '83.50000000000000'),
('Land Securities Group plc', 'GB', 8000, 8600, 8670, 8671, '92.20000000000000', '94.80000000000000', '75.80000000000000'),
('Life Technologies Corporation', 'US', 4000, 4500, 4570, 4573, '97.39999999999999', '97.00000000000000', '74.50000000000000'),
('LM Ericsson Telephone Co.', 'SE', 9000, 9500, 9570, 9578, '92.80000000000001', '86.70000000000000', '83.80000000000000'),
('Logica plc', 'GB', 9000, 9500, 9530, 9533, '75.50000000000000', '74.40000000000001', '87.59999999999999'),
('Lonmin plc', 'GB', 1000, 1700, 1770, 1779, '99.40000000000001', '98.09999999999999', '98.09999999999999'),
('L''Oreal SA', 'FR', 3000, 3700, 3760, 3767, '99.59999999999999', '95.59999999999999', '72.89999999999999'),
('Lundin Petroleum AB', 'SE', 1, 500, 530, 533, '76.80000000000000', '74.90000000000001', '87.20000000000000'),
('LVMH Moet Hennessy Louis Vuitton', 'FR', 3000, 3700, 3760, 3763, '57.59999999999999', '76.40000000000001', '58.90000000000000'),
('Magna International, Inc.', 'CA', 3000, 3300, 3350, 3355, '75.80000000000000', '64.70000000000000', '72.00000000000000'),
('MAN SE', 'DE', 2000, 2700, 2750, 2753, '62.70000000000000', '68.70000000000000', '95.70000000000000'),
('Marks & Spencer Group plc', 'GB', 5000, 5300, 5370, 5373, '92.60000000000001', '68.30000000000001', '71.89999999999999'),
('Marriott International, Inc.', 'US', 5000, 5700, 5750, 5753, '74.20000000000000', '56.10000000000001', '57.49999999999999'),
('Masco Corporation', 'US', 2000, 2300, 2350, 2353, '85.59999999999999', '50.30000000000000', '87.80000000000000'),
('Medtronic, Inc.', 'US', 4000, 4500, 4530, 4535, '96.39999999999999', '83.59999999999999', '67.10000000000001'),
('Merck & Co. Inc.', 'US', 4000, 4500, 4570, 4577, '85.20000000000000', '89.20000000000000', '48.80000000000000'),
('Merck KGaA', 'DE', 4000, 4500, 4570, 4577, '91.20000000000000', '72.30000000000000', '94.09999999999999'),
('Metro AG', 'DE', 5000, 5300, 5330, 5337, '81.80000000000000', '93.30000000000001', '75.50000000000000'),
('Metso Corp.', 'FI', 2000, 2700, 2750, 2757, '62.50000000000000', '88.00000000000000', '97.80000000000000'),
('Mirvac Group', 'AU', 8000, 8600, 8670, 8673, '53.80000000000000', '79.00000000000000', '57.70000000000000'),
('Mitsui OSK Lines Ltd.', 'JP', 2000, 2700, 2770, 2773, '59.80000000000000', '49.80000000000000', '79.70000000000000'),
('Munich Re', 'DE', 8000, 8500, 8530, 8538, '90.60000000000001', '94.59999999999999', '92.40000000000001'),
('National Australia Bank Limited', 'AU', 8000, 8300, 8350, 8355, '94.89999999999999', '77.60000000000001', '49.10000000000000'),
('National Grid plc', 'GB', 7000, 7500, 7570, 7575, '73.40000000000001', '56.80000000000000', '87.09999999999999'),
('Neste Oil Corp.', 'FI', 1, 500, 530, 537, '64.30000000000000', '98.30000000000000', '76.70000000000000'),
('Newcrest Mining Ltd.', 'AU', 1000, 1700, 1770, 1777, '55.30000000000000', '85.50000000000000', '60.70000000000000'),
('Nexen Inc.', 'CA', 1, 500, 530, 533, '83.39999999999999', '98.80000000000000', '95.39999999999999'),
('Nidec Corp.', 'JP', 2000, 2700, 2730, 2733, '68.70000000000000', '53.10000000000000', '77.80000000000000'),
('Nike Inc.', 'US', 3000, 3700, 3760, 3765, '68.20000000000000', '74.59999999999999', '68.70000000000000'),
('Nikon Corp.', 'JP', 3000, 3700, 3740, 3745, '95.59999999999999', '69.30000000000000', '90.00000000000000'),
('Nippon Yusen Kabushiki Kaisha', 'JP', 2000, 2700, 2770, 2773, '53.60000000000000', '51.30000000000000', '79.70000000000000'),
('Nordea Bank AB', 'SE', 8000, 8300, 8350, 8355, '72.50000000000000', '86.20000000000000', '68.00000000000000'),
('Nordstrom Inc.', 'US', 5000, 5300, 5370, 5371, '52.70000000000000', '82.89999999999999', '52.40000000000001'),
('Norsk Hydro ASA', 'NO', 1000, 1700, 1750, 1753, '81.50000000000000', '93.80000000000000', '99.80000000000000'),
('Northern Trust Corporation', 'US', 8000, 8700, 8770, 8771, '59.40000000000000', '70.50000000000000', '85.39999999999999'),
('Novartis AG', 'CH', 4000, 4500, 4570, 4577, '97.00000000000000', '91.00000000000000', '78.60000000000001'),
('Novo Nordisk A/S', 'DK', 4000, 4500, 4570, 4577, '96.09999999999999', '81.59999999999999', '80.60000000000001'),
('Novozymes A/S', 'DK', 4000, 4500, 4570, 4573, '81.89999999999999', '92.40000000000001', '98.40000000000001'),
('NVIDIA Corporation', 'US', 9000, 9500, 9570, 9576, '89.70000000000000', '84.89999999999999', '70.89999999999999'),
('NYSE Euronext, Inc.', 'US', 8000, 8700, 8770, 8777, '74.00000000000000', '74.50000000000000', '64.09999999999999'),
('OMV Aktiengesellschaft', 'AT', 1, 500, 530, 537, '83.09999999999999', '96.09999999999999', '74.90000000000001'),
('Outokumpu Oyj', 'FI', 1000, 1700, 1750, 1757, '95.80000000000000', '90.00000000000000', '99.80000000000000'),
('OZ Minerals Limited', 'AU', 1000, 1700, 1770, 1775, '51.30000000000000', '67.70000000000000', '85.00000000000000'),
('Panasonic Corporation', 'JP', 3000, 3700, 3740, 3743, '96.00000000000000', '75.00000000000000', '87.00000000000000'),
('Pearson plc', 'GB', 5000, 5500, 5550, 5557, '93.89999999999999', '74.00000000000000', '82.09999999999999'),
('PepsiCo, Inc.', 'US', 3000, 3500, 3530, 3537, '76.00000000000000', '69.09999999999999', '94.80000000000000'),
('Pernod-Ricard SA', 'FR', 3000, 3500, 3530, 3535, '92.20000000000000', '88.09999999999999', '81.59999999999999'),
('Petrofac Limited', 'GB', 1, 500, 570, 573, '68.10000000000001', '74.80000000000000', '61.70000000000000'),
('Pirelli & C. SpA', 'IT', 3000, 3300, 3350, 3357, '98.80000000000000', '99.40000000000001', '98.00000000000000'),
('Plum Creek Timber Co. Inc.', 'US', 8000, 8600, 8670, 8675, '97.70000000000000', '90.80000000000000', '70.30000000000000'),
('Portugal Telecom SGPS SA', 'PT', 6000, 6500, 6530, 6535, '79.20000000000000', '90.20000000000000', '96.09999999999999'),
('ProLogis', 'US', 8000, 8600, 8670, 8671, '95.59999999999999', '92.30000000000001', '91.80000000000000'),
('PSA Peugeot Citroen', 'FR', 3000, 3300, 3350, 3353, '95.89999999999999', '90.40000000000001', '96.00000000000000'),
('Puma AG', 'DE', 3000, 3700, 3760, 3765, '82.80000000000000', '92.60000000000001', '64.80000000000000'),
('Quest Diagnostics Inc.', 'US', 4000, 4500, 4530, 4533, '54.80000000000000', '64.30000000000000', '77.40000000000001'),
('Reckitt Benckiser Group plc', 'GB', 3000, 3700, 3720, 3724, '53.50000000000000', '86.30000000000000', '90.60000000000001'),
('Red Electrica de Espana SA', 'ES', 7000, 7500, 7530, 7535, '87.70000000000000', '98.00000000000000', '98.70000000000000'),
('Reed Elsevier plc', 'NL', 5000, 5500, 5550, 5557, '84.80000000000000', '85.09999999999999', '97.20000000000000'),
('Renault SA', 'FR', 3000, 3300, 3350, 3353, '92.70000000000000', '95.00000000000000', '72.20000000000000'),
('Repsol YPF SA', 'ES', 1, 500, 530, 537, '90.40000000000001', '92.60000000000001', '98.80000000000000'),
('Rexam plc', 'GB', 2000, 2700, 2720, 2723, '53.10000000000000', '88.70000000000000', '96.20000000000000'),
('Rexel SA', 'FR', 2000, 2700, 2730, 2733, '93.10000000000001', '86.40000000000001', '95.50000000000000'),
('Ricoh Co. Ltd.', 'JP', 9000, 9500, 9570, 9574, '96.50000000000000', '75.09999999999999', '60.50000000000000'),
('Roche Holding AG', 'CH', 4000, 4500, 4570, 4577, '83.20000000000000', '71.39999999999999', '75.00000000000000'),
('Rohm Co. Ltd.', 'JP', 9000, 9500, 9570, 9576, '85.20000000000000', '70.09999999999999', '63.50000000000000'),
('Royal Bank of Canada', 'CA', 8000, 8300, 8350, 8355, '90.20000000000000', '84.20000000000000', '92.30000000000001'),
('Royal DSM N.V.', 'NL', 1000, 1300, 1350, 1357, '81.69999999999999', '94.89999999999999', '97.80000000000000'),
('Royal KPN N.V.', 'NL', 6000, 6500, 6530, 6535, '95.80000000000000', '78.90000000000001', '90.80000000000000'),
('Saipem SpA', 'IT', 1, 500, 570, 573, '56.20000000000000', '81.30000000000000', '51.60000000000000'),
('Salzgitter AG', 'DE', 1000, 1700, 1750, 1757, '68.30000000000001', '78.70000000000000', '69.39999999999999'),
('Sandvik AB', 'SE', 2000, 2700, 2750, 2757, '57.80000000000000', '93.60000000000001', '69.69999999999999'),
('Sanofi-Aventis', 'FR', 4000, 4500, 4570, 4577, '91.00000000000000', '97.59999999999999', '94.09999999999999'),
('Santos Ltd.', 'AU', 1, 500, 530, 533, '74.30000000000000', '97.70000000000000', '72.50000000000000'),
('SAP AG', 'DE', 9000, 9500, 9530, 9537, '86.20000000000000', '91.10000000000001', '83.89999999999999'),
('SBM Offshore N.V.', 'NL', 1, 500, 570, 573, '64.09999999999999', '98.40000000000001', '50.00000000000000'),
('Schneider Electric S.A.', 'FR', 2000, 2700, 2730, 2733, '85.59999999999999', '89.40000000000001', '57.20000000000000'),
('Scottish & Southern Energy plc', 'GB', 7000, 7500, 7530, 7535, '59.00000000000000', '91.80000000000000', '97.09999999999999'),
('Seagate Technology PLC', 'US', 9000, 9500, 9570, 9572, '80.70000000000000', '89.80000000000000', '48.60000000000000'),
('SEGRO plc', 'GB', 8000, 8600, 8670, 8671, '91.20000000000000', '88.40000000000001', '84.20000000000000'),
('Seiko Epson Corp.', 'JP', 9000, 9500, 9570, 9572, '95.50000000000000', '70.89999999999999', '57.99999999999999'),
('Severn Trent Plc', 'GB', 7000, 7500, 7570, 7577, '51.20000000000000', '81.59999999999999', '86.20000000000000'),
('Shire plc', 'GB', 4000, 4500, 4570, 4577, '88.30000000000000', '50.20000000000000', '71.70000000000000'),
('Shiseido Co. Ltd.', 'JP', 3000, 3700, 3760, 3767, '84.80000000000000', '96.70000000000000', '83.20000000000000'),
('Sims Metal Management Limited', 'AU', 2000, 2700, 2790, 2799, '67.20000000000000', '56.70000000000000', '79.40000000000001'),
('Skandinaviska Enskilda Banken AB', 'SE', 8000, 8300, 8350, 8355, '84.20000000000000', '73.30000000000000', '93.20000000000000'),
('Skanska AB', 'SE', 2000, 2300, 2350, 2357, '67.90000000000001', '78.00000000000000', '80.60000000000001'),
('SKF AB', 'SE', 2000, 2700, 2750, 2757, '80.00000000000000', '99.70000000000000', '97.80000000000000'),
('SNAM RETE Gas Spa', 'IT', 7000, 7500, 7570, 7573, '85.90000000000001', '72.50000000000000', '99.20000000000000'),
('Societe BIC, S.A.', 'FR', 3000, 3700, 3720, 3724, '93.80000000000000', '97.09999999999999', '68.70000000000000'),
('Societe Generale Group', 'FR', 8000, 8300, 8350, 8355, '98.30000000000000', '66.00000000000000', '81.39999999999999'),
('Sodexo', 'FR', 5000, 5700, 5750, 5757, '72.70000000000000', '95.19999999999999', '91.30000000000000'),
('Sony Corporation', 'JP', 3000, 3700, 3740, 3743, '91.30000000000000', '71.70000000000000', '55.10000000000000'),
('Spectra Energy Corp.', 'US', 7000, 7500, 7570, 7573, '56.00000000000001', '91.40000000000001', '81.00000000000000'),
('Standard Chartered PLC', 'GB', 8000, 8300, 8350, 8355, '89.60000000000001', '78.20000000000000', '78.30000000000000'),
('State Street Corp.', 'US', 8000, 8700, 8770, 8771, '96.20000000000000', '82.69999999999999', '74.80000000000000'),
('Statoil ASA', 'NO', 1, 500, 530, 537, '80.60000000000001', '99.59999999999999', '98.59999999999999'),
('STMicroelectronics NV', 'IT', 9000, 9500, 9570, 9576, '97.80000000000000', '99.30000000000000', '90.20000000000000'),
('Stockland Corp. Ltd.', 'AU', 8000, 8600, 8670, 8673, '78.80000000000000', '79.00000000000000', '93.60000000000001'),
('Stora Enso Corp.', 'FI', 1000, 1700, 1730, 1737, '94.50000000000000', '86.59999999999999', '70.09999999999999'),
('Storebrand ASA', 'NO', 8000, 8500, 8570, 8575, '88.40000000000001', '91.60000000000001', '92.10000000000001'),
('Suez Environnement S.A.', 'FR', 7000, 7500, 7570, 7577, '60.09999999999999', '79.60000000000001', '95.30000000000000'),
('Sumitomo Rubber Industries Ltd.', 'JP', 3000, 3300, 3350, 3357, '89.40000000000001', '87.59999999999999', '50.10000000000000'),
('Suncor Energy Inc.', 'CA', 1, 500, 530, 537, '59.30000000000000', '95.39999999999999', '94.19999999999999'),
('Sunoco, Inc.', 'US', 1, 500, 530, 533, '73.50000000000000', '76.00000000000000', '95.39999999999999'),
('Svenska Cellulosa Aktiebolaget, SCA', 'SE', 3000, 3700, 3760, 3767, '82.39999999999999', '84.59999999999999', '70.80000000000000'),
('Swedish Match AB', 'SE', 3000, 3700, 3780, 3785, '60.80000000000000', '85.20000000000000', '56.00000000000001'),
('Swiss Reinsurance Co.', 'CH', 8000, 8500, 8530, 8538, '95.19999999999999', '68.89999999999999', '87.80000000000000'),
('Symantec Corporation', 'US', 9000, 9500, 9530, 9537, '76.59999999999999', '69.50000000000000', '83.89999999999999'),
('Talisman Energy Inc.', 'CA', 1, 500, 530, 533, '56.89999999999999', '98.20000000000000', '100.00000000000000'),
('Technip', 'FR', 1, 500, 570, 573, '69.69999999999999', '89.60000000000001', '63.50000000000000'),
('Teck Resources Limited', 'CA', 1000, 1700, 1750, 1755, '63.90000000000000', '99.50000000000000', '98.00000000000000'),
('Telecom Italia SpA', 'IT', 6000, 6500, 6530, 6535, '98.40000000000001', '96.80000000000000', '92.80000000000001'),
('Telefonica, S.A.', 'ES', 6000, 6500, 6530, 6535, '91.60000000000001', '85.59999999999999', '99.30000000000000'),
('TeliaSonera AB', 'SE', 6000, 6500, 6570, 6575, '89.20000000000000', '59.70000000000000', '62.80000000000000'),
('Tesco PLC', 'GB', 5000, 5300, 5330, 5337, '74.70000000000000', '66.70000000000000', '91.40000000000001'),
('Texas Instruments Inc.', 'US', 9000, 9500, 9570, 9576, '83.70000000000000', '62.50000000000000', '69.09999999999999'),
('The Bank Of Nova Scotia', 'CA', 8000, 8300, 8350, 8355, '68.89999999999999', '93.10000000000001', '65.90000000000001'),
('The Kroger Co.', 'US', 5000, 5300, 5330, 5337, '74.59999999999999', '62.80000000000000', '67.40000000000001'),
('Thomas Cook Group plc', 'GB', 5000, 5700, 5750, 5759, '60.00000000000000', '90.10000000000001', '88.00000000000000'),
('TNT Express Holdings B.V.', 'NL', 2000, 2700, 2770, 2771, '88.70000000000000', '83.80000000000000', '93.30000000000001'),
('Tokyo Electron Ltd.', 'JP', 9000, 9500, 9570, 9576, '75.80000000000000', '66.50000000000000', '53.90000000000001'),
('Tokyo Gas Co. Ltd.', 'JP', 7000, 7500, 7570, 7573, '76.00000000000000', '90.60000000000001', '74.09999999999999'),
('Toppan Printing Ltd.', 'JP', 2000, 2700, 2790, 2791, '95.39999999999999', '94.19999999999999', '73.80000000000000'),
('Toray Industries Inc.', 'JP', 1000, 1300, 1350, 1353, '93.30000000000001', '78.30000000000000', '50.90000000000000'),
('Toronto-Dominion Bank', 'CA', 8000, 8300, 8350, 8355, '92.90000000000001', '82.39999999999999', '68.80000000000000'),
('Toshiba Corp.', 'JP', 2000, 2700, 2720, 2727, '99.40000000000001', '76.80000000000000', '60.50000000000000'),
('Toto Ltd.', 'JP', 2000, 2300, 2350, 2353, '84.00000000000000', '64.30000000000000', '73.20000000000000'),
('Transurban Group', 'AU', 2000, 2700, 2770, 2777, '68.40000000000001', '83.59999999999999', '88.09999999999999'),
('Terna SpA', 'IT', 7000, 7500, 7530, 7535, '93.70000000000000', '85.30000000000000', '97.59999999999999'),
('Trygvesta A/S', 'DK', 8000, 8500, 8530, 8532, '51.90000000000000', '77.40000000000001', '72.70000000000000'),
('TUI Travel PLC', 'GB', 5000, 5700, 5750, 5759, '60.90000000000000', '78.60000000000001', '75.20000000000000'),
('Tullow Oil plc', 'GB', 1, 500, 530, 533, '68.10000000000001', '98.59999999999999', '51.70000000000000'),
('Unibail-Rodamco SE', 'FR', 8000, 8600, 8670, 8672, '99.80000000000000', '98.40000000000001', '88.70000000000000'),
('UniCredit S.p.A.', 'IT', 8000, 8300, 8350, 8355, '97.30000000000000', '58.50000000000000', '64.30000000000000'),
('Unilever plc', 'NL', 3000, 3500, 3570, 3577, '78.60000000000001', '58.30000000000000', '89.09999999999999'),
('UPM-Kymmene Oyj.', 'FI', 1000, 1700, 1730, 1737, '86.59999999999999', '69.89999999999999', '63.10000000000000'),
('Valeo SA', 'FR', 3000, 3300, 3350, 3355, '86.30000000000000', '87.70000000000000', '60.30000000000000'),
('Verbund AG', 'AT', 7000, 7500, 7530, 7537, '93.40000000000001', '87.40000000000001', '82.80000000000000'),
('Vestas Wind Systems A/S', 'DK', 1, 500, 580, 583, '91.40000000000001', '93.50000000000000', '86.00000000000000'),
('Virgin Media, Inc.', 'US', 6000, 6500, 6530, 6535, '82.39999999999999', '59.40000000000000', '72.89999999999999'),
('Vivendi', 'FR', 5000, 5500, 5550, 5553, '76.40000000000001', '84.80000000000000', '76.50000000000000'),
('Vodafone Group plc', 'GB', 6000, 6500, 6570, 6575, '92.10000000000001', '93.00000000000000', '53.50000000000000'),
('Volkswagen AG', 'DE', 3000, 3300, 3350, 3353, '82.09999999999999', '98.70000000000000', '80.90000000000001'),
('Wacker Chemie AG', 'DE', 1000, 1300, 1350, 1357, '55.90000000000001', '98.90000000000001', '70.00000000000000'),
('Waters Corp.', 'US', 4000, 4500, 4530, 4535, '70.80000000000000', '85.90000000000001', '55.80000000000000'),
('Westpac Banking Corporation', 'AU', 8000, 8300, 8350, 8355, '96.80000000000000', '98.59999999999999', '94.39999999999999'),
('Whitbread plc', 'GB', 5000, 5700, 5750, 5757, '80.80000000000001', '92.80000000000001', '91.60000000000001'),
('Wm. Morrison Supermarkets plc', 'GB', 5000, 5300, 5330, 5337, '90.10000000000001', '76.20000000000000', '87.00000000000000'),
('Woolworths Ltd.', 'AU', 5000, 5300, 5330, 5337, '85.00000000000000', '84.09999999999999', '96.00000000000000'),
('WPP plc', 'GB', 5000, 5500, 5550, 5555, '50.90000000000000', '65.90000000000001', '90.80000000000000'),
('Xilinx Inc.', 'US', 9000, 9500, 9570, 9576, '50.90000000000000', '57.49999999999999', '78.20000000000000'),
('Xstrata plc', 'GB', 1000, 1700, 1770, 1775, '85.39999999999999', '82.80000000000000', '97.39999999999999'),
('Yamaha Corp.', 'JP', 3000, 3700, 3740, 3745, '85.30000000000000', '60.70000000000000', '53.70000000000000');

-- --------------------------------------------------------

--
-- Table structure for table `company`
--

CREATE TABLE IF NOT EXISTS `company` (
  `id` int(11) NOT NULL AUTO_INCREMENT,
  `name` varchar(100) DEFAULT NULL,
  `fund_id` int(11) DEFAULT NULL,
  `address` varchar(100) DEFAULT NULL,
  `city` varchar(100) DEFAULT NULL,
  `state` varchar(100) DEFAULT NULL,
  `country` varchar(100) DEFAULT NULL,
  `postalcode` varchar(20) DEFAULT NULL,
  `ftemployees` int(11) DEFAULT NULL,
  `ptemployees` int(11) DEFAULT NULL,
  `wowners` int(11) DEFAULT NULL,
  `tworkers` int(11) DEFAULT NULL,
  `phone` varchar(100) DEFAULT NULL,
  `website` varchar(100) DEFAULT NULL,
  `description` text,
  `username` varchar(100) DEFAULT NULL,
  `industry` varchar(4) DEFAULT '0000',
  `supersector` varchar(4) DEFAULT '0000',
  `sector` varchar(4) DEFAULT '0000',
  `subsector` varchar(4) DEFAULT '0000',
  `ownership` varchar(10) DEFAULT NULL,
  `mownership` varchar(10) DEFAULT NULL,
  `revenue` varchar(10) DEFAULT NULL,
  `yoygrowth` varchar(10) DEFAULT NULL,
  `ltmebitda` varchar(10) DEFAULT NULL,
  `ebitdamargin` varchar(10) DEFAULT NULL,
  `tev` varchar(10) DEFAULT NULL,
  `tevmultiple` varchar(10) DEFAULT NULL,
  `totalleverage` varchar(10) DEFAULT NULL,
  `totalleveragemultiple` varchar(10) DEFAULT NULL,
  `totalcash` varchar(10) DEFAULT NULL,
  `totaldebt` float NOT NULL,
  `debtratio` float NOT NULL,
  `ebitdagrowth` float NOT NULL,
  `invitation` varchar(3) DEFAULT NULL,
  `status` enum('active','deleted') NOT NULL DEFAULT 'active',
  PRIMARY KEY (`id`)
) ENGINE=InnoDB  DEFAULT CHARSET=latin1 AUTO_INCREMENT=244 ;

--
-- Dumping data for table `company`
--

INSERT INTO `company` (`id`, `name`, `fund_id`, `address`, `city`, `state`, `country`, `postalcode`, `ftemployees`, `ptemployees`, `wowners`, `tworkers`, `phone`, `website`, `description`, `username`, `industry`, `supersector`, `sector`, `subsector`, `ownership`, `mownership`, `revenue`, `yoygrowth`, `ltmebitda`, `ebitdamargin`, `tev`, `tevmultiple`, `totalleverage`, `totalleveragemultiple`, `totalcash`, `totaldebt`, `debtratio`, `ebitdagrowth`, `invitation`, `status`) VALUES
(1, 'ACME Corporation LLC', 1, '1820 Corporate Blvd Suite 205', 'Eastonw', 'Florida', 'US', '33126', 12000, 500, 2, 1, '305 9610066 ext 101', 'www.acmecorp.org', '', 'demo', '5000', '5500', '5550', '5555', '50', '20', '2350000.00', '', '0.00', '0', '0.00', '0', '', '0', '0.00', 0, 0, 60, 'yes', 'active'),
(2, 'ABC LLC', 1, '1890 Rd', 'Miami - Dade', 'FL', 'US', '33326', 12, 1, 4, 23, '201', '', '', 'demo2', '3000', '3300', '3350', '3355', '', '', '13.00', '', '13.00', '13', '13.00', '13', '13', '13', '13.00', 0, 0, 0, 'yes', 'active'),
(3, 'Absolute Invoice Finance', 4, NULL, NULL, NULL, NULL, NULL, NULL, NULL, NULL, NULL, NULL, NULL, NULL, 'anacap-XZYH', '0', '0', '0', '0', NULL, NULL, NULL, NULL, NULL, NULL, NULL, NULL, NULL, NULL, NULL, 0, 0, 0, NULL, 'active'),
(4, 'Aldermore Bank', 4, NULL, NULL, NULL, NULL, NULL, NULL, NULL, NULL, NULL, NULL, NULL, NULL, 'anacap-QQUN', '0', '0', '0', '0', NULL, NULL, NULL, NULL, NULL, NULL, NULL, NULL, NULL, NULL, NULL, 0, 0, 0, NULL, 'active'),
(5, 'Cabot Financial Group', 4, NULL, NULL, NULL, NULL, NULL, NULL, NULL, NULL, NULL, NULL, NULL, NULL, 'anacap-CUOM', '0', '0', '0', '0', NULL, NULL, NULL, NULL, NULL, NULL, NULL, NULL, NULL, NULL, NULL, 0, 0, 0, NULL, 'active'),
(6, 'Mediterranean Bank', 4, NULL, NULL, NULL, NULL, NULL, NULL, NULL, NULL, NULL, NULL, NULL, NULL, 'anacap-AMOO', '0', '0', '0', '0', NULL, NULL, NULL, NULL, NULL, NULL, NULL, NULL, NULL, NULL, NULL, 0, 0, 0, NULL, 'active'),
(7, 'CTJ', 5, NULL, NULL, NULL, NULL, NULL, NULL, NULL, NULL, NULL, NULL, NULL, NULL, 'auctus-YXXB', '0', '0', '0', '0', NULL, NULL, NULL, NULL, NULL, NULL, NULL, NULL, NULL, NULL, NULL, 0, 0, 0, NULL, 'active'),
(8, 'Celenus', 5, NULL, NULL, NULL, NULL, NULL, NULL, NULL, NULL, NULL, NULL, NULL, NULL, 'auctus-CCWW', '0', '0', '0', '0', NULL, NULL, NULL, NULL, NULL, NULL, NULL, NULL, NULL, NULL, NULL, 0, 0, 0, NULL, 'active'),
(9, 'Flemming Dental', 5, NULL, NULL, NULL, NULL, NULL, NULL, NULL, NULL, NULL, NULL, NULL, NULL, 'auctus-WUIS', '0', '0', '0', '0', NULL, NULL, NULL, NULL, NULL, NULL, NULL, NULL, NULL, NULL, NULL, 0, 0, 0, NULL, 'active'),
(10, 'Noventiz', 5, NULL, NULL, NULL, NULL, NULL, NULL, NULL, NULL, NULL, NULL, NULL, NULL, 'auctus-OANE', '0', '0', '0', '0', NULL, NULL, NULL, NULL, NULL, NULL, NULL, NULL, NULL, NULL, NULL, 0, 0, 0, NULL, 'active'),
(11, 'Project Tentamus', 5, NULL, NULL, NULL, NULL, NULL, NULL, NULL, NULL, NULL, NULL, NULL, NULL, 'auctus-IKGM', '0', '0', '0', '0', NULL, NULL, NULL, NULL, NULL, NULL, NULL, NULL, NULL, NULL, NULL, 0, 0, 0, NULL, 'active'),
(12, 'Sameday Logistics', 5, NULL, NULL, NULL, NULL, NULL, NULL, NULL, NULL, NULL, NULL, NULL, NULL, 'auctus-NTPZ', '0', '0', '0', '0', NULL, NULL, NULL, NULL, NULL, NULL, NULL, NULL, NULL, NULL, NULL, 0, 0, 0, NULL, 'active'),
(13, 'medaktiv', 5, NULL, NULL, NULL, NULL, NULL, NULL, NULL, NULL, NULL, NULL, NULL, NULL, 'auctus-QHYN', '0', '0', '0', '0', NULL, NULL, NULL, NULL, NULL, NULL, NULL, NULL, NULL, NULL, NULL, 0, 0, 0, NULL, 'active'),
(14, 'Cerved', 6, NULL, NULL, NULL, NULL, NULL, NULL, NULL, NULL, NULL, NULL, NULL, NULL, 'bain-XFFC', '0', '0', '0', '0', NULL, NULL, NULL, NULL, NULL, NULL, NULL, NULL, NULL, NULL, NULL, 0, 0, 0, NULL, 'active'),
(15, 'IMCD', 6, NULL, NULL, NULL, NULL, NULL, NULL, NULL, NULL, NULL, NULL, NULL, NULL, 'bain-QQTS', '0', '0', '0', '0', NULL, NULL, NULL, NULL, NULL, NULL, NULL, NULL, NULL, NULL, NULL, 0, 0, 0, NULL, 'active'),
(16, 'Ideal Standard', 6, NULL, NULL, NULL, NULL, NULL, NULL, NULL, NULL, NULL, NULL, NULL, NULL, 'bain-UWMW', '0', '0', '0', '0', NULL, NULL, NULL, NULL, NULL, NULL, NULL, NULL, NULL, NULL, NULL, 0, 0, 0, NULL, 'active'),
(17, 'Securitas Direct', 6, NULL, NULL, NULL, NULL, NULL, NULL, NULL, NULL, NULL, NULL, NULL, NULL, 'bain-VQGI', '0', '0', '0', '0', NULL, NULL, NULL, NULL, NULL, NULL, NULL, NULL, NULL, NULL, NULL, 0, 0, 0, NULL, 'active'),
(18, 'Styron', 6, NULL, NULL, NULL, NULL, NULL, NULL, NULL, NULL, NULL, NULL, NULL, NULL, 'bain-VODY', '0', '0', '0', '0', NULL, NULL, NULL, NULL, NULL, NULL, NULL, NULL, NULL, NULL, NULL, 0, 0, 0, NULL, 'active'),
(19, 'TeamSystem', 6, NULL, NULL, NULL, NULL, NULL, NULL, NULL, NULL, NULL, NULL, NULL, NULL, 'bain-TCNF', '0', '0', '0', '0', NULL, NULL, NULL, NULL, NULL, NULL, NULL, NULL, NULL, NULL, NULL, 0, 0, 0, NULL, 'active'),
(20, 'WorldPay', 6, NULL, NULL, NULL, NULL, NULL, NULL, NULL, NULL, NULL, NULL, NULL, NULL, 'bain-HKPH', '0', '0', '0', '0', NULL, NULL, NULL, NULL, NULL, NULL, NULL, NULL, NULL, NULL, NULL, 0, 0, 0, NULL, 'active'),
(21, 'Abiquo', 7, NULL, NULL, NULL, NULL, NULL, NULL, NULL, NULL, NULL, NULL, NULL, NULL, 'balderton-GWMD', '0', '0', '0', '0', NULL, NULL, NULL, NULL, NULL, NULL, NULL, NULL, NULL, NULL, NULL, 0, 0, 0, NULL, 'active'),
(22, 'Achica', 7, NULL, NULL, NULL, NULL, NULL, NULL, NULL, NULL, NULL, NULL, NULL, NULL, 'balderton-KTXC', '0', '0', '0', '0', NULL, NULL, NULL, NULL, NULL, NULL, NULL, NULL, NULL, NULL, NULL, 0, 0, 0, NULL, 'active'),
(23, 'Archivy', 7, NULL, NULL, NULL, NULL, NULL, NULL, NULL, NULL, NULL, NULL, NULL, NULL, 'balderton-GBUV', '0', '0', '0', '0', NULL, NULL, NULL, NULL, NULL, NULL, NULL, NULL, NULL, NULL, NULL, 0, 0, 0, NULL, 'active'),
(24, 'Banjo', 7, NULL, NULL, NULL, NULL, NULL, NULL, NULL, NULL, NULL, NULL, NULL, NULL, 'balderton-DILO', '0', '0', '0', '0', NULL, NULL, NULL, NULL, NULL, NULL, NULL, NULL, NULL, NULL, NULL, 0, 0, 0, NULL, 'active'),
(25, 'Between Two Ferns', 7, NULL, NULL, NULL, NULL, NULL, NULL, NULL, NULL, NULL, NULL, NULL, NULL, 'balderton-WHVK', '0', '0', '0', '0', NULL, NULL, NULL, NULL, NULL, NULL, NULL, NULL, NULL, NULL, NULL, 0, 0, 0, NULL, 'active'),
(26, 'Bling Nation', 7, NULL, NULL, NULL, NULL, NULL, NULL, NULL, NULL, NULL, NULL, NULL, NULL, 'balderton-WNUD', '0', '0', '0', '0', NULL, NULL, NULL, NULL, NULL, NULL, NULL, NULL, NULL, NULL, NULL, 0, 0, 0, NULL, 'active'),
(27, 'Company A', 7, NULL, NULL, NULL, NULL, NULL, NULL, NULL, NULL, NULL, NULL, NULL, NULL, 'balderton-OBQX', '0', '0', '0', '0', NULL, NULL, NULL, NULL, NULL, NULL, NULL, NULL, NULL, NULL, NULL, 0, 0, 0, NULL, 'active'),
(28, 'Facebook', 7, NULL, NULL, NULL, NULL, NULL, NULL, NULL, NULL, NULL, NULL, NULL, NULL, 'balderton-EPLP', '0', '0', '0', '0', NULL, NULL, NULL, NULL, NULL, NULL, NULL, NULL, NULL, NULL, NULL, 0, 0, 0, NULL, 'active'),
(29, 'Garage Italy', 7, NULL, NULL, NULL, NULL, NULL, NULL, NULL, NULL, NULL, NULL, NULL, NULL, 'balderton-WBYU', '0', '0', '0', '0', NULL, NULL, NULL, NULL, NULL, NULL, NULL, NULL, NULL, NULL, NULL, 0, 0, 0, NULL, 'active'),
(30, 'Gemvara', 7, NULL, NULL, NULL, NULL, NULL, NULL, NULL, NULL, NULL, NULL, NULL, NULL, 'balderton-XTXN', '0', '0', '0', '0', NULL, NULL, NULL, NULL, NULL, NULL, NULL, NULL, NULL, NULL, NULL, 0, 0, 0, NULL, 'active'),
(31, 'Happiness Engines', 7, NULL, NULL, NULL, NULL, NULL, NULL, NULL, NULL, NULL, NULL, NULL, NULL, 'balderton-HNSF', '0', '0', '0', '0', NULL, NULL, NULL, NULL, NULL, NULL, NULL, NULL, NULL, NULL, NULL, 0, 0, 0, NULL, 'active'),
(32, 'Homelight', 7, NULL, NULL, NULL, NULL, NULL, NULL, NULL, NULL, NULL, NULL, NULL, NULL, 'balderton-NWGK', '0', '0', '0', '0', NULL, NULL, NULL, NULL, NULL, NULL, NULL, NULL, NULL, NULL, NULL, 0, 0, 0, NULL, 'active'),
(33, 'House Trip', 7, NULL, NULL, NULL, NULL, NULL, NULL, NULL, NULL, NULL, NULL, NULL, NULL, 'balderton-TZYQ', '0', '0', '0', '0', NULL, NULL, NULL, NULL, NULL, NULL, NULL, NULL, NULL, NULL, NULL, 0, 0, 0, NULL, 'active'),
(34, 'InterResolve', 7, NULL, NULL, NULL, NULL, NULL, NULL, NULL, NULL, NULL, NULL, NULL, NULL, 'balderton-GXNY', '0', '0', '0', '0', NULL, NULL, NULL, NULL, NULL, NULL, NULL, NULL, NULL, NULL, NULL, 0, 0, 0, NULL, 'active'),
(35, 'Justyle', 7, NULL, NULL, NULL, NULL, NULL, NULL, NULL, NULL, NULL, NULL, NULL, NULL, 'balderton-WIYX', '0', '0', '0', '0', NULL, NULL, NULL, NULL, NULL, NULL, NULL, NULL, NULL, NULL, NULL, 0, 0, 0, NULL, 'active'),
(36, 'Kobalt Music Group', 7, NULL, NULL, NULL, NULL, NULL, NULL, NULL, NULL, NULL, NULL, NULL, NULL, 'balderton-QIGE', '0', '0', '0', '0', NULL, NULL, NULL, NULL, NULL, NULL, NULL, NULL, NULL, NULL, NULL, 0, 0, 0, NULL, 'active'),
(37, 'KupiVIP', 7, NULL, NULL, NULL, NULL, NULL, NULL, NULL, NULL, NULL, NULL, NULL, NULL, 'balderton-NHAD', '0', '0', '0', '0', NULL, NULL, NULL, NULL, NULL, NULL, NULL, NULL, NULL, NULL, NULL, 0, 0, 0, NULL, 'active'),
(38, 'MOG', 7, NULL, NULL, NULL, NULL, NULL, NULL, NULL, NULL, NULL, NULL, NULL, NULL, 'balderton-OYBJ', '0', '0', '0', '0', NULL, NULL, NULL, NULL, NULL, NULL, NULL, NULL, NULL, NULL, NULL, 0, 0, 0, NULL, 'active'),
(39, 'MedicAnimal', 7, NULL, NULL, NULL, NULL, NULL, NULL, NULL, NULL, NULL, NULL, NULL, NULL, 'balderton-FLSF', '0', '0', '0', '0', NULL, NULL, NULL, NULL, NULL, NULL, NULL, NULL, NULL, NULL, NULL, 0, 0, 0, NULL, 'active'),
(40, 'Meemi', 7, NULL, NULL, NULL, NULL, NULL, NULL, NULL, NULL, NULL, NULL, NULL, NULL, 'balderton-NUXO', '0', '0', '0', '0', NULL, NULL, NULL, NULL, NULL, NULL, NULL, NULL, NULL, NULL, NULL, 0, 0, 0, NULL, 'active'),
(41, 'Memrise', 7, NULL, NULL, NULL, NULL, NULL, NULL, NULL, NULL, NULL, NULL, NULL, NULL, 'balderton-ESZB', '0', '0', '0', '0', NULL, NULL, NULL, NULL, NULL, NULL, NULL, NULL, NULL, NULL, NULL, 0, 0, 0, NULL, 'active'),
(42, 'Mixtent', 7, NULL, NULL, NULL, NULL, NULL, NULL, NULL, NULL, NULL, NULL, NULL, NULL, 'balderton-UQNC', '0', '0', '0', '0', NULL, NULL, NULL, NULL, NULL, NULL, NULL, NULL, NULL, NULL, NULL, 0, 0, 0, NULL, 'active'),
(43, 'Openet Telecom', 7, NULL, NULL, NULL, NULL, NULL, NULL, NULL, NULL, NULL, NULL, NULL, NULL, 'balderton-PCRY', '0', '0', '0', '0', NULL, NULL, NULL, NULL, NULL, NULL, NULL, NULL, NULL, NULL, NULL, 0, 0, 0, NULL, 'active'),
(44, 'Pantheon', 7, NULL, NULL, NULL, NULL, NULL, NULL, NULL, NULL, NULL, NULL, NULL, NULL, 'balderton-AQOO', '0', '0', '0', '0', NULL, NULL, NULL, NULL, NULL, NULL, NULL, NULL, NULL, NULL, NULL, 0, 0, 0, NULL, 'active'),
(45, 'Psykosoft', 7, NULL, NULL, NULL, NULL, NULL, NULL, NULL, NULL, NULL, NULL, NULL, NULL, 'balderton-GVII', '0', '0', '0', '0', NULL, NULL, NULL, NULL, NULL, NULL, NULL, NULL, NULL, NULL, NULL, 0, 0, 0, NULL, 'active'),
(46, 'Recorded Futures', 7, NULL, NULL, NULL, NULL, NULL, NULL, NULL, NULL, NULL, NULL, NULL, NULL, 'balderton-UOWP', '0', '0', '0', '0', NULL, NULL, NULL, NULL, NULL, NULL, NULL, NULL, NULL, NULL, NULL, 0, 0, 0, NULL, 'active'),
(47, 'SCVNGR', 7, NULL, NULL, NULL, NULL, NULL, NULL, NULL, NULL, NULL, NULL, NULL, NULL, 'balderton-SZRY', '0', '0', '0', '0', NULL, NULL, NULL, NULL, NULL, NULL, NULL, NULL, NULL, NULL, NULL, 0, 0, 0, NULL, 'active'),
(48, 'Saatchi Online', 7, NULL, NULL, NULL, NULL, NULL, NULL, NULL, NULL, NULL, NULL, NULL, NULL, 'balderton-OUTT', '0', '0', '0', '0', NULL, NULL, NULL, NULL, NULL, NULL, NULL, NULL, NULL, NULL, NULL, 0, 0, 0, NULL, 'active'),
(49, 'Scan', 7, NULL, NULL, NULL, NULL, NULL, NULL, NULL, NULL, NULL, NULL, NULL, NULL, 'balderton-ENWF', '0', '0', '0', '0', NULL, NULL, NULL, NULL, NULL, NULL, NULL, NULL, NULL, NULL, NULL, 0, 0, 0, NULL, 'active'),
(50, 'Scytl', 7, NULL, NULL, NULL, NULL, NULL, NULL, NULL, NULL, NULL, NULL, NULL, NULL, 'balderton-MVIH', '0', '0', '0', '0', NULL, NULL, NULL, NULL, NULL, NULL, NULL, NULL, NULL, NULL, NULL, 0, 0, 0, NULL, 'active'),
(51, 'SocialWire', 7, NULL, NULL, NULL, NULL, NULL, NULL, NULL, NULL, NULL, NULL, NULL, NULL, 'balderton-WPDG', '0', '0', '0', '0', NULL, NULL, NULL, NULL, NULL, NULL, NULL, NULL, NULL, NULL, NULL, 0, 0, 0, NULL, 'active'),
(52, 'Socowave', 7, NULL, NULL, NULL, NULL, NULL, NULL, NULL, NULL, NULL, NULL, NULL, NULL, 'balderton-SDRW', '0', '0', '0', '0', NULL, NULL, NULL, NULL, NULL, NULL, NULL, NULL, NULL, NULL, NULL, 0, 0, 0, NULL, 'active'),
(53, 'Talend', 7, NULL, NULL, NULL, NULL, NULL, NULL, NULL, NULL, NULL, NULL, NULL, NULL, 'balderton-BNFJ', '0', '0', '0', '0', NULL, NULL, NULL, NULL, NULL, NULL, NULL, NULL, NULL, NULL, NULL, 0, 0, 0, NULL, 'active'),
(54, 'The Hut Group', 7, NULL, NULL, NULL, NULL, NULL, NULL, NULL, NULL, NULL, NULL, NULL, NULL, 'balderton-AGKG', '0', '0', '0', '0', NULL, NULL, NULL, NULL, NULL, NULL, NULL, NULL, NULL, NULL, NULL, 0, 0, 0, NULL, 'active'),
(55, 'Tictail AB', 7, NULL, NULL, NULL, NULL, NULL, NULL, NULL, NULL, NULL, NULL, NULL, NULL, 'balderton-XSEM', '0', '0', '0', '0', NULL, NULL, NULL, NULL, NULL, NULL, NULL, NULL, NULL, NULL, NULL, 0, 0, 0, NULL, 'active'),
(56, 'Vestiaire de Copines', 7, NULL, NULL, NULL, NULL, NULL, NULL, NULL, NULL, NULL, NULL, NULL, NULL, 'balderton-GFHC', '0', '0', '0', '0', NULL, NULL, NULL, NULL, NULL, NULL, NULL, NULL, NULL, NULL, NULL, 0, 0, 0, NULL, 'active'),
(57, 'Webdoc', 7, NULL, NULL, NULL, NULL, NULL, NULL, NULL, NULL, NULL, NULL, NULL, NULL, 'balderton-BEWV', '0', '0', '0', '0', NULL, NULL, NULL, NULL, NULL, NULL, NULL, NULL, NULL, NULL, NULL, 0, 0, 0, NULL, 'active'),
(58, 'Wooga', 7, NULL, NULL, NULL, NULL, NULL, NULL, NULL, NULL, NULL, NULL, NULL, NULL, 'balderton-TTYE', '0', '0', '0', '0', NULL, NULL, NULL, NULL, NULL, NULL, NULL, NULL, NULL, NULL, NULL, 0, 0, 0, NULL, 'active'),
(59, 'WorldStores', 7, NULL, NULL, NULL, NULL, NULL, NULL, NULL, NULL, NULL, NULL, NULL, NULL, 'balderton-JGGC', '0', '0', '0', '0', NULL, NULL, NULL, NULL, NULL, NULL, NULL, NULL, NULL, NULL, NULL, 0, 0, 0, NULL, 'active'),
(60, 'ccLoop', 7, NULL, NULL, NULL, NULL, NULL, NULL, NULL, NULL, NULL, NULL, NULL, NULL, 'balderton-PREW', '0', '0', '0', '0', NULL, NULL, NULL, NULL, NULL, NULL, NULL, NULL, NULL, NULL, NULL, 0, 0, 0, NULL, 'active'),
(61, 'eWise Systems', 7, NULL, NULL, NULL, NULL, NULL, NULL, NULL, NULL, NULL, NULL, NULL, NULL, 'balderton-SAJL', '0', '0', '0', '0', NULL, NULL, NULL, NULL, NULL, NULL, NULL, NULL, NULL, NULL, NULL, 0, 0, 0, NULL, 'active'),
(62, 'CARE fertility', 8, '6 Lawrence Drive', 'Nottingham', NULL, 'GB', 'NG8 6PZ', 93, 105, 4, NULL, '0115 8528100', 'carefertility.com', NULL, 'bowmark-GKJZ', '4000', '4500', '4530', '4533', '61', '39', '£21m', NULL, NULL, NULL, NULL, NULL, NULL, NULL, NULL, 0, 0, 0, 'yes', 'active'),
(63, 'CSL DualCom Ltd', 8, 'Park Lane', 'Harefield', 'Middlesex', 'GB', 'UB9 6NZ', 50, 4, 0, 0, '01895 474474', 'www.csldual.com', NULL, 'bowmark-OCFR', '6000', '6500', '6570', '6575', NULL, NULL, NULL, NULL, NULL, NULL, NULL, NULL, NULL, NULL, NULL, 0, 0, 0, 'yes', 'active'),
(64, 'Glenside Care Group Limited', 8, 'Warminster Road, South Newton', 'Salisbury', 'Wiltshire', 'GB', 'SP2 0QD', 151, 194, 0, 20, '01722 742066', 'www.glensidecare.com', NULL, 'bowmark-DDEI', '4000', '4500', '4530', '4533', '85', '15', '£11.8m', '0', '1.2', '8.5%', '25', '10', '£10m', '5.3', '£1m', 0, 0, 0, 'yes', 'active'),
(65, 'Healthcare Homes Holdings', 8, 'Lodge House, Lodge Lane, Langham,', 'Colchester', 'Essex', 'GB', 'CO4 5NE', NULL, NULL, NULL, NULL, '01206233190', 'www.healthcarehomes.co.uk', NULL, 'bowmark-FPOJ', '4000', '4500', '4530', '4533', NULL, NULL, NULL, NULL, NULL, NULL, NULL, NULL, NULL, NULL, NULL, 0, 0, 0, 'yes', 'active'),
(66, 'Leaders Lettings', 8, 'Becket House, 6 Littlehampton Road', 'Worthing', 'West Sussex', 'GB', 'BN13 1QE', 500, 150, 8, 0, NULL, 'www.leaders.co.uk', NULL, 'bowmark-HBRK', '5000', '5300', '5370', '5377', NULL, NULL, NULL, NULL, NULL, NULL, NULL, NULL, NULL, NULL, NULL, 0, 0, 0, 'yes', 'active'),
(67, 'Rauscher & Stoecklin AG', 9, 'Reuslistrasse 32', 'Sissach', 'BL', 'CH', '4450', 79, 9, 0, 1, '+41 61 976 34 66', 'www.raustoc.ch', NULL, 'cgs-KALU', '2000', '2700', '2730', '2733', '100', '0', '36000 TCHF', NULL, NULL, NULL, NULL, NULL, NULL, NULL, NULL, 0, 0, 0, 'yes', 'active'),
(68, 'Axent Verzekeringen', 10, NULL, NULL, NULL, NULL, NULL, NULL, NULL, NULL, NULL, NULL, NULL, NULL, 'egeria-IWLH', '0', '0', '0', '0', NULL, NULL, NULL, NULL, NULL, NULL, NULL, NULL, NULL, NULL, NULL, 0, 0, 0, NULL, 'active'),
(69, 'CleanLeaseFortex', 10, NULL, NULL, NULL, NULL, NULL, NULL, NULL, NULL, NULL, NULL, NULL, NULL, 'egeria-UHEJ', '0', '0', '0', '0', NULL, NULL, NULL, NULL, NULL, NULL, NULL, NULL, NULL, NULL, NULL, 0, 0, 0, NULL, 'active'),
(70, 'Den Braven', 10, NULL, NULL, NULL, NULL, NULL, NULL, NULL, NULL, NULL, NULL, NULL, NULL, 'egeria-FWIL', '0', '0', '0', '0', NULL, NULL, NULL, NULL, NULL, NULL, NULL, NULL, NULL, NULL, NULL, 0, 0, 0, NULL, 'active'),
(71, 'NRC Media', 10, NULL, NULL, NULL, NULL, NULL, NULL, NULL, NULL, NULL, NULL, NULL, NULL, 'egeria-FVBB', '0', '0', '0', '0', NULL, NULL, NULL, NULL, NULL, NULL, NULL, NULL, NULL, NULL, NULL, 0, 0, 0, NULL, 'active'),
(72, 'UDB', 10, NULL, NULL, NULL, NULL, NULL, NULL, NULL, NULL, NULL, NULL, NULL, NULL, 'egeria-LBCE', '0', '0', '0', '0', NULL, NULL, NULL, NULL, NULL, NULL, NULL, NULL, NULL, NULL, NULL, 0, 0, 0, NULL, 'active'),
(73, 'Acenta', 11, 'Planetary Road', 'birmingham', 'west midlands', 'GB', 'wv13 3sw', 350, NULL, 1, NULL, '+441902308600', 'www.acentasteel.com', NULL, 'endless-VVPW', '2000', '2700', '2750', '2757', '55', '45', '£85m', NULL, '£8m', '9%', NULL, NULL, NULL, NULL, NULL, 0, 0, 0, 'yes', 'active'),
(76, 'Chaucer Foods Limited', 11, 'Brighton Street Industrial Estate, Freightliner Road', 'Hull', NULL, 'GB', 'HU3 4UN', 449, NULL, 4, NULL, '+44 1482 588088', 'www.chaucerfoods.com', NULL, 'endless-YNZV', '3000', '3500', '3570', '3577', NULL, NULL, NULL, NULL, NULL, NULL, NULL, NULL, NULL, NULL, NULL, 0, 0, 0, 'yes', 'active'),
(79, 'JFT Wholesale', 11, 'Walker Ind Est, Ollerton RD', 'Newark', 'Notts', 'GB', 'NG22 0PQ', 350, 250, 0, 0, '01777874430', 'www.jtfmegadiscountwarehouse.co.uk', NULL, 'endless-EXOE', '3000', '3700', '3760', '3767', NULL, NULL, '60000000', '5', '43000000', NULL, NULL, NULL, NULL, NULL, NULL, 0, 0, 0, 'yes', 'active'),
(80, 'Liberata UK Limited', 11, '4th Floor, Weston House, 246 High Holborn', 'London', NULL, 'GB', 'WC1V 7EX', 1225, 447, 25, 35, '020 7378 3700', 'www.Liberata.com', NULL, 'endless-RNSW', '2000', '2700', '2790', '2791', '100', NULL, '91 million', NULL, NULL, NULL, NULL, NULL, NULL, NULL, NULL, 0, 0, 0, 'yes', 'active'),
(82, 'St Neots Packaging Ltd', 11, '7 Howard Road', 'St Neots', 'Cambs', 'GB', 'PE19 8ET', 205, 5, 3, 0, '01480 476 161', 'www.fastfoodpackaging.com', NULL, 'endless-ZCHQ', '2000', '2700', '2720', '2723', '42%', '25%', '33,515k', '6%', NULL, '7.1%', NULL, NULL, NULL, NULL, NULL, 0, 0, 0, 'yes', 'active'),
(84, 'The Works', 11, NULL, NULL, NULL, '', NULL, NULL, NULL, NULL, NULL, NULL, NULL, NULL, 'endless-SUIE', '5000', '5300', '5370', '5373', NULL, NULL, NULL, NULL, NULL, NULL, NULL, NULL, NULL, NULL, NULL, 0, 0, 0, 'yes', 'active'),
(85, 'Trutex Limited', 11, 'Taylor Street', 'Clitheroe', 'Lancashire', 'GB', 'BB7 1NL', 99, 8, 3, 0, '01200421200', 'www.trutex.com', NULL, 'endless-KGZR', '3000', '3700', '3760', '3763', '100', '25', '21,300,000', '9.2%', '1,600,000', '7.5%', NULL, NULL, NULL, NULL, NULL, 0, 0, 0, 'yes', 'active'),
(86, 'Vasanta Group', 11, 'K House, Sheffield Business Park, Europa Link', 'Sheffield', NULL, 'GB', 'S9 1XU', 1040, 50, 7, 170, '0114 256 6147', 'www.vasantagroup.com', NULL, 'endless-HTEJ', '3000', '3700', '3720', '3724', '70', '12.5', '£390m', '1', '£5m', '1.5%', '£27m', '5.4', '£72m', '14.4', '£1m', 0, 0, 0, 'yes', 'active'),
(88, 'BPI', 12, '37, rue du Rocher', 'Paris', NULL, 'FR', 'F-75008', 385, 114, 0, 10, '+33155357000', 'www.groupe-bpi.com', NULL, 'france-TAIV', '8000', '8700', '8770', '8771', NULL, NULL, NULL, NULL, NULL, NULL, NULL, NULL, NULL, NULL, NULL, 0, 0, 0, 'yes', 'active'),
(89, 'Dalloyau Holding', 12, '99-101 rue du Faubourg Saint Honoré', 'Paris', NULL, 'FR', '75008', 420, NULL, 2, 100, '01 42 99 90 00', 'www.dalloyau.fr', NULL, 'france-ILRY', '3000', '3500', '3570', '3577', '100%', '0%', '33642K€', NULL, NULL, NULL, NULL, NULL, NULL, NULL, NULL, 0, 0, 0, 'yes', 'active'),
(90, 'Financière Shark', 12, 'Ave de l''opéra', 'Paris', NULL, 'FR', '75001', 600, NULL, 600, NULL, NULL, NULL, NULL, 'france-OIQB', '3000', '3700', '3740', '3745', NULL, NULL, NULL, NULL, NULL, NULL, NULL, NULL, NULL, NULL, NULL, 0, 0, 0, 'yes', 'active'),
(91, 'Mariteam Finances', 12, '31, avenue de l''Opéra', 'PARIS', NULL, 'FR', '75001', 220, NULL, 5, NULL, '0637093350', 'www.mariteam.fr', NULL, 'france-YABA', '3000', '3500', '3570', '3573', NULL, NULL, NULL, NULL, NULL, NULL, NULL, NULL, NULL, NULL, NULL, 0, 0, 0, 'yes', 'active'),
(92, 'Supra Holding', 12, '28 rue du Général Leclerc', 'OBERNAI', NULL, 'FR', '67210', 230, 4, 0, 1, '03 88 95 12 00', 'www.suprasa.fr', NULL, 'france-XAFP', '2000', '2700', '2720', '2727', NULL, NULL, NULL, NULL, NULL, NULL, NULL, NULL, NULL, NULL, NULL, 0, 0, 0, 'yes', 'active'),
(93, 'GROUPE BEHM INTERNATIONAL', 12, '3 avenue de Rochemaure', 'Montélimar', 'Drome', 'FR', '26200', 345, NULL, 0, 20, '0475007837', 'www.behm.fr/', NULL, 'france-WXQO', '2000', '2700', '2770', '2779', '77%', '10%', NULL, NULL, NULL, NULL, NULL, NULL, NULL, NULL, NULL, 0, 0, 0, 'yes', 'active'),
(94, 'Lynx Holding', 13, NULL, NULL, NULL, 'DE', NULL, NULL, NULL, NULL, NULL, NULL, NULL, NULL, 'gsquare-MBTN', '4000', '4500', '4530', '4533', NULL, NULL, NULL, NULL, NULL, NULL, NULL, NULL, NULL, NULL, NULL, 0, 0, 0, 'yes', 'active'),
(95, 'Mikeva', 13, 'Teknobulevardi 3-5', 'Vantaa', 'N/A', 'FI', '01530', 650, 250, 2, 0, '+358407597084', 'www.mikeva.fi', NULL, 'gsquare-RFKI', '4000', '4500', '4530', '4533', '99%', '1%', '50,3', '12,0%', '3,5', '7%', 'N/A', 'N/A', '11,8', '3,2', '1,8', 0, 0, 0, 'yes', 'active'),
(96, 'SARquavitae', 13, 'Aribau 185, Entr', 'Barcelona', 'Barcelona', 'ES', '08021', NULL, NULL, NULL, NULL, '933065360', 'www.sarquavitae.es', NULL, 'gsquare-RVTR', '4000', '4500', '4530', '4533', NULL, NULL, NULL, NULL, NULL, NULL, NULL, NULL, NULL, NULL, NULL, 0, 0, 0, 'yes', 'active'),
(97, 'Zahnarztzentrum', 13, NULL, NULL, NULL, 'CH', NULL, NULL, NULL, NULL, NULL, NULL, NULL, NULL, 'gsquare-ADUL', '4000', '4500', '4530', '4533', NULL, NULL, NULL, NULL, NULL, NULL, NULL, NULL, NULL, NULL, NULL, 0, 0, 0, NULL, 'active'),
(98, 'Airborne International', 14, 'Laan van Ypenburg 70', 'Den Haag', NULL, 'NL', '2497GB', 170, NULL, 5, 15, '0031703017400', 'www.airborneinternational.nl', NULL, 'hpepro-TRYL', '0001', '0500', '0', '0', '100', '53', '19500000', '35', 'var', 'var', 'NA', 'NA', '9300000', '1.25', '2000000', 0, 0, 0, '', 'active'),
(99, 'Cotesa GmbH', 14, 'Bahnhofstrasse 67', 'Mittweida', 'Saxony', 'DE', '09648', 324, 0, 3, 25, '0372799850', 'www.cotesa.de', NULL, 'hpepro-DUEU', '2000', '2700', '2710', '2713', NULL, '48', '22000000', '50', NULL, NULL, NULL, NULL, NULL, NULL, NULL, 0, 0, 0, '', 'active'),
(100, 'Hess AG', 14, 'Lantwattenstr. 22', 'Villingen-Schwenningen', 'Baden-Württemberg', 'DE', '78050', 297, 33, NULL, 21, '07721 - 920 - 0', 'www.hess.eu', NULL, 'hpepro-WPGZ', '2000', '2300', '2350', '2353', '0', '0', '68.1 Mio.', '22.3 %', '8.1 Mio.', '11.9 %', '78 Mio. €', NULL, '38.6 Mio.€', NULL, '6.5 Mio. €', 0, 0, 0, '', 'active'),
(101, 'SFC Energy', 14, 'Eugen-Saenger-Ring 7', 'Brunnthal', 'Bayern', 'DE', '85649', 160, 27, 0, 17, '089-673592378', 'www.sfc.com', NULL, 'hpepro-JFDP', '9000', '9500', '9570', '9572', '100%', '1,42%', '21,2m EUR', '100%', '-0,1m EUR', '-0,5%', '47m EUR', 'n.a.', 'none', 'n.a.', '19,7m EUR', 0, 0, 0, 'yes', 'active'),
(102, 'Synova SA', 14, 'Chemin de la Dent d''Oce', 'Ecublens', NULL, 'CH', '1024', 32, 3, 1, 0, '+41 21 694 35 00', 'www.synva.ch', NULL, 'hpepro-FEVE', '2000', '2700', '2750', '2757', NULL, NULL, NULL, NULL, NULL, NULL, NULL, NULL, NULL, NULL, NULL, 0, 0, 0, '', 'active'),
(103, 'Grupo Inaer', 15, NULL, NULL, NULL, NULL, NULL, NULL, NULL, NULL, NULL, NULL, NULL, NULL, 'investindustrial-UDQV', '0', '0', '0', '0', NULL, NULL, NULL, NULL, NULL, NULL, NULL, NULL, NULL, NULL, NULL, 0, 0, 0, 'yes', 'active'),
(104, 'Polynt', 15, 'Via Enrico Fermi 51', 'Scanzorosciate (BG)', 'Italy', 'IT', '20010', 1180, 25, 4, 20, '+39035652230', 'polynt.com', NULL, 'investindustrial-GXGE', '1000', '1300', '1350', '1357', NULL, NULL, NULL, NULL, NULL, NULL, NULL, NULL, NULL, NULL, NULL, 0, 0, 0, 'yes', 'active'),
(105, 'Alain Mikli', 16, NULL, NULL, NULL, NULL, NULL, NULL, NULL, NULL, NULL, NULL, NULL, NULL, 'neo-DDDN', '0', '0', '0', '0', NULL, NULL, NULL, NULL, NULL, NULL, NULL, NULL, NULL, NULL, NULL, 0, 0, 0, NULL, 'active'),
(106, 'Julie K', 16, NULL, NULL, NULL, NULL, NULL, NULL, NULL, NULL, NULL, NULL, NULL, NULL, 'neo-ZWMD', '0', '0', '0', '0', NULL, NULL, NULL, NULL, NULL, NULL, NULL, NULL, NULL, NULL, NULL, 0, 0, 0, NULL, 'active'),
(107, 'Obiká Mozzarella Bar', 16, NULL, NULL, NULL, NULL, NULL, NULL, NULL, NULL, NULL, NULL, NULL, NULL, 'neo-ETZI', '0', '0', '0', '0', NULL, NULL, NULL, NULL, NULL, NULL, NULL, NULL, NULL, NULL, NULL, 0, 0, 0, NULL, 'active'),
(108, 'Däckia', 0, NULL, NULL, NULL, NULL, NULL, NULL, NULL, NULL, NULL, NULL, NULL, NULL, 'procuritas-YGCT', '0', '0', '0', '0', NULL, NULL, NULL, NULL, NULL, NULL, NULL, NULL, NULL, NULL, NULL, 0, 0, 0, NULL, 'active'),
(109, 'Farma Holding', 17, NULL, NULL, NULL, NULL, NULL, NULL, NULL, NULL, NULL, NULL, NULL, NULL, 'procuritas-DDPU', '0', '0', '0', '0', NULL, NULL, NULL, NULL, NULL, NULL, NULL, NULL, NULL, NULL, NULL, 0, 0, 0, 'yes', 'active'),
(110, 'Gram Equipment A/S', 17, 'Aage Grams Vej 1', 'Vojens', NULL, 'DK', '6500', 140, 10, 3, 5, '+4573201700', 'www.gram-equipment.com', NULL, 'procuritas-QWMP', '2000', '2700', '2750', '2757', '95', '5', 'EUR 46m', '10', 'EUR 4,5m', '9.7%', NULL, NULL, NULL, NULL, NULL, 0, 0, 0, 'yes', 'active'),
(111, 'King Oscar', 17, 'Postbox 987', 'Bergen', NULL, 'NO', 'N-5808', 585, 5, 9, 195, '+ 47 55967000', 'www.kingoscar.com', NULL, 'procuritas-QAZZ', '3000', '3500', '3570', '3577', '80,4%', '10,7%', '417,7 MNOK', '7,4%', '57,2 MNOK', '13,7%', NULL, NULL, NULL, NULL, NULL, 0, 0, 0, 'yes', 'deleted'),
(112, 'Team Olivia AB', 17, 'Vendevägen 85A', 'Danderyd', NULL, 'SE', '182 91', 3666, NULL, NULL, NULL, '+46851420150', 'www.teamolivia.se', NULL, 'procuritas-JWBJ', '4000', '4500', '4530', '4533', '58,29', '26,58', NULL, '23%', NULL, NULL, 'na', 'na', NULL, NULL, NULL, 0, 0, 0, 'yes', 'active'),
(113, 'Oral Care', 17, NULL, NULL, NULL, NULL, NULL, NULL, NULL, NULL, NULL, NULL, NULL, NULL, 'procuritas-YSSU', '0', '0', '0', '0', NULL, NULL, NULL, NULL, NULL, NULL, NULL, NULL, NULL, NULL, NULL, 0, 0, 0, 'yes', 'active'),
(114, 'Perimeter Protection Group', 17, 'Askims Verkstadsväg 4, Box 9065', 'Göteborg', NULL, 'SE', '400 92 ', NULL, NULL, 0, NULL, '+46102094800', 'http://www.perimeterprotection.net', NULL, 'procuritas-RRUR', '2000', '2300', '2350', '2353', NULL, NULL, NULL, NULL, NULL, NULL, NULL, NULL, NULL, NULL, NULL, 0, 0, 0, 'yes', 'active'),
(115, 'Sonans Holding', 17, 'PoBox 943', 'Trondheim', NULL, 'NO', '7409', NULL, NULL, NULL, NULL, '004773884020', 'http://www.sonans.no', NULL, 'procuritas-ROPC', '9000', '0', '0', '0', NULL, NULL, NULL, NULL, NULL, NULL, NULL, NULL, NULL, NULL, NULL, 0, 0, 0, 'yes', 'active'),
(116, 'Waterjet (Conrep)', 17, NULL, NULL, NULL, NULL, NULL, NULL, NULL, NULL, NULL, NULL, NULL, NULL, 'procuritas-XTFW', '0', '0', '0', '0', NULL, NULL, NULL, NULL, NULL, NULL, NULL, NULL, NULL, NULL, NULL, 0, 0, 0, 'yes', 'active'),
(117, 'Axitea', 18, NULL, NULL, NULL, NULL, NULL, NULL, NULL, NULL, NULL, NULL, NULL, NULL, 'stirling-RRQP', '0', '0', '0', '0', NULL, NULL, NULL, NULL, NULL, NULL, NULL, NULL, NULL, NULL, NULL, 0, 0, 0, NULL, 'active'),
(118, 'Environmental Solutions Europe', 18, NULL, NULL, NULL, NULL, NULL, NULL, NULL, NULL, NULL, NULL, NULL, NULL, 'stirling-SZUM', '0', '0', '0', '0', NULL, NULL, NULL, NULL, NULL, NULL, NULL, NULL, NULL, NULL, NULL, 0, 0, 0, NULL, 'active'),
(119, 'Jeckerson', 18, NULL, NULL, NULL, NULL, NULL, NULL, NULL, NULL, NULL, NULL, NULL, NULL, 'stirling-CHBA', '0', '0', '0', '0', NULL, NULL, NULL, NULL, NULL, NULL, NULL, NULL, NULL, NULL, NULL, 0, 0, 0, NULL, 'active'),
(120, 'Microtecnica', 18, NULL, NULL, NULL, NULL, NULL, NULL, NULL, NULL, NULL, NULL, NULL, NULL, 'stirling-MPKE', '0', '0', '0', '0', NULL, NULL, NULL, NULL, NULL, NULL, NULL, NULL, NULL, NULL, NULL, 0, 0, 0, NULL, 'active'),
(121, 'OHI', 18, NULL, NULL, NULL, NULL, NULL, NULL, NULL, NULL, NULL, NULL, NULL, NULL, 'stirling-VIGQ', '0', '0', '0', '0', NULL, NULL, NULL, NULL, NULL, NULL, NULL, NULL, NULL, NULL, NULL, 0, 0, 0, NULL, 'active'),
(122, 'SAR', 18, NULL, NULL, NULL, NULL, NULL, NULL, NULL, NULL, NULL, NULL, NULL, NULL, 'stirling-FZHG', '0', '0', '0', '0', NULL, NULL, NULL, NULL, NULL, NULL, NULL, NULL, NULL, NULL, NULL, 0, 0, 0, NULL, 'active'),
(123, 'AVAST Software', 19, NULL, NULL, NULL, NULL, NULL, NULL, NULL, NULL, NULL, NULL, NULL, NULL, 'summit-JEAQ', '0', '0', '0', '0', NULL, NULL, NULL, NULL, NULL, NULL, NULL, NULL, NULL, NULL, NULL, 0, 0, 0, NULL, 'active'),
(124, 'Acturis', 19, NULL, NULL, NULL, NULL, NULL, NULL, NULL, NULL, NULL, NULL, NULL, NULL, 'summit-DTQM', '0', '0', '0', '0', NULL, NULL, NULL, NULL, NULL, NULL, NULL, NULL, NULL, NULL, NULL, 0, 0, 0, NULL, 'active'),
(125, 'Bigpoint', 19, NULL, NULL, NULL, NULL, NULL, NULL, NULL, NULL, NULL, NULL, NULL, NULL, 'summit-BFGA', '0', '0', '0', '0', NULL, NULL, NULL, NULL, NULL, NULL, NULL, NULL, NULL, NULL, NULL, 0, 0, 0, NULL, 'active'),
(126, 'Ogone', 19, NULL, NULL, NULL, NULL, NULL, NULL, NULL, NULL, NULL, NULL, NULL, NULL, 'summit-XEPV', '0', '0', '0', '0', NULL, NULL, NULL, NULL, NULL, NULL, NULL, NULL, NULL, NULL, NULL, 0, 0, 0, NULL, 'active'),
(127, 'A-film', 20, NULL, NULL, NULL, NULL, NULL, NULL, NULL, NULL, NULL, NULL, NULL, NULL, 'vep-QTKJ', '0', '0', '0', '0', NULL, NULL, NULL, NULL, NULL, NULL, NULL, NULL, NULL, NULL, NULL, 0, 0, 0, NULL, 'active'),
(128, 'ACS', 20, NULL, NULL, NULL, NULL, NULL, NULL, NULL, NULL, NULL, NULL, NULL, NULL, 'vep-PJRA', '0', '0', '0', '0', NULL, NULL, NULL, NULL, NULL, NULL, NULL, NULL, NULL, NULL, NULL, 0, 0, 0, NULL, 'active'),
(129, 'Euro Demolition', 20, NULL, NULL, NULL, NULL, NULL, NULL, NULL, NULL, NULL, NULL, NULL, NULL, 'vep-OPDY', '0', '0', '0', '0', NULL, NULL, NULL, NULL, NULL, NULL, NULL, NULL, NULL, NULL, NULL, 0, 0, 0, NULL, 'active'),
(130, 'Noordhoek', 20, NULL, NULL, NULL, NULL, NULL, NULL, NULL, NULL, NULL, NULL, NULL, NULL, 'vep-OPLK', '0', '0', '0', '0', NULL, NULL, NULL, NULL, NULL, NULL, NULL, NULL, NULL, NULL, NULL, 0, 0, 0, NULL, 'active'),
(131, 'Sovitec', 20, NULL, NULL, NULL, NULL, NULL, NULL, NULL, NULL, NULL, NULL, NULL, NULL, 'vep-YAGQ', '0', '0', '0', '0', NULL, NULL, NULL, NULL, NULL, NULL, NULL, NULL, NULL, NULL, NULL, 0, 0, 0, NULL, 'active'),
(132, 'Verkley', 20, NULL, NULL, NULL, NULL, NULL, NULL, NULL, NULL, NULL, NULL, NULL, NULL, 'vep-NEZO', '0', '0', '0', '0', NULL, NULL, NULL, NULL, NULL, NULL, NULL, NULL, NULL, NULL, NULL, 0, 0, 0, NULL, 'active'),
(133, 'Domilens', 21, NULL, NULL, NULL, NULL, NULL, NULL, NULL, NULL, NULL, NULL, NULL, NULL, 'BPE-VBIU', '0', '0', '0', '0', NULL, NULL, NULL, NULL, NULL, NULL, NULL, NULL, NULL, NULL, NULL, 0, 0, 0, NULL, 'active'),
(134, 'ERICHSEN', 21, NULL, NULL, NULL, NULL, NULL, NULL, NULL, NULL, NULL, NULL, NULL, NULL, 'BPE-MHXH', '0', '0', '0', '0', NULL, NULL, NULL, NULL, NULL, NULL, NULL, NULL, NULL, NULL, NULL, 0, 0, 0, NULL, 'active'),
(135, 'GHM Messtechnik', 21, NULL, NULL, NULL, NULL, NULL, NULL, NULL, NULL, NULL, NULL, NULL, NULL, 'BPE-ZDSI', '0', '0', '0', '0', NULL, NULL, NULL, NULL, NULL, NULL, NULL, NULL, NULL, NULL, NULL, 0, 0, 0, NULL, 'active'),
(136, 'Karl Kemper', 21, NULL, NULL, NULL, NULL, NULL, NULL, NULL, NULL, NULL, NULL, NULL, NULL, 'BPE-EPFP', '0', '0', '0', '0', NULL, NULL, NULL, NULL, NULL, NULL, NULL, NULL, NULL, NULL, NULL, 0, 0, 0, NULL, 'active'),
(137, 'StrikoWestofen', 21, NULL, NULL, NULL, NULL, NULL, NULL, NULL, NULL, NULL, NULL, NULL, NULL, 'BPE-GLTM', '0', '0', '0', '0', NULL, NULL, NULL, NULL, NULL, NULL, NULL, NULL, NULL, NULL, NULL, 0, 0, 0, NULL, 'active'),
(138, 'TSK', 21, NULL, NULL, NULL, NULL, NULL, NULL, NULL, NULL, NULL, NULL, NULL, NULL, 'BPE-AGGX', '0', '0', '0', '0', NULL, NULL, NULL, NULL, NULL, NULL, NULL, NULL, NULL, NULL, NULL, 0, 0, 0, NULL, 'active'),
(139, 'VTN', 21, NULL, NULL, NULL, NULL, NULL, NULL, NULL, NULL, NULL, NULL, NULL, NULL, 'BPE-JEPA', '0', '0', '0', '0', NULL, NULL, NULL, NULL, NULL, NULL, NULL, NULL, NULL, NULL, NULL, 0, 0, 0, NULL, 'active'),
(140, 'weka', 21, NULL, NULL, NULL, NULL, NULL, NULL, NULL, NULL, NULL, NULL, NULL, NULL, 'BPE-NSXM', '0', '0', '0', '0', NULL, NULL, NULL, NULL, NULL, NULL, NULL, NULL, NULL, NULL, NULL, 0, 0, 0, NULL, 'active'),
(141, 'Tesch Group', 22, NULL, NULL, NULL, NULL, NULL, NULL, NULL, NULL, NULL, NULL, NULL, NULL, 'avedon-WSYL', '0', '0', '0', '0', NULL, NULL, NULL, NULL, NULL, NULL, NULL, NULL, NULL, NULL, NULL, 0, 0, 0, NULL, 'active'),
(142, 'Ad van Geloven', 23, NULL, NULL, NULL, NULL, NULL, NULL, NULL, NULL, NULL, NULL, NULL, NULL, 'avedon-UMRJ', '0', '0', '0', '0', NULL, NULL, NULL, NULL, NULL, NULL, NULL, NULL, NULL, NULL, NULL, 0, 0, 0, NULL, 'active'),
(143, 'Busker', 23, NULL, NULL, NULL, NULL, NULL, NULL, NULL, NULL, NULL, NULL, NULL, NULL, 'avedon-ZRQS', '0', '0', '0', '0', NULL, NULL, NULL, NULL, NULL, NULL, NULL, NULL, NULL, NULL, NULL, 0, 0, 0, NULL, 'active'),
(144, 'CycloMedia', 23, NULL, NULL, NULL, NULL, NULL, NULL, NULL, NULL, NULL, NULL, NULL, NULL, 'avedon-DDFZ', '0', '0', '0', '0', NULL, NULL, NULL, NULL, NULL, NULL, NULL, NULL, NULL, NULL, NULL, 0, 0, 0, NULL, 'active'),
(145, 'Deli Maatschappij', 23, NULL, NULL, NULL, NULL, NULL, NULL, NULL, NULL, NULL, NULL, NULL, NULL, 'avedon-RJVU', '0', '0', '0', '0', NULL, NULL, NULL, NULL, NULL, NULL, NULL, NULL, NULL, NULL, NULL, 0, 0, 0, NULL, 'active'),
(146, 'Euretco', 23, NULL, NULL, NULL, NULL, NULL, NULL, NULL, NULL, NULL, NULL, NULL, NULL, 'avedon-JCMA', '0', '0', '0', '0', NULL, NULL, NULL, NULL, NULL, NULL, NULL, NULL, NULL, NULL, NULL, 0, 0, 0, NULL, 'active'),
(147, 'GRW Bearing', 23, NULL, NULL, NULL, NULL, NULL, NULL, NULL, NULL, NULL, NULL, NULL, NULL, 'avedon-FXNE', '0', '0', '0', '0', NULL, NULL, NULL, NULL, NULL, NULL, NULL, NULL, NULL, NULL, NULL, 0, 0, 0, NULL, 'active'),
(148, 'JOST', 23, NULL, NULL, NULL, NULL, NULL, NULL, NULL, NULL, NULL, NULL, NULL, NULL, 'avedon-HATA', '0', '0', '0', '0', NULL, NULL, NULL, NULL, NULL, NULL, NULL, NULL, NULL, NULL, NULL, 0, 0, 0, NULL, 'active'),
(149, 'Marlies Dekkers', 23, NULL, NULL, NULL, NULL, NULL, NULL, NULL, NULL, NULL, NULL, NULL, NULL, 'avedon-JDES', '0', '0', '0', '0', NULL, NULL, NULL, NULL, NULL, NULL, NULL, NULL, NULL, NULL, NULL, 0, 0, 0, NULL, 'active'),
(150, 'MidOceanBrands', 23, NULL, NULL, NULL, NULL, NULL, NULL, NULL, NULL, NULL, NULL, NULL, NULL, 'avedon-OFGI', '0', '0', '0', '0', NULL, NULL, NULL, NULL, NULL, NULL, NULL, NULL, NULL, NULL, NULL, 0, 0, 0, NULL, 'active'),
(151, 'SportCity', 23, NULL, NULL, NULL, NULL, NULL, NULL, NULL, NULL, NULL, NULL, NULL, NULL, 'avedon-BWPI', '0', '0', '0', '0', NULL, NULL, NULL, NULL, NULL, NULL, NULL, NULL, NULL, NULL, NULL, 0, 0, 0, NULL, 'active'),
(152, 'Cinesite (Fund II)', 11, 'Medius House, 2 Sheraton Street', 'London', NULL, 'GB', NULL, NULL, NULL, NULL, NULL, '020 79734000', NULL, NULL, 'endless-URKY', '0', '0', '0', '0', NULL, NULL, NULL, NULL, NULL, NULL, NULL, NULL, NULL, NULL, NULL, 0, 0, 0, 'yes', 'active'),
(153, 'Cinesite (Fund III)', 30, NULL, NULL, NULL, NULL, NULL, NULL, NULL, NULL, NULL, NULL, NULL, NULL, 'endless-KPCV', '0', '0', '0', '0', NULL, NULL, NULL, NULL, NULL, NULL, NULL, NULL, NULL, NULL, NULL, 0, 0, 0, NULL, 'active'),
(154, 'High Street TV (Group) Limited', 11, 'Central House, Otley Road', 'Harrogate', 'North Yorkshire', 'GB', 'LS16 8BR', 60, 3, 0, 0, '01423730300', 'www.highstreettv.com', NULL, 'endless-SXFI', '3000', '3700', '3720', '3722', NULL, NULL, '£16m', '7%', NULL, NULL, NULL, NULL, NULL, NULL, NULL, 0, 0, 0, 'yes', 'active'),
(155, 'Bathstore.com Limited', 30, '2nd Floor, Meridien House, 69-71 Clarendon Road', 'Watford', 'Hertfordshire', 'GB', 'WD17 1DS', NULL, NULL, NULL, NULL, '01923 694 791', 'www.bathstore.com', NULL, 'endless-DFKG', '5000', '5300', '5370', '5375', '100', '0', '93476733', '-4', '2154488', '2.3%', NULL, NULL, NULL, NULL, '18100000', 0, 0, 0, 'yes', 'active'),
(156, 'Lewis Tankers', 11, 'Yorkshire House,Weeland Road, Hensall', 'Goole', 'North Yorkshire', 'GB', 'DN14 0QE', 112, 2, 3, 0, '01977661023', 'www.lewistankers.co.uk', NULL, 'endless-LKOM', '2000', '2700', '2770', '2777', NULL, '100', '£10.7m', '9.42', '£0.477m', '4.49', NULL, NULL, NULL, NULL, NULL, 0, 0, 0, 'yes', 'active'),
(157, 'Acme Corp.', 1, '', '', '', 'US', '', 0, 0, 0, 0, '', '', NULL, 'demo3', '2000', '2300', '2350', '2357', '', '', '0.00', '', '0.00', '0', '0.00', '0', '0', '0', '0.00', 0, 0, 0, 'yes', 'active'),
(158, 'Wayne Enterprises', 1, '', '', '', 'US', '', 0, 0, 0, 0, '', '', NULL, 'demo4', '6000', '6500', '6570', '6575', '', '', '0.00', '', '0.00', '0', '0.00', '0', '0', '0', '0.00', 0, 0, 0, 'yes', 'active'),
(159, 'Umbrella Corp.', 1, '', '', '', 'GB', '', 0, 0, 0, 0, '', '', NULL, 'demo5', '4000', '4500', '4570', '4573', '', '', '0.00', '', '0.00', '0', '0.00', '0', '0', '0', '0.00', 0, 0, 0, 'yes', 'active'),
(160, 'Stark Industries', 1, '', '', '', 'JP', '', 0, 0, 0, 0, '', '', NULL, 'demo6', '2000', '2700', '2710', '2717', '', '', '0.00', '', '0.00', '0', '0.00', '0', '0', '0', '0.00', 0, 0, 0, NULL, 'deleted'),
(171, 'Contex', 27, 'Græsholmevej 57', 'Svendborg', NULL, 'DK', '5700', 63, 1, NULL, NULL, '+4563211919', 'www.contex.com', NULL, 'procuritas-DFKG', '2000', '2700', '2730', '2733', NULL, NULL, NULL, NULL, NULL, NULL, NULL, NULL, NULL, NULL, NULL, 0, 0, 0, 'yes', 'active'),
(181, 'Osby Glas', 17, NULL, NULL, NULL, NULL, NULL, NULL, NULL, NULL, NULL, NULL, NULL, NULL, 'procuritas-NSXM', '0', '0', '0', '0', NULL, NULL, NULL, NULL, NULL, NULL, NULL, NULL, NULL, NULL, NULL, 0, 0, 0, 'yes', 'active'),
(191, 'ESG Demo', NULL, NULL, NULL, NULL, 'AF', NULL, NULL, NULL, NULL, NULL, NULL, NULL, NULL, 'otpp-fm1-tS7J', '0', '0', '0', '0', NULL, NULL, NULL, NULL, NULL, NULL, NULL, NULL, NULL, NULL, NULL, 0, 0, 0, NULL, 'active'),
(201, 'demo1', 31, NULL, NULL, NULL, 'AF', NULL, NULL, NULL, NULL, NULL, NULL, NULL, NULL, 'otpp-fm1-Bsxh', '0', '0', '0', '0', NULL, NULL, NULL, NULL, NULL, NULL, NULL, NULL, NULL, NULL, NULL, 0, 0, 0, 'yes', 'active'),
(211, 'demo2', 31, NULL, NULL, NULL, 'AF', NULL, NULL, NULL, NULL, NULL, NULL, NULL, NULL, 'otpp-fm1-9DXk', '0001', '0500', '0580', '0583', NULL, NULL, NULL, NULL, NULL, NULL, NULL, NULL, NULL, NULL, NULL, 0, 0, 0, NULL, 'active'),
(221, 'acme inc', 41, NULL, NULL, NULL, 'CA', NULL, NULL, NULL, NULL, NULL, NULL, NULL, NULL, 'otpp-fm3-85UB', '1000', '1700', '1770', '1773', NULL, NULL, NULL, NULL, NULL, NULL, NULL, NULL, NULL, NULL, NULL, 0, 0, 0, 'yes', 'active'),
(231, 'test', 41, NULL, NULL, NULL, 'CA', NULL, NULL, NULL, NULL, NULL, NULL, NULL, NULL, 'otpp-fm3-2hPu', '0001', '0500', '0570', '0577', NULL, NULL, NULL, NULL, NULL, NULL, NULL, NULL, NULL, NULL, NULL, 0, 0, 0, 'yes', 'active'),
(241, 'consumer', 41, NULL, NULL, NULL, 'CA', NULL, NULL, NULL, NULL, NULL, NULL, NULL, NULL, 'otpp-fm3-b0fz', '3000', '3500', '3570', '3573', NULL, NULL, NULL, NULL, NULL, NULL, NULL, NULL, NULL, NULL, NULL, 0, 0, 0, 'yes', 'active'),
(242, 'My company: Fourth!', 51, '', '', '', 'AD', '', 0, 0, 0, 0, '', '', NULL, 'demo-fm1-LqMA', '0', '0', '0', '0', '', '', '0.00', '', '0.00', '0', '0.00', '0', '0', '0', '0.00', 0, 0, 0, NULL, 'active'),
(243, ' ', 1, NULL, NULL, NULL, 'AF', NULL, NULL, NULL, NULL, NULL, NULL, NULL, NULL, 'demo-fm1-kugJ', '0', '0', '0', '0', NULL, NULL, NULL, NULL, NULL, NULL, NULL, NULL, NULL, NULL, NULL, 0, 0, 0, NULL, 'active');

-- --------------------------------------------------------

--
-- Table structure for table `country`
--

CREATE TABLE IF NOT EXISTS `country` (
  `country_id` int(5) NOT NULL AUTO_INCREMENT,
  `iso2` char(2) DEFAULT NULL,
  `short_name` varchar(80) NOT NULL DEFAULT '',
  `long_name` varchar(80) NOT NULL DEFAULT '',
  `iso3` char(3) DEFAULT NULL,
  `numcode` varchar(6) DEFAULT NULL,
  `un_member` varchar(12) DEFAULT NULL,
  `calling_code` varchar(8) DEFAULT NULL,
  `cctld` varchar(5) DEFAULT NULL,
  PRIMARY KEY (`country_id`)
) ENGINE=MyISAM  DEFAULT CHARSET=latin1 AUTO_INCREMENT=251 ;

--
-- Dumping data for table `country`
--

INSERT INTO `country` (`country_id`, `iso2`, `short_name`, `long_name`, `iso3`, `numcode`, `un_member`, `calling_code`, `cctld`) VALUES
(1, 'AF', 'Afghanistan', 'Islamic Republic of Afghanistan', 'AFG', '004', 'yes', '93', '.af'),
(2, 'AX', 'Aland Islands', '&Aring;land Islands', 'ALA', '248', 'no', '358', '.ax'),
(3, 'AL', 'Albania', 'Republic of Albania', 'ALB', '008', 'yes', '355', '.al'),
(4, 'DZ', 'Algeria', 'People''s Democratic Republic of Algeria', 'DZA', '012', 'yes', '213', '.dz'),
(5, 'AS', 'American Samoa', 'American Samoa', 'ASM', '016', 'no', '1+684', '.as'),
(6, 'AD', 'Andorra', 'Principality of Andorra', 'AND', '020', 'yes', '376', '.ad'),
(7, 'AO', 'Angola', 'Republic of Angola', 'AGO', '024', 'yes', '244', '.ao'),
(8, 'AI', 'Anguilla', 'Anguilla', 'AIA', '660', 'no', '1+264', '.ai'),
(9, 'AQ', 'Antarctica', 'Antarctica', 'ATA', '010', 'no', '672', '.aq'),
(10, 'AG', 'Antigua and Barbuda', 'Antigua and Barbuda', 'ATG', '028', 'yes', '1+268', '.ag'),
(11, 'AR', 'Argentina', 'Argentine Republic', 'ARG', '032', 'yes', '54', '.ar'),
(12, 'AM', 'Armenia', 'Republic of Armenia', 'ARM', '051', 'yes', '374', '.am'),
(13, 'AW', 'Aruba', 'Aruba', 'ABW', '533', 'no', '297', '.aw'),
(14, 'AU', 'Australia', 'Commonwealth of Australia', 'AUS', '036', 'yes', '61', '.au'),
(15, 'AT', 'Austria', 'Republic of Austria', 'AUT', '040', 'yes', '43', '.at'),
(16, 'AZ', 'Azerbaijan', 'Republic of Azerbaijan', 'AZE', '031', 'yes', '994', '.az'),
(17, 'BS', 'Bahamas', 'Commonwealth of The Bahamas', 'BHS', '044', 'yes', '1+242', '.bs'),
(18, 'BH', 'Bahrain', 'Kingdom of Bahrain', 'BHR', '048', 'yes', '973', '.bh'),
(19, 'BD', 'Bangladesh', 'People''s Republic of Bangladesh', 'BGD', '050', 'yes', '880', '.bd'),
(20, 'BB', 'Barbados', 'Barbados', 'BRB', '052', 'yes', '1+246', '.bb'),
(21, 'BY', 'Belarus', 'Republic of Belarus', 'BLR', '112', 'yes', '375', '.by'),
(22, 'BE', 'Belgium', 'Kingdom of Belgium', 'BEL', '056', 'yes', '32', '.be'),
(23, 'BZ', 'Belize', 'Belize', 'BLZ', '084', 'yes', '501', '.bz'),
(24, 'BJ', 'Benin', 'Republic of Benin', 'BEN', '204', 'yes', '229', '.bj'),
(25, 'BM', 'Bermuda', 'Bermuda Islands', 'BMU', '060', 'no', '1+441', '.bm'),
(26, 'BT', 'Bhutan', 'Kingdom of Bhutan', 'BTN', '064', 'yes', '975', '.bt'),
(27, 'BO', 'Bolivia', 'Plurinational State of Bolivia', 'BOL', '068', 'yes', '591', '.bo'),
(28, 'BQ', 'Bonaire, Sint Eustatius and Saba', 'Bonaire, Sint Eustatius and Saba', 'BES', '535', 'no', '599', '.bq'),
(29, 'BA', 'Bosnia and Herzegovina', 'Bosnia and Herzegovina', 'BIH', '070', 'yes', '387', '.ba'),
(30, 'BW', 'Botswana', 'Republic of Botswana', 'BWA', '072', 'yes', '267', '.bw'),
(31, 'BV', 'Bouvet Island', 'Bouvet Island', 'BVT', '074', 'no', 'NONE', '.bv'),
(32, 'BR', 'Brazil', 'Federative Republic of Brazil', 'BRA', '076', 'yes', '55', '.br'),
(33, 'IO', 'British Indian Ocean Territory', 'British Indian Ocean Territory', 'IOT', '086', 'no', '246', '.io'),
(34, 'BN', 'Brunei', 'Brunei Darussalam', 'BRN', '096', 'yes', '673', '.bn'),
(35, 'BG', 'Bulgaria', 'Republic of Bulgaria', 'BGR', '100', 'yes', '359', '.bg'),
(36, 'BF', 'Burkina Faso', 'Burkina Faso', 'BFA', '854', 'yes', '226', '.bf'),
(37, 'BI', 'Burundi', 'Republic of Burundi', 'BDI', '108', 'yes', '257', '.bi'),
(38, 'KH', 'Cambodia', 'Kingdom of Cambodia', 'KHM', '116', 'yes', '855', '.kh'),
(39, 'CM', 'Cameroon', 'Republic of Cameroon', 'CMR', '120', 'yes', '237', '.cm'),
(40, 'CA', 'Canada', 'Canada', 'CAN', '124', 'yes', '1', '.ca'),
(41, 'CV', 'Cape Verde', 'Republic of Cape Verde', 'CPV', '132', 'yes', '238', '.cv'),
(42, 'KY', 'Cayman Islands', 'The Cayman Islands', 'CYM', '136', 'no', '1+345', '.ky'),
(43, 'CF', 'Central African Republic', 'Central African Republic', 'CAF', '140', 'yes', '236', '.cf'),
(44, 'TD', 'Chad', 'Republic of Chad', 'TCD', '148', 'yes', '235', '.td'),
(45, 'CL', 'Chile', 'Republic of Chile', 'CHL', '152', 'yes', '56', '.cl'),
(46, 'CN', 'China', 'People''s Republic of China', 'CHN', '156', 'yes', '86', '.cn'),
(47, 'CX', 'Christmas Island', 'Christmas Island', 'CXR', '162', 'no', '61', '.cx'),
(48, 'CC', 'Cocos (Keeling) Islands', 'Cocos (Keeling) Islands', 'CCK', '166', 'no', '61', '.cc'),
(49, 'CO', 'Colombia', 'Republic of Colombia', 'COL', '170', 'yes', '57', '.co'),
(50, 'KM', 'Comoros', 'Union of the Comoros', 'COM', '174', 'yes', '269', '.km'),
(51, 'CG', 'Congo', 'Republic of the Congo', 'COG', '178', 'yes', '242', '.cg'),
(52, 'CK', 'Cook Islands', 'Cook Islands', 'COK', '184', 'some', '682', '.ck'),
(53, 'CR', 'Costa Rica', 'Republic of Costa Rica', 'CRI', '188', 'yes', '506', '.cr'),
(54, 'CI', 'Cote d''ivoire (Ivory Coast)', 'Republic of C&ocirc;te D''Ivoire (Ivory Coast)', 'CIV', '384', 'yes', '225', '.ci'),
(55, 'HR', 'Croatia', 'Republic of Croatia', 'HRV', '191', 'yes', '385', '.hr'),
(56, 'CU', 'Cuba', 'Republic of Cuba', 'CUB', '192', 'yes', '53', '.cu'),
(57, 'CW', 'Curacao', 'Cura&ccedil;ao', 'CUW', '531', 'no', '599', '.cw'),
(58, 'CY', 'Cyprus', 'Republic of Cyprus', 'CYP', '196', 'yes', '357', '.cy'),
(59, 'CZ', 'Czech Republic', 'Czech Republic', 'CZE', '203', 'yes', '420', '.cz'),
(60, 'CD', 'Democratic Republic of the Congo', 'Democratic Republic of the Congo', 'COD', '180', 'yes', '243', '.cd'),
(61, 'DK', 'Denmark', 'Kingdom of Denmark', 'DNK', '208', 'yes', '45', '.dk'),
(62, 'DJ', 'Djibouti', 'Republic of Djibouti', 'DJI', '262', 'yes', '253', '.dj'),
(63, 'DM', 'Dominica', 'Commonwealth of Dominica', 'DMA', '212', 'yes', '1+767', '.dm'),
(64, 'DO', 'Dominican Republic', 'Dominican Republic', 'DOM', '214', 'yes', '1+809, 8', '.do'),
(65, 'EC', 'Ecuador', 'Republic of Ecuador', 'ECU', '218', 'yes', '593', '.ec'),
(66, 'EG', 'Egypt', 'Arab Republic of Egypt', 'EGY', '818', 'yes', '20', '.eg'),
(67, 'SV', 'El Salvador', 'Republic of El Salvador', 'SLV', '222', 'yes', '503', '.sv'),
(68, 'GQ', 'Equatorial Guinea', 'Republic of Equatorial Guinea', 'GNQ', '226', 'yes', '240', '.gq'),
(69, 'ER', 'Eritrea', 'State of Eritrea', 'ERI', '232', 'yes', '291', '.er'),
(70, 'EE', 'Estonia', 'Republic of Estonia', 'EST', '233', 'yes', '372', '.ee'),
(71, 'ET', 'Ethiopia', 'Federal Democratic Republic of Ethiopia', 'ETH', '231', 'yes', '251', '.et'),
(72, 'FK', 'Falkland Islands (Malvinas)', 'The Falkland Islands (Malvinas)', 'FLK', '238', 'no', '500', '.fk'),
(73, 'FO', 'Faroe Islands', 'The Faroe Islands', 'FRO', '234', 'no', '298', '.fo'),
(74, 'FJ', 'Fiji', 'Republic of Fiji', 'FJI', '242', 'yes', '679', '.fj'),
(75, 'FI', 'Finland', 'Republic of Finland', 'FIN', '246', 'yes', '358', '.fi'),
(76, 'FR', 'France', 'French Republic', 'FRA', '250', 'yes', '33', '.fr'),
(77, 'GF', 'French Guiana', 'French Guiana', 'GUF', '254', 'no', '594', '.gf'),
(78, 'PF', 'French Polynesia', 'French Polynesia', 'PYF', '258', 'no', '689', '.pf'),
(79, 'TF', 'French Southern Territories', 'French Southern Territories', 'ATF', '260', 'no', NULL, '.tf'),
(80, 'GA', 'Gabon', 'Gabonese Republic', 'GAB', '266', 'yes', '241', '.ga'),
(81, 'GM', 'Gambia', 'Republic of The Gambia', 'GMB', '270', 'yes', '220', '.gm'),
(82, 'GE', 'Georgia', 'Georgia', 'GEO', '268', 'yes', '995', '.ge'),
(83, 'DE', 'Germany', 'Federal Republic of Germany', 'DEU', '276', 'yes', '49', '.de'),
(84, 'GH', 'Ghana', 'Republic of Ghana', 'GHA', '288', 'yes', '233', '.gh'),
(85, 'GI', 'Gibraltar', 'Gibraltar', 'GIB', '292', 'no', '350', '.gi'),
(86, 'GR', 'Greece', 'Hellenic Republic', 'GRC', '300', 'yes', '30', '.gr'),
(87, 'GL', 'Greenland', 'Greenland', 'GRL', '304', 'no', '299', '.gl'),
(88, 'GD', 'Grenada', 'Grenada', 'GRD', '308', 'yes', '1+473', '.gd'),
(89, 'GP', 'Guadaloupe', 'Guadeloupe', 'GLP', '312', 'no', '590', '.gp'),
(90, 'GU', 'Guam', 'Guam', 'GUM', '316', 'no', '1+671', '.gu'),
(91, 'GT', 'Guatemala', 'Republic of Guatemala', 'GTM', '320', 'yes', '502', '.gt'),
(92, 'GG', 'Guernsey', 'Guernsey', 'GGY', '831', 'no', '44', '.gg'),
(93, 'GN', 'Guinea', 'Republic of Guinea', 'GIN', '324', 'yes', '224', '.gn'),
(94, 'GW', 'Guinea-Bissau', 'Republic of Guinea-Bissau', 'GNB', '624', 'yes', '245', '.gw'),
(95, 'GY', 'Guyana', 'Co-operative Republic of Guyana', 'GUY', '328', 'yes', '592', '.gy'),
(96, 'HT', 'Haiti', 'Republic of Haiti', 'HTI', '332', 'yes', '509', '.ht'),
(97, 'HM', 'Heard Island and McDonald Islands', 'Heard Island and McDonald Islands', 'HMD', '334', 'no', 'NONE', '.hm'),
(98, 'HN', 'Honduras', 'Republic of Honduras', 'HND', '340', 'yes', '504', '.hn'),
(99, 'HK', 'Hong Kong', 'Hong Kong', 'HKG', '344', 'no', '852', '.hk'),
(100, 'HU', 'Hungary', 'Hungary', 'HUN', '348', 'yes', '36', '.hu'),
(101, 'IS', 'Iceland', 'Republic of Iceland', 'ISL', '352', 'yes', '354', '.is'),
(102, 'IN', 'India', 'Republic of India', 'IND', '356', 'yes', '91', '.in'),
(103, 'ID', 'Indonesia', 'Republic of Indonesia', 'IDN', '360', 'yes', '62', '.id'),
(104, 'IR', 'Iran', 'Islamic Republic of Iran', 'IRN', '364', 'yes', '98', '.ir'),
(105, 'IQ', 'Iraq', 'Republic of Iraq', 'IRQ', '368', 'yes', '964', '.iq'),
(106, 'IE', 'Ireland', 'Ireland', 'IRL', '372', 'yes', '353', '.ie'),
(107, 'IM', 'Isle of Man', 'Isle of Man', 'IMN', '833', 'no', '44', '.im'),
(108, 'IL', 'Israel', 'State of Israel', 'ISR', '376', 'yes', '972', '.il'),
(109, 'IT', 'Italy', 'Italian Republic', 'ITA', '380', 'yes', '39', '.jm'),
(110, 'JM', 'Jamaica', 'Jamaica', 'JAM', '388', 'yes', '1+876', '.jm'),
(111, 'JP', 'Japan', 'Japan', 'JPN', '392', 'yes', '81', '.jp'),
(112, 'JE', 'Jersey', 'The Bailiwick of Jersey', 'JEY', '832', 'no', '44', '.je'),
(113, 'JO', 'Jordan', 'Hashemite Kingdom of Jordan', 'JOR', '400', 'yes', '962', '.jo'),
(114, 'KZ', 'Kazakhstan', 'Republic of Kazakhstan', 'KAZ', '398', 'yes', '7', '.kz'),
(115, 'KE', 'Kenya', 'Republic of Kenya', 'KEN', '404', 'yes', '254', '.ke'),
(116, 'KI', 'Kiribati', 'Republic of Kiribati', 'KIR', '296', 'yes', '686', '.ki'),
(117, 'XK', 'Kosovo', 'Republic of Kosovo', '---', '---', 'some', '381', ''),
(118, 'KW', 'Kuwait', 'State of Kuwait', 'KWT', '414', 'yes', '965', '.kw'),
(119, 'KG', 'Kyrgyzstan', 'Kyrgyz Republic', 'KGZ', '417', 'yes', '996', '.kg'),
(120, 'LA', 'Laos', 'Lao People''s Democratic Republic', 'LAO', '418', 'yes', '856', '.la'),
(121, 'LV', 'Latvia', 'Republic of Latvia', 'LVA', '428', 'yes', '371', '.lv'),
(122, 'LB', 'Lebanon', 'Republic of Lebanon', 'LBN', '422', 'yes', '961', '.lb'),
(123, 'LS', 'Lesotho', 'Kingdom of Lesotho', 'LSO', '426', 'yes', '266', '.ls'),
(124, 'LR', 'Liberia', 'Republic of Liberia', 'LBR', '430', 'yes', '231', '.lr'),
(125, 'LY', 'Libya', 'Libya', 'LBY', '434', 'yes', '218', '.ly'),
(126, 'LI', 'Liechtenstein', 'Principality of Liechtenstein', 'LIE', '438', 'yes', '423', '.li'),
(127, 'LT', 'Lithuania', 'Republic of Lithuania', 'LTU', '440', 'yes', '370', '.lt'),
(128, 'LU', 'Luxembourg', 'Grand Duchy of Luxembourg', 'LUX', '442', 'yes', '352', '.lu'),
(129, 'MO', 'Macao', 'The Macao Special Administrative Region', 'MAC', '446', 'no', '853', '.mo'),
(130, 'MK', 'Macedonia', 'The Former Yugoslav Republic of Macedonia', 'MKD', '807', 'yes', '389', '.mk'),
(131, 'MG', 'Madagascar', 'Republic of Madagascar', 'MDG', '450', 'yes', '261', '.mg'),
(132, 'MW', 'Malawi', 'Republic of Malawi', 'MWI', '454', 'yes', '265', '.mw'),
(133, 'MY', 'Malaysia', 'Malaysia', 'MYS', '458', 'yes', '60', '.my'),
(134, 'MV', 'Maldives', 'Republic of Maldives', 'MDV', '462', 'yes', '960', '.mv'),
(135, 'ML', 'Mali', 'Republic of Mali', 'MLI', '466', 'yes', '223', '.ml'),
(136, 'MT', 'Malta', 'Republic of Malta', 'MLT', '470', 'yes', '356', '.mt'),
(137, 'MH', 'Marshall Islands', 'Republic of the Marshall Islands', 'MHL', '584', 'yes', '692', '.mh'),
(138, 'MQ', 'Martinique', 'Martinique', 'MTQ', '474', 'no', '596', '.mq'),
(139, 'MR', 'Mauritania', 'Islamic Republic of Mauritania', 'MRT', '478', 'yes', '222', '.mr'),
(140, 'MU', 'Mauritius', 'Republic of Mauritius', 'MUS', '480', 'yes', '230', '.mu'),
(141, 'YT', 'Mayotte', 'Mayotte', 'MYT', '175', 'no', '262', '.yt'),
(142, 'MX', 'Mexico', 'United Mexican States', 'MEX', '484', 'yes', '52', '.mx'),
(143, 'FM', 'Micronesia', 'Federated States of Micronesia', 'FSM', '583', 'yes', '691', '.fm'),
(144, 'MD', 'Moldava', 'Republic of Moldova', 'MDA', '498', 'yes', '373', '.md'),
(145, 'MC', 'Monaco', 'Principality of Monaco', 'MCO', '492', 'yes', '377', '.mc'),
(146, 'MN', 'Mongolia', 'Mongolia', 'MNG', '496', 'yes', '976', '.mn'),
(147, 'ME', 'Montenegro', 'Montenegro', 'MNE', '499', 'yes', '382', '.me'),
(148, 'MS', 'Montserrat', 'Montserrat', 'MSR', '500', 'no', '1+664', '.ms'),
(149, 'MA', 'Morocco', 'Kingdom of Morocco', 'MAR', '504', 'yes', '212', '.ma'),
(150, 'MZ', 'Mozambique', 'Republic of Mozambique', 'MOZ', '508', 'yes', '258', '.mz'),
(151, 'MM', 'Myanmar (Burma)', 'Republic of the Union of Myanmar', 'MMR', '104', 'yes', '95', '.mm'),
(152, 'NA', 'Namibia', 'Republic of Namibia', 'NAM', '516', 'yes', '264', '.na'),
(153, 'NR', 'Nauru', 'Republic of Nauru', 'NRU', '520', 'yes', '674', '.nr'),
(154, 'NP', 'Nepal', 'Federal Democratic Republic of Nepal', 'NPL', '524', 'yes', '977', '.np'),
(155, 'NL', 'Netherlands', 'Kingdom of the Netherlands', 'NLD', '528', 'yes', '31', '.nl'),
(156, 'NC', 'New Caledonia', 'New Caledonia', 'NCL', '540', 'no', '687', '.nc'),
(157, 'NZ', 'New Zealand', 'New Zealand', 'NZL', '554', 'yes', '64', '.nz'),
(158, 'NI', 'Nicaragua', 'Republic of Nicaragua', 'NIC', '558', 'yes', '505', '.ni'),
(159, 'NE', 'Niger', 'Republic of Niger', 'NER', '562', 'yes', '227', '.ne'),
(160, 'NG', 'Nigeria', 'Federal Republic of Nigeria', 'NGA', '566', 'yes', '234', '.ng'),
(161, 'NU', 'Niue', 'Niue', 'NIU', '570', 'some', '683', '.nu'),
(162, 'NF', 'Norfolk Island', 'Norfolk Island', 'NFK', '574', 'no', '672', '.nf'),
(163, 'KP', 'North Korea', 'Democratic People''s Republic of Korea', 'PRK', '408', 'yes', '850', '.kp'),
(164, 'MP', 'Northern Mariana Islands', 'Northern Mariana Islands', 'MNP', '580', 'no', '1+670', '.mp'),
(165, 'NO', 'Norway', 'Kingdom of Norway', 'NOR', '578', 'yes', '47', '.no'),
(166, 'OM', 'Oman', 'Sultanate of Oman', 'OMN', '512', 'yes', '968', '.om'),
(167, 'PK', 'Pakistan', 'Islamic Republic of Pakistan', 'PAK', '586', 'yes', '92', '.pk'),
(168, 'PW', 'Palau', 'Republic of Palau', 'PLW', '585', 'yes', '680', '.pw'),
(169, 'PS', 'Palestine', 'State of Palestine (or Occupied Palestinian Territory)', 'PSE', '275', 'some', '970', '.ps'),
(170, 'PA', 'Panama', 'Republic of Panama', 'PAN', '591', 'yes', '507', '.pa'),
(171, 'PG', 'Papua New Guinea', 'Independent State of Papua New Guinea', 'PNG', '598', 'yes', '675', '.pg'),
(172, 'PY', 'Paraguay', 'Republic of Paraguay', 'PRY', '600', 'yes', '595', '.py'),
(173, 'PE', 'Peru', 'Republic of Peru', 'PER', '604', 'yes', '51', '.pe'),
(174, 'PH', 'Phillipines', 'Republic of the Philippines', 'PHL', '608', 'yes', '63', '.ph'),
(175, 'PN', 'Pitcairn', 'Pitcairn', 'PCN', '612', 'no', 'NONE', '.pn'),
(176, 'PL', 'Poland', 'Republic of Poland', 'POL', '616', 'yes', '48', '.pl'),
(177, 'PT', 'Portugal', 'Portuguese Republic', 'PRT', '620', 'yes', '351', '.pt'),
(178, 'PR', 'Puerto Rico', 'Commonwealth of Puerto Rico', 'PRI', '630', 'no', '1+939', '.pr'),
(179, 'QA', 'Qatar', 'State of Qatar', 'QAT', '634', 'yes', '974', '.qa'),
(180, 'RE', 'Reunion', 'R&eacute;union', 'REU', '638', 'no', '262', '.re'),
(181, 'RO', 'Romania', 'Romania', 'ROU', '642', 'yes', '40', '.ro'),
(182, 'RU', 'Russia', 'Russian Federation', 'RUS', '643', 'yes', '7', '.ru'),
(183, 'RW', 'Rwanda', 'Republic of Rwanda', 'RWA', '646', 'yes', '250', '.rw'),
(184, 'BL', 'Saint Barthelemy', 'Saint Barth&eacute;lemy', 'BLM', '652', 'no', '590', '.bl'),
(185, 'SH', 'Saint Helena', 'Saint Helena, Ascension and Tristan da Cunha', 'SHN', '654', 'no', '290', '.sh'),
(186, 'KN', 'Saint Kitts and Nevis', 'Federation of Saint Christopher and Nevis', 'KNA', '659', 'yes', '1+869', '.kn'),
(187, 'LC', 'Saint Lucia', 'Saint Lucia', 'LCA', '662', 'yes', '1+758', '.lc'),
(188, 'MF', 'Saint Martin', 'Saint Martin', 'MAF', '663', 'no', '590', '.mf'),
(189, 'PM', 'Saint Pierre and Miquelon', 'Saint Pierre and Miquelon', 'SPM', '666', 'no', '508', '.pm'),
(190, 'VC', 'Saint Vincent and the Grenadines', 'Saint Vincent and the Grenadines', 'VCT', '670', 'yes', '1+784', '.vc'),
(191, 'WS', 'Samoa', 'Independent State of Samoa', 'WSM', '882', 'yes', '685', '.ws'),
(192, 'SM', 'San Marino', 'Republic of San Marino', 'SMR', '674', 'yes', '378', '.sm'),
(193, 'ST', 'Sao Tome and Principe', 'Democratic Republic of S&atilde;o Tom&eacute; and Pr&iacute;ncipe', 'STP', '678', 'yes', '239', '.st'),
(194, 'SA', 'Saudi Arabia', 'Kingdom of Saudi Arabia', 'SAU', '682', 'yes', '966', '.sa'),
(195, 'SN', 'Senegal', 'Republic of Senegal', 'SEN', '686', 'yes', '221', '.sn'),
(196, 'RS', 'Serbia', 'Republic of Serbia', 'SRB', '688', 'yes', '381', '.rs'),
(197, 'SC', 'Seychelles', 'Republic of Seychelles', 'SYC', '690', 'yes', '248', '.sc'),
(198, 'SL', 'Sierra Leone', 'Republic of Sierra Leone', 'SLE', '694', 'yes', '232', '.sl'),
(199, 'SG', 'Singapore', 'Republic of Singapore', 'SGP', '702', 'yes', '65', '.sg'),
(200, 'SX', 'Sint Maarten', 'Sint Maarten', 'SXM', '534', 'no', '1+721', '.sx'),
(201, 'SK', 'Slovakia', 'Slovak Republic', 'SVK', '703', 'yes', '421', '.sk'),
(202, 'SI', 'Slovenia', 'Republic of Slovenia', 'SVN', '705', 'yes', '386', '.si'),
(203, 'SB', 'Solomon Islands', 'Solomon Islands', 'SLB', '090', 'yes', '677', '.sb'),
(204, 'SO', 'Somalia', 'Somali Republic', 'SOM', '706', 'yes', '252', '.so'),
(205, 'ZA', 'South Africa', 'Republic of South Africa', 'ZAF', '710', 'yes', '27', '.za'),
(206, 'GS', 'South Georgia and the South Sandwich Islands', 'South Georgia and the South Sandwich Islands', 'SGS', '239', 'no', '500', '.gs'),
(207, 'KR', 'South Korea', 'Republic of Korea', 'KOR', '410', 'yes', '82', '.kr'),
(208, 'SS', 'South Sudan', 'Republic of South Sudan', 'SSD', '728', 'yes', '211', '.ss'),
(209, 'ES', 'Spain', 'Kingdom of Spain', 'ESP', '724', 'yes', '34', '.es'),
(210, 'LK', 'Sri Lanka', 'Democratic Socialist Republic of Sri Lanka', 'LKA', '144', 'yes', '94', '.lk'),
(211, 'SD', 'Sudan', 'Republic of the Sudan', 'SDN', '729', 'yes', '249', '.sd'),
(212, 'SR', 'Suriname', 'Republic of Suriname', 'SUR', '740', 'yes', '597', '.sr'),
(213, 'SJ', 'Svalbard and Jan Mayen', 'Svalbard and Jan Mayen', 'SJM', '744', 'no', '47', '.sj'),
(214, 'SZ', 'Swaziland', 'Kingdom of Swaziland', 'SWZ', '748', 'yes', '268', '.sz'),
(215, 'SE', 'Sweden', 'Kingdom of Sweden', 'SWE', '752', 'yes', '46', '.se'),
(216, 'CH', 'Switzerland', 'Swiss Confederation', 'CHE', '756', 'yes', '41', '.ch'),
(217, 'SY', 'Syria', 'Syrian Arab Republic', 'SYR', '760', 'yes', '963', '.sy'),
(218, 'TW', 'Taiwan', 'Republic of China (Taiwan)', 'TWN', '158', 'former', '886', '.tw'),
(219, 'TJ', 'Tajikistan', 'Republic of Tajikistan', 'TJK', '762', 'yes', '992', '.tj'),
(220, 'TZ', 'Tanzania', 'United Republic of Tanzania', 'TZA', '834', 'yes', '255', '.tz'),
(221, 'TH', 'Thailand', 'Kingdom of Thailand', 'THA', '764', 'yes', '66', '.th'),
(222, 'TL', 'Timor-Leste (East Timor)', 'Democratic Republic of Timor-Leste', 'TLS', '626', 'yes', '670', '.tl'),
(223, 'TG', 'Togo', 'Togolese Republic', 'TGO', '768', 'yes', '228', '.tg'),
(224, 'TK', 'Tokelau', 'Tokelau', 'TKL', '772', 'no', '690', '.tk'),
(225, 'TO', 'Tonga', 'Kingdom of Tonga', 'TON', '776', 'yes', '676', '.to'),
(226, 'TT', 'Trinidad and Tobago', 'Republic of Trinidad and Tobago', 'TTO', '780', 'yes', '1+868', '.tt'),
(227, 'TN', 'Tunisia', 'Republic of Tunisia', 'TUN', '788', 'yes', '216', '.tn'),
(228, 'TR', 'Turkey', 'Republic of Turkey', 'TUR', '792', 'yes', '90', '.tr'),
(229, 'TM', 'Turkmenistan', 'Turkmenistan', 'TKM', '795', 'yes', '993', '.tm'),
(230, 'TC', 'Turks and Caicos Islands', 'Turks and Caicos Islands', 'TCA', '796', 'no', '1+649', '.tc'),
(231, 'TV', 'Tuvalu', 'Tuvalu', 'TUV', '798', 'yes', '688', '.tv'),
(232, 'UG', 'Uganda', 'Republic of Uganda', 'UGA', '800', 'yes', '256', '.ug'),
(233, 'UA', 'Ukraine', 'Ukraine', 'UKR', '804', 'yes', '380', '.ua'),
(234, 'AE', 'United Arab Emirates', 'United Arab Emirates', 'ARE', '784', 'yes', '971', '.ae'),
(235, 'GB', 'United Kingdom', 'United Kingdom of Great Britain and Nothern Ireland', 'GBR', '826', 'yes', '44', '.uk'),
(236, 'US', 'United States', 'United States of America', 'USA', '840', 'yes', '1', '.us'),
(237, 'UM', 'United States Minor Outlying Islands', 'United States Minor Outlying Islands', 'UMI', '581', 'no', 'NONE', 'NONE'),
(238, 'UY', 'Uruguay', 'Eastern Republic of Uruguay', 'URY', '858', 'yes', '598', '.uy'),
(239, 'UZ', 'Uzbekistan', 'Republic of Uzbekistan', 'UZB', '860', 'yes', '998', '.uz'),
(240, 'VU', 'Vanuatu', 'Republic of Vanuatu', 'VUT', '548', 'yes', '678', '.vu'),
(241, 'VA', 'Vatican City', 'State of the Vatican City', 'VAT', '336', 'no', '39', '.va'),
(242, 'VE', 'Venezuela', 'Bolivarian Republic of Venezuela', 'VEN', '862', 'yes', '58', '.ve'),
(243, 'VN', 'Vietnam', 'Socialist Republic of Vietnam', 'VNM', '704', 'yes', '84', '.vn'),
(244, 'VG', 'Virgin Islands, British', 'British Virgin Islands', 'VGB', '092', 'no', '1+284', '.vg'),
(245, 'VI', 'Virgin Islands, US', 'Virgin Islands of the United States', 'VIR', '850', 'no', '1+340', '.vi'),
(246, 'WF', 'Wallis and Futuna', 'Wallis and Futuna', 'WLF', '876', 'no', '681', '.wf'),
(247, 'EH', 'Western Sahara', 'Western Sahara', 'ESH', '732', 'no', '212', '.eh'),
(248, 'YE', 'Yemen', 'Republic of Yemen', 'YEM', '887', 'yes', '967', '.ye'),
(249, 'ZM', 'Zambia', 'Republic of Zambia', 'ZMB', '894', 'yes', '260', '.zm'),
(250, 'ZW', 'Zimbabwe', 'Republic of Zimbabwe', 'ZWE', '716', 'yes', '263', '.zw');

-- --------------------------------------------------------

--
-- Table structure for table `feedback`
--

CREATE TABLE IF NOT EXISTS `feedback` (
  `id` int(11) NOT NULL AUTO_INCREMENT,
  `username` varchar(100) NOT NULL,
  `date` datetime NOT NULL,
  `indicator_id` varchar(10) NOT NULL,
  `feedback` text NOT NULL,
  PRIMARY KEY (`id`)
) ENGINE=InnoDB  DEFAULT CHARSET=latin1 AUTO_INCREMENT=342 ;

--
-- Dumping data for table `feedback`
--

INSERT INTO `feedback` (`id`, `username`, `date`, `indicator_id`, `feedback`) VALUES
(7, 'demo2', '2012-09-03 05:45:39', 'E.1.3', 'tda asd asdf'),
(8, 'demo2', '2012-09-03 05:45:39', 'E.3.2', 'I think this question must be redesigned in order to explain better about ....sakfjasldkfj alksdflaksdjfl;kajsdlkfasdf'),
(9, 'demo2', '2012-09-03 07:41:35', 'G.1.1', ' sdgsd gsdfg'),
(10, 'demo', '2012-09-03 07:42:33', 'G.3.2', 'sd asdf asdf asdf asdf qw4 34 34t 3'),
(11, 'demo', '2012-09-03 07:42:58', 'S.1.4', 'rg 456 456'),
(21, 'france-YABA', '2012-11-29 08:58:15', 'S.1.4', 'do you mean bargaining ?'),
(31, 'adveq-PSBR', '2012-12-05 01:57:23', '1', 'Questions is unclear!'),
(41, 'adveq-PSBR', '2012-12-05 01:57:23', '1', 'Question is unclear!'),
(51, 'adveq-PSBR', '2012-12-05 01:57:23', '1', 'Questions is unclear'),
(61, 'adveq-PSBR', '2012-12-05 02:30:21', '1', 'Question is unclear'),
(71, 'adveq-QIMQ', '2012-12-05 02:47:55', '1', 'I do not understand this question.'),
(81, 'adveq-QIMQ', '2012-12-05 02:47:55', '1', 'What does "screen out mean" - excludes?'),
(91, 'adveq-QIMQ', '2012-12-05 02:47:55', '1', 'I do not understand this question.'),
(101, 'adveq-PSBR', '2012-12-05 03:30:46', '1', 'Questions is unclear!'),
(111, 'adveq-PSBR', '2012-12-05 06:01:51', '1', 'Questionn unclear'),
(121, 'fmdemo', '2012-12-05 08:04:49', '14', 'I dont understand this question'),
(131, 'adveq-JLFP', '2012-12-12 07:57:15', '5', 'Not sure what this question means.'),
(141, 'demo', '2012-12-12 13:44:58', 'E.1.2', 'esta es una prueba desde la web azure'),
(151, 'demo', '2012-12-12 13:44:58', 'E.1.2', '2. esta es una prueba desde la web azure'),
(161, 'demo', '2012-12-12 13:44:58', 'E.1.2', '3. esta es una prueba desde la web azure'),
(171, 'demo', '2012-12-12 14:09:10', 'E.1.2', 'test test'),
(181, 'demo', '2012-12-12 14:09:10', 'E.1.5', '5 test 5'),
(191, 'demo', '2012-12-12 14:09:10', 'E.1.5', '66666'),
(201, 'demo', '2012-12-12 14:29:26', 'E.1.2', '654987654'),
(211, 'demo', '2012-12-12 14:44:44', 'S.1.3', 'Esta es una prueba desde Azure via SendGrid'),
(221, 'demo', '2012-12-12 14:48:43', 'E.1.2', 'This a new test from sendgrid'),
(231, 'demo', '2012-12-12 14:51:46', 'G.1.1', 'This one is from Governance section via SG'),
(241, 'demo', '2012-12-12 14:51:46', 'G.1.1', 'This one is from Governance section via SG'),
(251, 'demo', '2012-12-12 14:51:46', 'G.1.1', '2 This one is from Governance section via SG'),
(261, 'demo', '2012-12-13 13:41:43', 'E.1.2', 'Feedback test'),
(271, 'adveq-JLFP', '2012-12-17 02:30:31', '5', 'I am not sure I understand the question'),
(281, 'procuritas-RRUR', '2013-03-22 00:57:27', 'E.1.6', 'What does the different Scope levels means?'),
(291, 'procuritas-JWBJ', '2013-03-22 02:24:50', 'S.4.1', 'Clearify what you mean with sensetivites countries.'),
(301, 'procuritas-JWBJ', '2013-03-22 02:24:50', 'S.3.2.1', 'Had to google QMS to understand the question, suggest you write out Quality Measure System if that is what it is.'),
(311, 'procuritas-JWBJ', '2013-03-22 02:47:38', 'E.1.5', 'Do not know what it is - mabye clearify.'),
(321, 'procuritas-JWBJ', '2013-03-22 02:47:38', 'E.1.6', 'Had to google GHG - to learn that it is Green House Gas  - mabye clearify'),
(331, 'procuritas-DFKG', '2013-04-12 03:18:54', 'S.4.1', 'What do you mean about "sensitive countries"?'),
(341, 'procuritas-DFKG', '2013-04-12 03:41:38', 'G.3.2', 'Do not understand the question.You ask for a percentage, and give us the opportunities to answer Yes, No or Planned');

-- --------------------------------------------------------

--
-- Table structure for table `fmanager`
--

CREATE TABLE IF NOT EXISTS `fmanager` (
  `id` int(11) NOT NULL AUTO_INCREMENT,
  `accountname` varchar(100) NOT NULL,
  `address` varchar(100) DEFAULT NULL,
  `city` varchar(100) DEFAULT NULL,
  `state` varchar(100) DEFAULT NULL,
  `country` varchar(100) DEFAULT NULL,
  `postalcode` varchar(20) DEFAULT NULL,
  `phone` varchar(100) DEFAULT NULL,
  `website` varchar(100) DEFAULT NULL,
  `description` text,
  `username` varchar(100) DEFAULT NULL,
  `totalassets` decimal(19,2) DEFAULT NULL,
  `founded` datetime DEFAULT NULL,
  PRIMARY KEY (`id`)
) ENGINE=InnoDB  DEFAULT CHARSET=latin1 AUTO_INCREMENT=62 ;

--
-- Dumping data for table `fmanager`
--

INSERT INTO `fmanager` (`id`, `accountname`, `address`, `city`, `state`, `country`, `postalcode`, `phone`, `website`, `description`, `username`, `totalassets`, `founded`) VALUES
(1, 'Platinum Investment Mngmt', '18920 Corporate Blvd', 'Weston', '222 Florida', 'US', '33126', '+1985916600', 'www.platinum.com', '', 'demo-fm1', '230.00', '2009-07-22 00:00:00'),
(2, 'Caldwell & Orkin', '5185 Peachtree Parkway', 'Norcross', 'GA ', 'US', '30092-6541', '(678) 533-7850 ', 'http://caldwellorkin.com/', NULL, 'fmdemo2', '1000000.00', '1984-10-01 00:00:00'),
(3, 'Anacap Financial Partners', NULL, NULL, NULL, NULL, NULL, NULL, NULL, NULL, 'adveq-VIUT', NULL, NULL),
(4, 'AUCTUS Management GmbH & Co. KG', NULL, NULL, NULL, NULL, NULL, NULL, NULL, NULL, 'adveq-QBNK', NULL, NULL),
(5, 'Bain Capital Europe', NULL, NULL, NULL, NULL, NULL, NULL, NULL, NULL, 'adveq-LSMI', NULL, NULL),
(6, 'Balderton', NULL, NULL, NULL, NULL, NULL, NULL, NULL, NULL, 'adveq-VBCA', NULL, NULL),
(7, 'Bowmark Capital LLP', '3 St James''s Square', 'London', NULL, 'GB', 'SW1Y 4JU', '020 7189 9000', 'http://www.bowmark.com', NULL, 'adveq-KIVF', '700.00', '1997-01-01 00:00:00'),
(8, 'CGS Management', 'Huobstrasse 14', 'Pfäffikon', NULL, 'CH', '8808', NULL, 'www.cgs-management.com', NULL, 'adveq-MWOY', '180.00', '2012-02-29 00:00:00'),
(9, 'Egeria Capital Management B.V.', NULL, NULL, NULL, NULL, NULL, NULL, NULL, NULL, 'adveq-WHAP', NULL, NULL),
(10, 'Endless LLP', '3 Whitehall Quay', 'Leeds', 'West Yorkshire', 'GB', 'LS1 4BF', '0113 2104000', 'www.endlessllp.com', NULL, 'adveq-JLFP', '371.00', '2005-12-19 00:00:00'),
(11, 'Perceva', '31 avenue de l''Opera', 'Paris', NULL, 'FR', '75001', '+33142971990', 'www.perceva.fr', NULL, 'adveq-FRGN', '151.46', '2007-09-28 00:00:00'),
(12, 'G Square ', '7 place Vendome', 'Paris', NULL, 'FR', '75001', '+33147035300', 'www.gsquarecapital.com', NULL, 'adveq-PBBT', '209.00', '2007-08-14 00:00:00'),
(13, 'Holland Private Equity', 'Gustav Mahlerplein 109/111', 'Amsterdam', NULL, 'NL', '1082 MS', '+31207143400', 'www.hollandpe.com', NULL, 'adveq-PSBR', '155.00', '2010-01-01 00:00:00'),
(14, 'Investindustrial Partners', 'Ogier House, The Esplanade ', 'St Helier', 'Jersey', 'GB', 'JE4 9WG', '0041 91 2608300', 'www.investindustrial.com', NULL, 'adveq-NIGZ', '3100.00', '1990-12-01 00:00:00'),
(15, 'NEO Capital Private Equity LLP', '36-38 Wigmore Street', 'London', NULL, 'GB', 'W1U 2LJ', NULL, NULL, NULL, 'adveq-ASKR', NULL, NULL),
(16, 'Procuritas Partners AB', 'Linnegatan 9', 'Stockholm', 'Stockholm', 'SE', '11130', '+46850614300', 'www.procuritas.com', NULL, 'adveq-QIMQ', '570.00', '1986-01-01 00:00:00'),
(17, 'Stirling Square', 'Liscarton House, 127-131 Sloane Street', 'London', NULL, 'GB', 'SW1X 9AS', '+44 (0) 207 808 4157', 'www.stirlingsquare.com', NULL, 'adveq-NTKR', '375.00', '2003-01-01 00:00:00'),
(18, 'Summit Partners Europe', NULL, NULL, NULL, NULL, NULL, NULL, NULL, NULL, 'adveq-LQIN', NULL, NULL),
(19, 'Value Enhancement Partners', NULL, NULL, NULL, NULL, NULL, NULL, NULL, NULL, 'adveq-YRSR', NULL, NULL),
(20, 'BPE Unternehmensbeteiligungen GmbH', NULL, NULL, NULL, NULL, NULL, NULL, NULL, NULL, 'adveq-SCJO', NULL, NULL),
(21, 'Avedon Capital Partners ', NULL, NULL, NULL, NULL, NULL, NULL, NULL, NULL, 'adveq-CJQG', NULL, NULL),
(22, 'Dunedin Capital Partners', NULL, NULL, NULL, NULL, NULL, NULL, NULL, NULL, 'adveq-GRWO', NULL, NULL),
(24, 'Procuritas Partners KB', 'Linnegatan 9', 'Stockholm', 'Stockholm', 'SE', '11130', '+46850614300', 'www.procuritas.com', NULL, 'adveq-UXRW', '570.00', '1986-01-01 00:00:00'),
(25, 'Synova Capital', NULL, NULL, NULL, NULL, NULL, NULL, NULL, NULL, 'adveq-ALCR', NULL, NULL),
(26, 'Egeria Capital', NULL, NULL, NULL, NULL, NULL, NULL, NULL, NULL, 'adveq-WDVH', NULL, NULL),
(31, 'OTPP-FM-1', NULL, NULL, NULL, NULL, NULL, NULL, NULL, NULL, 'otpp-fm1', NULL, NULL),
(41, 'OTPP-FM-2', NULL, NULL, NULL, NULL, NULL, NULL, NULL, NULL, 'otpp-fm2', NULL, NULL),
(51, 'OTPP-FM-3', NULL, NULL, NULL, NULL, NULL, NULL, NULL, NULL, 'otpp-fm3', NULL, NULL),
(61, 'OTPP-FM-4', NULL, NULL, NULL, NULL, NULL, NULL, NULL, NULL, 'otpp-fm4', NULL, NULL);

-- --------------------------------------------------------

--
-- Table structure for table `fmassessment`
--

CREATE TABLE IF NOT EXISTS `fmassessment` (
  `id` int(11) NOT NULL AUTO_INCREMENT,
  `name` varchar(100) DEFAULT NULL,
  `description` text,
  `start_date` datetime DEFAULT NULL,
  `end_date` datetime DEFAULT NULL,
  `username` varchar(45) DEFAULT NULL,
  `status` varchar(50) DEFAULT NULL,
  `score` varchar(10) DEFAULT NULL,
  `fund_id` int(11) DEFAULT NULL,
  `q1` varchar(300) DEFAULT NULL,
  `q2` varchar(300) DEFAULT NULL,
  `q3` varchar(300) DEFAULT NULL,
  `q4` varchar(300) DEFAULT NULL,
  `q5` varchar(300) DEFAULT NULL,
  `q6` varchar(300) DEFAULT NULL,
  `q7` varchar(300) DEFAULT NULL,
  `q8` varchar(300) DEFAULT NULL,
  `q9` varchar(300) DEFAULT NULL,
  `q10` varchar(300) DEFAULT NULL,
  `q11` varchar(300) DEFAULT NULL,
  `q12` varchar(300) DEFAULT NULL,
  `q13` varchar(300) DEFAULT NULL,
  `q14` varchar(300) DEFAULT NULL,
  `q15` longtext,
  `q16` longtext,
  `q17` longtext,
  `q18` longtext,
  `q19` longtext,
  `q20` longtext,
  `q21` longtext,
  `q22` varchar(300) DEFAULT NULL,
  `q23` longtext,
  `q24` varchar(300) DEFAULT NULL,
  `q25` varchar(300) DEFAULT NULL,
  `q26` varchar(300) DEFAULT NULL,
  `q27` varchar(300) DEFAULT NULL,
  `q28` varchar(300) DEFAULT NULL,
  `q29` varchar(300) DEFAULT NULL,
  `q30` varchar(300) DEFAULT NULL,
  `q31` varchar(300) DEFAULT NULL,
  `q32` varchar(300) DEFAULT NULL,
  `q33` varchar(300) DEFAULT NULL,
  `q34` varchar(300) DEFAULT NULL,
  `q35` varchar(300) DEFAULT NULL,
  `q36` varchar(300) DEFAULT NULL,
  `q37` varchar(300) DEFAULT NULL,
  `q38` longtext,
  `q39` varchar(300) DEFAULT NULL,
  `q40` longtext,
  `q41` longtext,
  `q42` longtext,
  `c1` text,
  `c2` text,
  `c3` text,
  `c4` text,
  `c5` text,
  `c6` text,
  `c7` text,
  `c8` text,
  `c9` text,
  `c10` text,
  `c11` text,
  `c12` text,
  `c13` text,
  `c14` text,
  `c15` text,
  `c16` text,
  `c17` text,
  `c18` text,
  `c19` text,
  `c20` text,
  `c21` text,
  `c22` text,
  `c23` text,
  `q23b` tinyint(1) DEFAULT NULL,
  `c24` text,
  `c25` text,
  `c26` text,
  `c27` text,
  `c28` text,
  `c29` text,
  `c30` text,
  `c31` text,
  `c32` text,
  `c33` longtext,
  `c34` text,
  `c35` text,
  `c36` text,
  `c37` text,
  `c38` text,
  `c39` text,
  `c40` longtext,
  `c41` longtext,
  `c42` longtext,
  `q30e` longtext,
  `q30s` longtext,
  `q30g` longtext,
  `q37b` longtext,
  `q37c` varchar(10) DEFAULT NULL,
  `q24b` varchar(300) DEFAULT NULL,
  `q33b` text,
  PRIMARY KEY (`id`)
) ENGINE=InnoDB  DEFAULT CHARSET=latin1 AUTO_INCREMENT=55 ;

--
-- Dumping data for table `fmassessment`
--

INSERT INTO `fmassessment` (`id`, `name`, `description`, `start_date`, `end_date`, `username`, `status`, `score`, `fund_id`, `q1`, `q2`, `q3`, `q4`, `q5`, `q6`, `q7`, `q8`, `q9`, `q10`, `q11`, `q12`, `q13`, `q14`, `q15`, `q16`, `q17`, `q18`, `q19`, `q20`, `q21`, `q22`, `q23`, `q24`, `q25`, `q26`, `q27`, `q28`, `q29`, `q30`, `q31`, `q32`, `q33`, `q34`, `q35`, `q36`, `q37`, `q38`, `q39`, `q40`, `q41`, `q42`, `c1`, `c2`, `c3`, `c4`, `c5`, `c6`, `c7`, `c8`, `c9`, `c10`, `c11`, `c12`, `c13`, `c14`, `c15`, `c16`, `c17`, `c18`, `c19`, `c20`, `c21`, `c22`, `c23`, `q23b`, `c24`, `c25`, `c26`, `c27`, `c28`, `c29`, `c30`, `c31`, `c32`, `c33`, `c34`, `c35`, `c36`, `c37`, `c38`, `c39`, `c40`, `c41`, `c42`, `q30e`, `q30s`, `q30g`, `q37b`, `q37c`, `q24b`, `q33b`) VALUES
(3, 'US-TECH 2', 'This is a description for new fund assessment', '2012-10-18 12:08:10', NULL, 'demo-fm1', 'In Progress', '', 1, '51', 'yes', 'yes', '1', 'yes', '1', NULL, 'yes', 'yes', 'no', 'yes', 'no', '1', '1', 'a:4:{i:0;s:4:"0530";i:1;s:4:"0580";i:2;s:4:"8990";i:3;s:4:"9570";}', NULL, NULL, NULL, NULL, NULL, NULL, 'yes', NULL, 'yes', 'yes', 'pl', 'no', 'yes', 'yes', 'yes', 'pl', 'yes', 'yes', 'no', '77', 'yes', 'pl', 'yes', 'yes', ' consectetur adipiscing elit. Pellentesque lobortis volutpat ornare. Sed ut erat tortor. Sed congue, velit id tristique eleifend, libero sem tincidunt ante, eu accum', 'hgj gjkhg kjhg kjh gkjhgkj', NULL, 'test', NULL, NULL, NULL, NULL, NULL, NULL, NULL, NULL, NULL, NULL, NULL, NULL, NULL, NULL, NULL, NULL, NULL, NULL, NULL, NULL, NULL, NULL, 0, NULL, NULL, NULL, NULL, NULL, NULL, NULL, NULL, NULL, NULL, NULL, NULL, NULL, NULL, NULL, NULL, NULL, NULL, NULL, NULL, NULL, NULL, NULL, 'yes', 'no', 'indirectly'),
(4, 'Anacap Financial Partners', NULL, '2012-11-23 11:38:16', NULL, 'adveq-VIUT', 'In Progress', '', 4, '', '', '', '', '', '', '', '', '', '', '', '', '', '', '', '', '', '', '', '', '', '', '', '', '', '', '', '', '', '', '', '', '', '', '', '', '', '', '', '', '', '', '', '', '', '', '', '', '', '', '', '', '', '', '', '', '', '', '', '', '', '', '', '', '', NULL, '', '', '', '', '', '', '', '', '', '', '', '', '', '', '', '', '', '', '', NULL, NULL, NULL, NULL, NULL, NULL, NULL),
(5, 'Auctus Management GmbH', NULL, '2012-11-23 11:38:17', NULL, 'adveq-QBNK', 'In Progress', '', 5, '', '', '', '', '', '', '', '', '', '', '', '', '', '', '', '', '', '', '', '', '', '', '', '', '', '', '', '', '', '', '', '', '', '', '', '', '', '', '', '', '', '', '', '', '', '', '', '', '', '', '', '', '', '', '', '', '', '', '', '', '', '', '', '', '', NULL, '', '', '', '', '', '', '', '', '', '', '', '', '', '', '', '', '', '', '', NULL, NULL, NULL, NULL, NULL, NULL, NULL),
(6, 'Bain Capital Europe', NULL, '2012-11-23 11:38:18', NULL, 'adveq-LSMI', 'In Progress', '', 6, '', '', '', '', '', '', '', '', '', '', '', '', '', '', '', '', '', '', '', '', '', '', '', '', '', '', '', '', '', '', '', '', '', '', '', '', '', '', '', '', '', '', '', '', '', '', '', '', '', '', '', '', '', '', '', '', '', '', '', '', '', '', '', '', '', NULL, '', '', '', '', '', '', '', '', '', '', '', '', '', '', '', '', '', '', '', NULL, NULL, NULL, NULL, NULL, NULL, NULL),
(7, 'Balderton', NULL, '2012-11-23 11:38:19', NULL, 'adveq-VBCA', 'In Progress', '', 7, '', '', '', '', '', '', '', '', '', '', '', '', '', '', '', '', '', '', '', '', '', '', '', '', '', '', '', '', '', '', '', '', '', '', '', '', '', '', '', '', '', '', '', '', '', '', '', '', '', '', '', '', '', '', '', '', '', '', '', '', '', '', '', '', '', NULL, '', '', '', '', '', '', '', '', '', '', '', '', '', '', '', '', '', '', '', NULL, NULL, NULL, NULL, NULL, NULL, NULL),
(8, 'Bowmark', NULL, '2012-11-23 11:38:20', NULL, 'adveq-KIVF', 'In Progress', '', 8, '0', 'no', 'pl', '1', 'no', '3', '- Vice or pornography\r\n- Manufacture or sale of arms or ammunitions\r\n- Providing products or services that promote the termination of life', 'no', 'no', 'no', 'no', 'no', '3', '3', 'a:5:{i:0;s:4:"2790";i:1;s:4:"4530";i:2;s:4:"5550";i:3;s:4:"5750";i:4;s:4:"9530";}', '- quality of care provision and compliance with regulatory standards in healthcare sector\r\n- unethical sourcing (e.g. in food sector) \r\n- governance and responsible management generally', 'Opportunities to improve performance in the areas outlined in 2 . above.', 'See response to question 2 above.', 'See response to question 2 and 3 above.', 'Not applicable, as the fund only invest in the UK.', 'See response to question 6 above.', 'no', '- Vice or pornography\r\n- Manufacture or sale of arms or ammunitions\r\n- Providing products or services that promote the termination of life', 'na', 'pl', 'pl', 'no', 'no', 'no', 'no', 'pl', 'pl', 'pl', 'no', '62', 'yes', 'no', 'ex', 'ex', 'Combination of internal resource (i.e. investment directors and partners of the fIrm) and specialist outside consultants (e.g. environmental consultants, management consultants, legal advisers, investigating accountants etc).', 'A potential asbestos risk was identified early on in the due diligence process. Upon completion, immediate action was taken and this risk was eliminated.\r\nA number of Health and Safety issues arose in due diligence concerning potential training on Health and Safety issues. On completion, a Property Director was appointed who was specifically responsible for Health and Safety, including staff training.', 'As part of the overall due diligence process.', NULL, NULL, NULL, NULL, NULL, NULL, NULL, NULL, NULL, 'However, the management company has a programme of donations to a range of charities.', NULL, NULL, NULL, NULL, NULL, NULL, NULL, NULL, NULL, NULL, NULL, 'See response to question 6 above.', NULL, NULL, NULL, 'Actively developing a new policy.', 'Actively developing a new policy.', NULL, 'The new policy will be the responsibility of the Finance Partner.', NULL, NULL, NULL, NULL, 'In event of wilful disregard of company policy.', NULL, NULL, NULL, NULL, 'Not explicitly, although ESG risk assessment is integral to our current environmental, commercial, management and financial due diligence processes.  This will however become more explicit following the development of our new ESG policy.', 'See response to question 24 above.', NULL, NULL, NULL, NULL, NULL, NULL, NULL, 'no', 'na', 'indirectly'),
(9, 'CGS Management', NULL, '2012-11-23 11:38:21', NULL, 'adveq-MWOY', 'In Progress', '', 9, '100', 'pl', 'pl', '2', 'no', '3', 'Electronics and electrical engineering, Machinery and equipment, Measurement and control systems / sensors,\r\nConstruction supplies, Plastics industry, Industrial equipment', 'no', 'no', 'no', 'no', 'pl', '3', '3', 'a:4:{i:0;s:4:"2350";i:1;s:4:"2720";i:2;s:4:"2730";i:3;s:4:"2750";}', 'Environmental (hazardous materials, pollution, energy efficiency)\r\nSocial (human capital management)\r\nCorporate Governance (risk management)', 'Improvement of energy efficiency and risk management', 'Applicable for all sectors:\r\nEnvironmental (hazardous materials, pollution, energy efficiency)\r\nSocial (human capital management)\r\nCorporate Governance (risk management)', 'Improvement of energy efficiency and risk management', 'Applicable for all country and regions:\r\nEnvironmental (hazardous materials, pollution, energy efficiency)\r\nSocial (human capital management)\r\nCorporate Governance (risk management)', 'Improvement of energy efficiency and risk management', 'pl', NULL, 'no', 'pl', 'pl', 'no', 'yes', 'pl', 'yes', 'yes', 'pl', 'yes', 'no', '0', 'yes', 'pl', 'yes', 'yes', 'In due diligence phase we assign specialist in the area of environmental risks, well known consultants for other governance topics and where appropriate we assign internal resources as well.', 'No material ESG factors were identified.', '- Identifications of risks through due diligence process\r\n- Questionnaire to management after closing\r\n- Monitoring of issues on a yearly basis\r\n(Process and guidelines are in preparation)', NULL, NULL, NULL, NULL, 'might be planned in future', NULL, NULL, NULL, NULL, NULL, NULL, NULL, 'planned', 'in discussion ', NULL, NULL, NULL, NULL, NULL, NULL, NULL, NULL, NULL, 0, NULL, 'We believe that ESG factors can impact returns on investments and will adopt policies in near future.', NULL, 'Policies are planned', 'Compliance Officer', NULL, NULL, NULL, NULL, NULL, 'Policies will be created in near future', 'We don''t know', NULL, NULL, NULL, NULL, NULL, NULL, NULL, 'Environmental: Ecosens\r\nSocial and Corporate Governance: Various consultants and internal resources', 'Various consultants and internal resources', 'Various consultants and internal resources', 'Social Responsible Investment Guidelines', 'yes', 'na', 'directly'),
(10, 'Egeria Capital Management B.V.', NULL, '2012-11-23 11:38:22', NULL, 'adveq-WHAP', 'In Progress', '', 10, '', '', '', '', '', '', '', '', '', '', '', '', '', '', '', '', '', '', '', '', '', '', '', '', '', '', '', '', '', '', '', '', '', '', '', '', '', '', '', '', '', '', '', '', '', '', '', '', '', '', '', '', '', '', '', '', '', '', '', '', '', '', '', '', '', NULL, '', '', '', '', '', '', '', '', '', '', '', '', '', '', '', '', '', '', '', NULL, NULL, NULL, NULL, NULL, NULL, NULL),
(11, 'Endless LLP', NULL, '2012-11-23 11:38:23', NULL, 'adveq-JLFP', 'In Progress', '', 11, '60', 'no', 'yes', '1', 'yes', '3', 'Arms/weaons trading and production; Pornography; Tobacco industry; Products/services involved in the terminartion of human life; Oil & Gas and other natural resources investments; Ownership/Development of real estate', 'no', 'no', 'yes', 'no', 'no', '3', '3', 'a:33:{i:0;s:4:"0570";i:1;s:4:"1350";i:2;s:4:"1730";i:3;s:4:"1750";i:4;s:4:"1770";i:5;s:4:"2350";i:6;s:4:"2710";i:7;s:4:"2720";i:8;s:4:"2730";i:9;s:4:"2750";i:10;s:4:"2770";i:11;s:4:"2790";i:12;s:4:"3350";i:13;s:4:"3530";i:14;s:4:"3570";i:15;s:4:"3720";i:16;s:4:"3740";i:17;s:4:"3760";i:18;s:4:"4530";i:19;s:4:"4570";i:20;s:4:"5330";i:21;s:4:"5370";i:22;s:4:"5550";i:23;s:4:"5750";i:24;s:4:"6530";i:25;s:4:"6570";i:26;s:4:"8530";i:27;s:4:"8630";i:28;s:4:"8770";i:29;s:4:"8980";i:30;s:4:"8990";i:31;s:4:"9530";i:32;s:4:"9570";}', 'None.  We do not take a broad brush approach to investment assessment and due diligence, but look at each opportunity on its own merits.', 'As per question 2.', 'As per question 2.  Each investment is assessed on its merits and if we identify areas of potential CSR or ESG concern that we will investigate accordingly.  The approach is covered in more detail below.', 'As per question 2.', 'Answer as per question 4.', 'As per question 2.', 'yes', 'Pornography; Arms/Weapons; Tobacco; Products or services that promote the termination of human life; Natural resources invesments; ownership/development of real estate.', NULL, 'yes', 'yes', 'yes', 'no', 'yes', 'no', 'no', 'no', 'no', 'no', '34', 'no', 'no', 'yes', 'yes', 'We have do not specific resource.  ESG and CSR issues are but one of a variety of issues that Endless would consider as part of its investment appraisal and portfolio management. We may use consultants or advisers for specific issues.', 'Crown Paints -  environmental issues connected to property, required remedial work to help mitigate a potential liability that may have impacted on exit value.  Bathstore - assessed suppliers for their acceptability in terms of treatment of employees.  Amco Drilling - identified a lack of health & safety procedures in place which were addressed.', 'We would not normally instigate a specific review in this respect, although the current Adveq assessment may lead us to re-visit this approach.  All Endless employees have training on the Bribery Act and other such legislation and we have changed processes/reviews at portfolio companies in this respect.  The Endless team are alive to CSR/ESG issues and act where specific requirements dictate that this is an appropriate need.', 'All Endless investments go through an ''CSR'' review, the precursor in some ways, to the concept of ESG.  As such investments, at both an early stage review and at full Investment Committee are reviewed for ''Corporate and Social Responsibiliy'' type issues.  As a result of this approach, and whilst not specifically ESG screening, we have answered this question at the 60% level, recognising we may need to update our CSR screening for some ESG issues abd the level of detail that the latter go into.', 'We are in the process of reviewing this area.', 'We formally consider social and environmental issues as part of our bespoke review of individual investments.  There is a question in Endless'' ''Investment Checklist'', that has to be completed on each investment at an early and IC stage, that prompts for confirmation that such issues have been assessed.  Many, if not most, of our investments proceed at a pace that means we do not have time to undertake formal, 3rd party due dilgience on environmental issues, but we do consider them on each investment.', 'As above, we review each company/investment on a bespoke basis, internally by Endless personnel.  We would only engage third party advisers if our review indicated specific reasons to do so on that investment.', 'I am not sure I totally understand the question.  Endless takes into consideration the requirements of our funds in Endless Fund II and III, in terms of investment areas that are disqualified under the Fund documentation.  Over and above this, we do not have additional LP ESG requirements that we document.', NULL, NULL, NULL, NULL, 'Endless does not donate a specific percentage of gains to charitable organisations, but has set up a charitable foundation ''Endless Turnaround Foundation'' to which the organisation contributes and also the Endless team commit time and energy and organises fund raising events which are also for the benefit of the Endless Turnaround Foundation.  The Foundation, in turn, and Endless team members make donations of money and time to various charitable and social causes across the UK.  Further examples can be provided and/or see Endless'' website for details of the Endless Turnaound Foundation.', NULL, NULL, NULL, 'The current Adveq process will deliver this.', NULL, NULL, NULL, NULL, NULL, NULL, NULL, 'As per the LPA agreement there are a number of industries where we would not invest such as Pornography and Arms Manufacture or trading.  See also question 9 below.', NULL, NULL, 'We do not understand this question.  If it relates to question 9, then Endless will not invest in these areas.', 'Endless'' approach to ESG issues is more generally set out in the Endless website (www.endlessllp.com) under ''Corporate and Social Responsbility''.  We believe this covers many of the areas in both spirit and practice that ''ESG'' seeks to cover.', 'As per ''11, our commitments in this respect are clearly articulated on the Endless website as is Endless'' demonstrable actions to contribute to the wider society (e.g. via the Endless Turnaround Foundation'' and Apprenticeship schemes at a number of Endless'' portfolio companies).', 'The most simple benefit is avoiding investment situations that have risks, from a reputational or other, point of view in the ESG/CSR arena that may impact on investment returns.  Examples on specific investments are given in question 27 below.', 'No one specific person, but a combination of the Portfolio Director, the Chairman and Partners and the Finance Team ensure that Endless is compliant with all key legislation (e.g. Bribery Act, Money Laundering) as well as ensuring there are checklists in place to ensure CSR/ESG assessment takes place on investments.', 'We have a Portfolio Director, James Woolley, who retains an overview of the portfolio from a number of perspectives, including risk management.', 'We do not retain a specific specialist, but may involve one in certain areas at the appropriate time e.g. environment issues relating to the Crown Paints properties when under Endess'' ownership.', 'We do not get this information in a regimented way, but Endless is represented on the Board of each investee company and there will be specific reviews in some of these areas at the company level via Board reports, etc.', 'Not specific one off training in these areas, but there is ''on the job'' training to make sure investment staff are aware of such issues and the checklists in Endless'' investment documentation ensures that such issues are debated at early stage Launchpads and at Investment Committee.', 'Staff are, where relevant, appraised for their portfolio management performance in the generality, which might include portfolio risk issues.', NULL, '£45m out of £14m of third party LP investments.', NULL, 'We would consider a request, dependent on the wording and requiremements of such a letter and any impact on Endless'' ability to invest and/or any impact on other investors in Endless'' Funds.  We believe, however, that the nature of Endless'' investment which helps preserve jobs and rescue businesses, combined with our current CSR approach and the overall ethos and culture of the company, helps address any concerns that an investor may have in this area.', 'Via the checklists in our investment processes.', 'The process is driven by having a checklist that prompts for a consideration of whether there are on CSR issues on an investment opportunity.  If such issues were identified, then this may lead to more specific actions, due diligence or it may impact on the overall investment attractiveness of the opportunity.', NULL, 'These are just 3 examples of where Endless might intervene to improve a business where there is a positive ESG impact.', NULL, NULL, NULL, NULL, NULL, 'yes', NULL, 'na'),
(12, 'Perceva Capital', NULL, '2012-11-23 11:38:24', NULL, 'adveq-FRGN', 'In Progress', '', 12, '100', 'pl', 'yes', '1', 'pl', '1', 'As per the fund’s By-laws and Side letters: Arms & munitions, pornography, tobacco, direct long-term real estate properties.', 'no', 'no', 'pl', 'no', 'yes', '2', '2', 'a:37:{i:0;s:4:"0530";i:1;s:4:"0570";i:2;s:4:"0580";i:3;s:4:"1350";i:4;s:4:"1730";i:5;s:4:"1750";i:6;s:4:"1770";i:7;s:4:"2350";i:8;s:4:"2710";i:9;s:4:"2720";i:10;s:4:"2730";i:11;s:4:"2750";i:12;s:4:"2770";i:13;s:4:"2790";i:14;s:4:"3350";i:15;s:4:"3530";i:16;s:4:"3570";i:17;s:4:"3720";i:18;s:4:"3740";i:19;s:4:"3760";i:20;s:4:"4530";i:21;s:4:"4570";i:22;s:4:"5330";i:23;s:4:"5370";i:24;s:4:"5550";i:25;s:4:"5750";i:26;s:4:"6530";i:27;s:4:"6570";i:28;s:4:"7530";i:29;s:4:"7570";i:30;s:4:"8350";i:31;s:4:"8530";i:32;s:4:"8570";i:33;s:4:"8630";i:34;s:4:"8770";i:35;s:4:"9530";i:36;s:4:"9570";}', 'Environmental impact of plants ', 'Energy saving', 'Environmental impact of plants and social issues', 'Energy saving', 'Labour conditions in emerging markets. ', 'All emerging markets', 'yes', NULL, 'na', 'pl', 'yes', 'yes', 'yes', NULL, 'yes', 'yes', 'yes', 'yes', 'no', '76', 'yes', 'yes', 'yes', 'yes', 'External consultants', NULL, 'In all circumstances, we do a Due Diligence assessment of the ESG policy of any potential investment.', 'Every investment made by our Fund has been screened during the Due Diligence phase through ESG criteria: potential environmental impacts, quality of social dialogue (including with unions), management incentive, consequences of lay-off plans,... ', 'We believe ESG criteria to be essential in the selection and monitoring of investments which are summarized most efficiently in the UNPRI.', 'On each investment opportunity, there is a comprehensive ESG Due Diligence which is performed and which leads to a written report made available to the Investment Committee. ', 'All of the Four propositions above (impossible to select them all).\r\nSite visit to all companies\r\nCompletion of ESG assessment\r\nBusiness plan presentation by management detailing company''s future social, governance or environmental strategy and targets\r\nRequirement of third party evaluation where potential ESG risks are identified\r\nWe provide investors with the conclusions of these due diligence in our Executive Summary sent before any new investment', 'If Perceva were to use co investment rights, Perceva would send to co-investors as part of the Due Diligence package a comprehensive ESG policy', NULL, NULL, NULL, NULL, 'It is planned at the GP level.', NULL, 'When divesting from a company, we take into consideration the development perspectives presented by the potential next investor, especially in terms of future recruitments.', 'The portfolio companies have to report on ESG criteria at least once a year during approval of their budget.', 'Two out of the Three propositions above (impossible to select two of them)\r\nESG performance\r\nESG reporting\r\n', NULL, NULL, NULL, NULL, NULL, 'Our fund is to be invested mainly (85%) in France, the rest being in Western Europe. But we analyze ESG risks in subsidiaries or plants of potential investments which can be located in countries where local regulation has lower standards.', NULL, 'In the fund’s By-laws and Side letters.', NULL, 0, NULL, 'We do believe ESG factors can impact returns on investment.\r\nOur fund is a signatory of the Charte FSI France Investissement (available in French only) which goal is to promote ESG factors within the management company and the portfolio companies.\r\nWe are considering becoming a UNPRI signatory.', 'Upon request of our LPs, we have completed a questionnaire on our approach to ESG.', 'As a Private Equity investor, Perceva is considered in France as a socially responsible shareholder.', 'Our CFO Veronique Cayrol Darnaudet is in charge of ESG matters.', NULL, NULL, NULL, NULL, NULL, NULL, NULL, NULL, NULL, NULL, 'We strongly believe in energy saving processes. ', NULL, NULL, NULL, 'Siris, Pierre BOIS', 'Flichy Grangé (social lawyers)', 'Gide Loyrette Nouel, SJ Berwin, Veil Jourde', '. The Management Company represents that it abides by, and seeks to implement, the United Nation''s Principles for Responsible Investment and the Ten Principles of the United Nations Global Compact – including, in connection with investment analysis, decision-making, and development of portfolio companies. The Management Company further agrees to report annually on them, and the Fund''s, activities and progress towards implementing the Principles for Responsible Investment and Principles of the Global Compact.\r\n. Real Estate: The Management Company undertakes that the Fund will not invest in direct long-term real estate properties.\r\n. The Fund shall not invest in companies (i) whose primary activities consist of or (ii) which engage in, or that directly or indirectly control another entity whose business activity is, any one or more of the following:\r\n(a)	arms trading and arms production;\r\n(b)	tobacco and related products; or\r\n(c)	sale, production or distribution of pornography.\r\n. The Management Company acknowledges that XXXX is subject to the FSI France Investissement charters dated June 9, 2010. In particular, the Management Company hereby undertakes, inter alia, (i) to take any necessary actions in order to promote the socially responsible investing approach vis-à-vis the Fund’s portfolio companies, (ii) to complete any and all obligations in connection with the fight against money laundering activities in accordance with the applicable anti-money laundering laws and regulations, and (iii) to respect the €15 million maximum investment limit in any one Portfolio Company.', 'yes', 'na', 'na'),
(13, 'G Square ', NULL, '2012-11-23 11:38:25', NULL, 'adveq-PBBT', 'In Progress', '', 13, '0', 'yes', 'yes', '2', 'yes', '1', 'Our fund focuses exclusively on investing in healthcare companies', 'pl', 'pl', 'na', 'no', 'by', NULL, NULL, 'a:1:{i:0;s:4:"4530";}', 'None', 'None', '* reputation\r\n* level of quality', 'Creation of jobs in a highly regulated industry', 'We invest in European countries. We will pay particular attention if we have the opportunity to invest in Turkey.', 'Nordic countries with a high level of embedded ESG.', 'no', '* investments in companies which would not respect the UN global compact\r\n* investments in companies involved in the weapon industry\r\n* investments in companies which do not respect ESG principles', 'na', 'yes', 'yes', 'yes', 'yes', 'yes', 'yes', 'yes', 'yes', 'pl', 'no', '55', 'no', 'yes', 'yes', 'yes', 'We rely on outside consultants during the due diligence process, and we have internal resources regarding the monitoring and exit processes. Specific expertse was acquired through the participation in ESG seminars, organized by the PE industry or the UN PRI body.', 'N/A', 'We have a regular process for ESG assessment at portfolio companies.', 'Since July 2012, all investment opportunities go through a screening process.', 'One of our portfolio companies also signed the UN Global Compact principles.', NULL, 'We do visit all companies on site, and get an ESG assessment.', 'We do not understand the question.', 'N/A - we are not currently in fundraising mode', NULL, NULL, '? - same question as #8 -', NULL, NULL, NULL, 'N/A We do not understand the question - same as #12, except for proposed answers -', 'N/A We do not understand the question - same as #12, except for proposed answers -', 'We invest exclusively in healthcare', 'We invest exclusively in healthcare', 'We invest exclusively in healthcare', 'Healthcare is a highly regulated sector, under strict governance and human resources management constraints', NULL, NULL, NULL, 'We invest in Europe', NULL, NULL, NULL, NULL, NULL, 'Focus on quality of care and human resource management', NULL, 'We have a responsible investment policy and a person in charge', NULL, NULL, NULL, NULL, NULL, NULL, NULL, 'Yes, with Adveq (not with ESG Analytics)', NULL, NULL, NULL, NULL, NULL, 'We rely on consultants at investment stage, and after rely on our Internal specialist', 'We rely on consultants at investment stage, and after rely on our Internal specialist', 'We rely on consultants at investment stage, and after rely on our Internal specialist', 'We cannot invest in companies which:\r\n* would not respect the UN global compact\r\n* would be involved in the weapon industry\r\n* do not respect ESG principles', 'yes', 'na', NULL),
(14, 'Holland Private Equity', NULL, '2012-11-23 11:38:26', NULL, 'adveq-PSBR', 'In Progress', '', 14, '20', 'yes', 'no', '1', 'no', '1', 'Technology', 'no', 'no', 'no', 'no', 'no', '3', '3', 'a:11:{i:0;s:4:"0570";i:1;s:4:"0580";i:2;s:4:"2710";i:3;s:4:"2730";i:4;s:4:"2790";i:5;s:4:"3350";i:6;s:4:"4530";i:7;s:4:"6530";i:8;s:4:"6570";i:9;s:4:"9530";i:10;s:4:"9570";}', 'These sectors can tribute to damage to the environment.  ', 'The products we invest can decrease damage to the environment', 'Implicitely we consider how the products relates to the environment, how the labour environment, health and safety for employees are, how the decision structure is etc.  ', 'No specifice opportunities', 'We invest in companies in The Netherlands, Germany and Switserland. There is no extra attention for these countries', 'We invest in companies in The Netherlands, Germany and Switserland. There is no extra attention for these countries', 'yes', 'See list a question 8', 'yes', 'pl', 'yes', 'no', 'yes', 'no', 'no', 'yes', 'no', 'no', 'no', '45', 'no', 'no', 'no', 'no', 'n/a', 'We have identified an ESG factor / risk and decided to cancel the further business due dilligence.  ', 'n/a', NULL, NULL, NULL, NULL, NULL, 'Yes, the fund is not allowed to invest in the portfolio companies which are not engaged, directly or indirectly, in:\r\n(A)	production of and trade in weapons and ammunition;\r\n(B)	casinos and equivalent enterprises;\r\n(C)	production of and trade in tobacco and distilled alcoholic beverages and related products; \r\n(D)	human cloning for reproduction purposes; or\r\n(E)	research, development or technical applications relating to electronic data programs or solutions, which \r\n(i)	aim specifically at: \r\n(1) 	supporting any activity included in the restricted sectors referred to above;\r\n(2)	internet gambling and online casinos; or\r\n(3)	pornography, or which \r\n(ii)	are intended to enable to illegally:\r\n(1) 	enter into electronic data networks; or \r\n(2) 	download electronic data.\r\n', 'I put in here a list of 9 sectors within technology, but the page cannot save this. After 15 minutes I will move on.', NULL, NULL, 'The Manager of the Fund donates a specific %  of gains to charitable organizations. ', NULL, NULL, 'will be implemented in 2013. At least for one company it is obliged', 'will be implemented in 2013', NULL, NULL, NULL, NULL, NULL, NULL, NULL, 'The portfolio companies shall not be engaged, directly or indirectly, in:\r\n(A)	production of and trade in weapons and ammunition;\r\n(B)	casinos and equivalent enterprises;\r\n(C)	production of and trade in tobacco and distilled alcoholic beverages and related products; \r\n(D)	human cloning for reproduction purposes; or\r\n(E)	research, development or technical applications relating to electronic data programs or solutions, which \r\n(i)	aim specifically at: \r\n(1) 	supporting any activity included in the restricted sectors referred to above;\r\n(2)	internet gambling and online casinos; or\r\n(3)	pornography, or which \r\n(ii)	are intended to enable to illegally:\r\n(1) 	enter into electronic data networks; or \r\n(2) 	download electronic data.\r\n', NULL, NULL, NULL, NULL, 'This is communicated to our staff and is plannen to our LP''s and portfolio companies', NULL, 'The CFO, Titus Schurink', NULL, NULL, 'Via EVCA courses but also the Dutch PE Association and Newsletters and database of UNPRI', NULL, NULL, NULL, NULL, NULL, 'If they are fairly and realistic', 'This is planned in Q1 2013', NULL, NULL, NULL, NULL, NULL, NULL, NULL, NULL, 'yes', 'yes', NULL),
(15, 'Investindustrial Partners', NULL, '2012-11-23 11:38:27', NULL, 'adveq-NIGZ', 'In Progress', '', 15, '100', 'yes', 'yes', '2', 'yes', '1', 'EXCLUDED: Activities contravening the “EU, USA and/or UN Trade Sanction Lists”, Armaments, Tobacco, Pornography, Gambling. SENSITIVE: Genetically modified products for Agriculture, Animal testing, Civil Nuclear, Oil and gas exploration.\r\n\r\n', 'yes', 'yes', 'no', 'na', 'no', '3', '3', '3350', 'Environmental risks related to the compliance with CO2 emissions.', NULL, NULL, NULL, NULL, NULL, NULL, NULL, NULL, NULL, NULL, NULL, NULL, NULL, NULL, NULL, NULL, NULL, NULL, '0', NULL, NULL, NULL, NULL, NULL, NULL, NULL, 'ESG screening has been developed on a deal by deal basis according with the level of risk/opportunity related to each company/sector.', NULL, NULL, 'Investindustrial puts its best effort to include all the phases indicated as possible answers', 'Please check!', NULL, 'Investindustrial has recently issued revised guidelines in relation to excluded and sensitive investments:\r\nSectors have been classified as either “Excluded”, where Investindustrial rules out making investments in companies active in that sector, or “Sensitive” where Investindustrial intends to minimise its exposure and will apply more stringent requirements prior to the making of investments and during the investment holding period', NULL, NULL, NULL, NULL, NULL, NULL, NULL, 'The fund is looking at several investment opportunities in different sectors including automobiles & parts', NULL, NULL, NULL, NULL, NULL, NULL, NULL, NULL, NULL, NULL, NULL, NULL, NULL, NULL, NULL, NULL, NULL, NULL, NULL, NULL, NULL, NULL, NULL, NULL, NULL, NULL, NULL, NULL, NULL, NULL, NULL, NULL, NULL, NULL, NULL),
(16, 'NEO Capital Private Equity LLP', NULL, '2012-11-23 11:38:28', NULL, 'adveq-ASKR', 'In Progress', '', 16, '0', 'pl', 'pl', '1', 'no', '3', 'Tobacco\r\nArms', 'yes', 'no', 'no', 'no', 'by', '3', '3', 'a:6:{i:0;s:4:"2790";i:1;s:4:"3530";i:2;s:4:"3740";i:3;s:4:"3760";i:4;s:4:"5750";i:5;s:4:"9530";}', NULL, NULL, NULL, NULL, NULL, NULL, 'yes', NULL, 'na', 'yes', 'yes', NULL, 'yes', NULL, 'no', 'yes', 'yes', 'yes', 'no', '0', 'yes', 'no', 'yes', 'yes', 'Internal resource and external consultants as part of due diligence process', NULL, 'We woud like to implement an annual review by the portfolio company', NULL, NULL, NULL, NULL, NULL, NULL, NULL, NULL, NULL, 'The Fund Manager makes annual donations to charitable organisations out of Management Fees', NULL, NULL, NULL, NULL, NULL, NULL, NULL, NULL, NULL, NULL, NULL, NULL, NULL, 0, NULL, NULL, NULL, NULL, NULL, NULL, NULL, NULL, NULL, 'Related to bonus awards', NULL, NULL, NULL, NULL, NULL, NULL, NULL, NULL, NULL, NULL, NULL, NULL, NULL, 'yes', 'na', 'directly'),
(17, 'Procuritas Partners KB', NULL, '2012-11-23 11:38:29', NULL, 'adveq-QIMQ', 'In Progress', '', 17, '100', 'no', 'yes', '1', NULL, '1', 'Weapons, drugs, prostitution, real estate, alcohol related businesses.', 'yes', 'yes', 'no', 'no', 'yes', '3', '2', 'a:34:{i:0;s:4:"0570";i:1;s:4:"0580";i:2;s:4:"1350";i:3;s:4:"1730";i:4;s:4:"1750";i:5;s:4:"2350";i:6;s:4:"2720";i:7;s:4:"2730";i:8;s:4:"2750";i:9;s:4:"2770";i:10;s:4:"2790";i:11;s:4:"3530";i:12;s:4:"3570";i:13;s:4:"3720";i:14;s:4:"3740";i:15;s:4:"3760";i:16;s:4:"4530";i:17;s:4:"4570";i:18;s:4:"5330";i:19;s:4:"5370";i:20;s:4:"5550";i:21;s:4:"5750";i:22;s:4:"6530";i:23;s:4:"6570";i:24;s:4:"7530";i:25;s:4:"7570";i:26;s:4:"8350";i:27;s:4:"8530";i:28;s:4:"8570";i:29;s:4:"8770";i:30;s:4:"8980";i:31;s:4:"8990";i:32;s:4:"9530";i:33;s:4:"9570";}', 'Which geographies?? Have not stated any geographies. ', 'Which geographies?? Have not stated any geographies. ', 'Well, it is difficult to say all risks we consider as there are quite many... As an illustration, we consider labour related issues for manufacturing and service companies with production in certain regions; environmental issues for companies managing hazardus waste etc.', 'Same as in 4), there are plenty. As an example we look at possibilities to take care of waste for certain producing companies and if we can make transportation more effective; which in turn would reduce CO2 emissions.', 'As in 4, 5 - there are plenty. As an example, Russian exposure involves engagement in bribery issues.', NULL, 'no', NULL, 'na', 'yes', 'no', 'ex', 'yes', NULL, 'yes', 'yes', 'yes', 'no', 'no', '0', 'yes', 'no', 'yes', 'yes', 'Externally throiugh assistance from lawyers and specialised consultancy firms. ', 'During the environmental due diligence of a portfolio company, Golder identified an number of activities/installations that may have resulted in potential subsurface contamination at the Site as follows:\r\n- A petrol station located at the Site\r\n- Historical on-Site activities related to the repair and maintenance of vehicles as well as the operation of a heating plant\r\n- etc\r\n\r\nThe recommendation was to conduct a soil and groundwater investigation to confirm any contamination of the Site.', 'I would consider reviewing and assessing a portfolio companies throughy an easy to use online assessment. ', 'Before making any investment. aq thorough due diligence is conducted, including - when applicable - environmental due diligence and similar.', NULL, 'I a way - yes. We have a formal process where we first hire due diligence players to conduct a "red flag report" to highlight possible issues. Then for instance issues such as environmental concerns, asbestos issues etc arise which we subsequently dig deeper into. ', 'We do both site visits and write about ESG in our investment memo reports. (can only fill in one of the above for some reason).', 'Does this include KYC? If so, yes - otherwise no. ', 'There are certain criteria in our LPA that restricts us from investing in companies dealing with weapons, drugs, prostitution etc. ', NULL, 'In our opinion, manging ESG-related issues and opportunities is a part of conducting good business. It is not something that falls outside of the operational work, but rather is a very well integrated part. Our Partners are incentivised by good performing portfolio companies and if a portfolio company is managed properly and has good performance then the partners get a high compensation. I.e. compensation to the Partners is partly determined by ESG performance.', 'As per above. ', NULL, NULL, NULL, NULL, 'We assist them in the reporting back to the fund. ', 'We invest in most sectors.', NULL, NULL, NULL, NULL, NULL, NULL, NULL, NULL, 0, NULL, NULL, NULL, 'Difficult to assess. We have recently implemented one and therefore we cannot assess the exact development yet. ', NULL, 'Responsible for ESG: Johanna Rastad, Investment Manager.', NULL, NULL, 'We have in a few instances.', NULL, NULL, NULL, NULL, NULL, NULL, NULL, NULL, NULL, NULL, 'Golder has helped us with assessments regarding environmental exposure and ideas for improvement. ', 'Lawyers such as Törngren Magnell, Allians, Wiersholm, Kvale etc that assists in for example employee related issues. ', 'Lawyers such as Törngren Magnell, Allians, Wiersholm, Kvale etc that assists in for example governance issues that have taken place historically in an investment. ', NULL, 'yes', 'na', 'na'),
(18, 'Stirling Square', NULL, '2012-11-23 11:38:30', NULL, 'adveq-NTKR', 'In Progress', '', 18, '100', 'no', 'yes', '1', NULL, '1', 'pornography, tobacco, gambling, environmentally harmful industries, weapons and, in certain circumstances, alcohol', 'no', 'no', 'no', 'no', 'no', NULL, NULL, 'N;', 'From our ESG reporting to date, we have not highlighted any specific risk issues that require additional attention over and above our normal monitoring whether due to geography or sector of our portfolio company operating activities.', 'From our ESG reporting to date, we have not highlighted any specific opportunities that require additional attention over and above our normal monitoring whether due to geography or sector of our portfolio company operating activities.', 'From our ESG reporting to date, we have not highlighted any specific risk issues that require additional attention over and above our normal monitoring whether due to geography or sector of our portfolio company operating activities.', 'From our ESG reporting to date, we have not highlighted any specific opportunities that require additional attention over and above our normal monitoring whether due to geography or sector of our portfolio company operating activities.', 'From our ESG reporting to date, we have not highlighted any specific risk issues that require additional attention over and above our normal monitoring whether due to geography or sector of our portfolio company operating activities.', 'From our ESG reporting to date, we have not highlighted any specific opportunities that require additional attention over and above our normal monitoring whether due to geography or sector of our portfolio company operating activities.', 'yes', 'tobacco, weapons, pornography, environmentally harmful industries, gambling and, in certain circumstances, alcohol.', 'yes', 'yes', 'yes', NULL, 'yes', NULL, 'yes', 'yes', 'yes', 'yes', 'no', '0', 'yes', 'no', 'yes', 'yes', 'The team are trained in ESG matters and, to the extent material ESG matters  are a feature of an investment, will call in the experts if necessary.', 'SAR AS handles and treats oil contaminated mud and cuttings and hazardous and industrial waste received from offshore oil installations.  Environmental DD confirmed to us the company operates to the high standards demanded by the Norwegian State for the offshore oil and gas service companies operating on the Norwegian Continental Shelf.', 'ESG assessment through monthly reporting and ad hoc, as demanded by situation arising.', NULL, NULL, NULL, 'All the above should be ticked, the system does not permit this', 'Don''t understand this question.  If we co-invest with others, we would expect our ESG standards or higher to apply to that investment', NULL, NULL, NULL, NULL, NULL, NULL, NULL, 'Don''t understand the question.', 'Don''t understand the question.', 'We are generalists with no specific sector exclusions', NULL, NULL, NULL, NULL, NULL, NULL, 'We do not invest in tobacco, weapons, pornography, environmentally harmful industries, gambling and, in certain circumstances, alcohol.', NULL, NULL, NULL, 'We follow the UN PRI', NULL, 'Not yet apparent', NULL, NULL, NULL, NULL, NULL, NULL, NULL, 'Don''t know', NULL, NULL, NULL, NULL, NULL, NULL, NULL, 'As situation demands', 'As situation demands', 'As situation demands', NULL, 'no', 'yes', NULL),
(19, 'Summit Partners Europe', NULL, '2012-11-23 11:38:31', NULL, 'adveq-LQIN', 'In Progress', '', 19, '', '', '', '', '', '', '', '', '', '', '', '', '', '', '', '', '', '', '', '', '', '', '', '', '', '', '', '', '', '', '', '', '', '', '', '', '', '', '', '', '', '', '', '', '', '', '', '', '', '', '', '', '', '', '', '', '', '', '', '', '', '', '', '', '', NULL, '', '', '', '', '', '', '', '', '', '', '', '', '', '', '', '', '', '', '', NULL, NULL, NULL, NULL, NULL, NULL, NULL),
(20, 'Value Enhancement Partners', NULL, '2012-11-23 11:38:32', NULL, 'adveq-YRSR', 'In Progress', '', 20, '', '', '', '', '', '', '', '', '', '', '', '', '', '', '', '', '', '', '', '', '', '', '', '', '', '', '', '', '', '', '', '', '', '', '', '', '', '', '', '', '', '', '', '', '', '', '', '', '', '', '', '', '', '', '', '', '', '', '', '', '', '', '', '', '', NULL, '', '', '', '', '', '', '', '', '', '', '', '', '', '', '', '', '', '', '', NULL, NULL, NULL, NULL, NULL, NULL, NULL),
(21, 'BPE2 Private Equity GmbH & Co. KG - Secondary', NULL, '2012-10-18 12:08:10', NULL, 'adveq-SCJO', 'In Progress', NULL, 21, NULL, NULL, NULL, NULL, NULL, NULL, NULL, NULL, NULL, NULL, NULL, NULL, NULL, NULL, NULL, NULL, NULL, NULL, NULL, NULL, NULL, NULL, NULL, NULL, NULL, '', NULL, NULL, NULL, NULL, NULL, NULL, NULL, NULL, NULL, NULL, NULL, NULL, NULL, NULL, NULL, NULL, NULL, NULL, NULL, NULL, NULL, NULL, NULL, NULL, NULL, NULL, NULL, NULL, NULL, NULL, NULL, NULL, NULL, NULL, NULL, NULL, NULL, NULL, NULL, NULL, NULL, NULL, NULL, NULL, NULL, NULL, NULL, NULL, NULL, NULL, NULL, NULL, NULL, NULL, NULL, NULL, NULL, NULL, NULL, NULL, NULL, NULL, NULL, NULL, NULL, NULL),
(22, 'NIBC Growth Capital Fund II C.V.', NULL, '2012-10-18 12:08:10', NULL, 'adveq-CJQG', 'In Progress', NULL, 22, NULL, NULL, NULL, NULL, NULL, NULL, NULL, NULL, NULL, NULL, NULL, NULL, NULL, NULL, NULL, NULL, NULL, NULL, NULL, NULL, NULL, NULL, NULL, NULL, NULL, '', NULL, NULL, NULL, NULL, NULL, NULL, NULL, NULL, NULL, NULL, NULL, NULL, NULL, NULL, NULL, NULL, NULL, NULL, NULL, NULL, NULL, NULL, NULL, NULL, NULL, NULL, NULL, NULL, NULL, NULL, NULL, NULL, NULL, NULL, NULL, NULL, NULL, NULL, NULL, NULL, NULL, NULL, NULL, NULL, NULL, NULL, NULL, NULL, NULL, NULL, NULL, NULL, NULL, NULL, NULL, NULL, NULL, NULL, NULL, NULL, NULL, NULL, NULL, NULL, NULL, NULL),
(23, 'NIBC Merchant Banking Fund IB - Secondary', NULL, '2012-10-18 12:08:10', NULL, 'adveq-CJQG', 'In Progress', NULL, 23, NULL, NULL, NULL, NULL, NULL, NULL, NULL, NULL, NULL, NULL, NULL, NULL, NULL, NULL, NULL, NULL, NULL, NULL, NULL, NULL, NULL, NULL, NULL, NULL, NULL, '', NULL, NULL, NULL, NULL, NULL, NULL, NULL, NULL, NULL, NULL, NULL, NULL, NULL, NULL, NULL, NULL, NULL, NULL, NULL, NULL, NULL, NULL, NULL, NULL, NULL, NULL, NULL, NULL, NULL, NULL, NULL, NULL, NULL, NULL, NULL, NULL, NULL, NULL, NULL, NULL, NULL, NULL, NULL, NULL, NULL, NULL, NULL, NULL, NULL, NULL, NULL, NULL, NULL, NULL, NULL, NULL, NULL, NULL, NULL, NULL, NULL, NULL, NULL, NULL, NULL, NULL),
(24, 'Dunedin Buyout Fund III L.P.', NULL, '2012-10-18 12:08:10', NULL, 'adveq-GRWO', 'In Progress', NULL, 24, NULL, NULL, NULL, NULL, NULL, NULL, NULL, NULL, NULL, NULL, NULL, NULL, NULL, NULL, NULL, NULL, NULL, NULL, NULL, NULL, NULL, NULL, NULL, NULL, NULL, '', NULL, NULL, NULL, NULL, NULL, NULL, NULL, NULL, NULL, NULL, NULL, NULL, NULL, NULL, NULL, NULL, NULL, NULL, NULL, NULL, NULL, NULL, NULL, NULL, NULL, NULL, NULL, NULL, NULL, NULL, NULL, NULL, NULL, NULL, NULL, NULL, NULL, NULL, NULL, NULL, NULL, NULL, NULL, NULL, NULL, NULL, NULL, NULL, NULL, NULL, NULL, NULL, NULL, NULL, NULL, NULL, NULL, NULL, NULL, NULL, NULL, NULL, NULL, NULL, NULL, NULL),
(25, 'Dunedin Buyout Fund II L.P. - Secondary', NULL, '2012-10-18 12:08:10', NULL, 'adveq-GRWO', 'In Progress', NULL, 25, NULL, NULL, NULL, NULL, NULL, NULL, NULL, NULL, NULL, NULL, NULL, NULL, NULL, NULL, NULL, NULL, NULL, NULL, NULL, NULL, NULL, NULL, NULL, NULL, NULL, '', NULL, NULL, NULL, NULL, NULL, NULL, NULL, NULL, NULL, NULL, NULL, NULL, NULL, NULL, NULL, NULL, NULL, NULL, NULL, NULL, NULL, NULL, NULL, NULL, NULL, NULL, NULL, NULL, NULL, NULL, NULL, NULL, NULL, NULL, NULL, NULL, NULL, NULL, NULL, NULL, NULL, NULL, NULL, NULL, NULL, NULL, NULL, NULL, NULL, NULL, NULL, NULL, NULL, NULL, NULL, NULL, NULL, NULL, NULL, NULL, NULL, NULL, NULL, NULL, NULL, NULL),
(26, 'BPE 3 Unternehmensbeteiligungen GmbH & Co KG', NULL, '2012-10-18 12:08:10', NULL, 'adveq-SCJO', 'In Progress', NULL, 26, NULL, NULL, NULL, NULL, NULL, NULL, NULL, NULL, NULL, NULL, NULL, NULL, NULL, NULL, NULL, NULL, NULL, NULL, NULL, NULL, NULL, NULL, NULL, NULL, NULL, '', NULL, NULL, NULL, NULL, NULL, NULL, NULL, NULL, NULL, NULL, NULL, NULL, NULL, NULL, NULL, NULL, NULL, NULL, NULL, NULL, NULL, NULL, NULL, NULL, NULL, NULL, NULL, NULL, NULL, NULL, NULL, NULL, NULL, NULL, NULL, NULL, NULL, NULL, NULL, NULL, NULL, NULL, NULL, NULL, NULL, NULL, NULL, NULL, NULL, NULL, NULL, NULL, NULL, NULL, NULL, NULL, NULL, NULL, NULL, NULL, NULL, NULL, NULL, NULL, NULL, NULL),
(27, 'Procuritas Capital Investors V, L.P.', NULL, '2012-10-18 12:08:10', NULL, 'adveq-UXRW', 'In Progress', NULL, 27, NULL, NULL, NULL, NULL, NULL, NULL, NULL, NULL, NULL, NULL, NULL, NULL, NULL, NULL, NULL, NULL, NULL, NULL, NULL, NULL, NULL, NULL, NULL, NULL, NULL, '', NULL, NULL, NULL, NULL, NULL, NULL, NULL, NULL, NULL, NULL, NULL, NULL, NULL, NULL, NULL, NULL, NULL, NULL, NULL, NULL, NULL, NULL, NULL, NULL, NULL, NULL, NULL, NULL, NULL, NULL, NULL, NULL, NULL, NULL, NULL, NULL, NULL, NULL, NULL, NULL, NULL, NULL, NULL, NULL, NULL, NULL, NULL, NULL, NULL, NULL, NULL, NULL, NULL, NULL, NULL, NULL, NULL, NULL, NULL, NULL, NULL, NULL, NULL, NULL, NULL, NULL),
(28, 'Synova Capital Fund I L.P. - Secondary', NULL, '2012-10-18 12:08:10', NULL, 'adveq-ALCR', 'In Progress', NULL, 28, NULL, NULL, NULL, NULL, NULL, NULL, NULL, NULL, NULL, NULL, NULL, NULL, NULL, NULL, NULL, NULL, NULL, NULL, NULL, NULL, NULL, NULL, NULL, NULL, NULL, '', NULL, NULL, NULL, NULL, NULL, NULL, NULL, NULL, NULL, NULL, NULL, NULL, NULL, NULL, NULL, NULL, NULL, NULL, NULL, NULL, NULL, NULL, NULL, NULL, NULL, NULL, NULL, NULL, NULL, NULL, NULL, NULL, NULL, NULL, NULL, NULL, NULL, NULL, NULL, NULL, NULL, NULL, NULL, NULL, NULL, NULL, NULL, NULL, NULL, NULL, NULL, NULL, NULL, NULL, NULL, NULL, NULL, NULL, NULL, NULL, NULL, NULL, NULL, NULL, NULL, NULL),
(29, 'Egeria Private Equity Fund IV L.P.  ', NULL, '2012-10-18 12:08:10', NULL, 'adveq-WDVH', 'In Progress', NULL, 29, NULL, NULL, NULL, NULL, NULL, NULL, NULL, NULL, NULL, NULL, NULL, NULL, NULL, NULL, NULL, NULL, NULL, NULL, NULL, NULL, NULL, NULL, NULL, NULL, NULL, '', NULL, NULL, NULL, NULL, NULL, NULL, NULL, NULL, NULL, NULL, NULL, NULL, NULL, NULL, NULL, NULL, NULL, NULL, NULL, NULL, NULL, NULL, NULL, NULL, NULL, NULL, NULL, NULL, NULL, NULL, NULL, NULL, NULL, NULL, NULL, NULL, NULL, NULL, NULL, NULL, NULL, NULL, NULL, NULL, NULL, NULL, NULL, NULL, NULL, NULL, NULL, NULL, NULL, NULL, NULL, NULL, NULL, NULL, NULL, NULL, NULL, NULL, NULL, NULL, NULL, NULL),
(30, 'Endless Fund III A L.P.', NULL, '2012-10-18 12:08:10', NULL, 'adveq-JLFP', 'In Progress', NULL, 30, NULL, NULL, NULL, NULL, NULL, NULL, NULL, NULL, NULL, NULL, NULL, NULL, NULL, NULL, NULL, NULL, NULL, NULL, NULL, NULL, NULL, NULL, NULL, NULL, NULL, NULL, NULL, NULL, NULL, NULL, NULL, NULL, NULL, NULL, NULL, NULL, NULL, NULL, NULL, NULL, NULL, NULL, NULL, NULL, NULL, NULL, NULL, NULL, NULL, NULL, NULL, NULL, NULL, NULL, NULL, NULL, NULL, NULL, NULL, NULL, NULL, NULL, NULL, NULL, NULL, NULL, NULL, NULL, NULL, NULL, NULL, NULL, NULL, NULL, NULL, NULL, NULL, NULL, NULL, NULL, NULL, NULL, NULL, NULL, NULL, NULL, NULL, NULL, NULL, NULL, NULL, NULL),
(31, 'ESG Demo', NULL, NULL, NULL, 'otpp-fm1', 'In Progress', NULL, 31, '0', NULL, NULL, NULL, NULL, NULL, NULL, NULL, NULL, NULL, NULL, NULL, NULL, NULL, 'N;', NULL, NULL, NULL, NULL, NULL, NULL, NULL, NULL, NULL, NULL, NULL, NULL, NULL, NULL, NULL, NULL, NULL, NULL, NULL, '0', NULL, NULL, NULL, NULL, NULL, NULL, NULL, NULL, NULL, NULL, NULL, NULL, NULL, NULL, NULL, NULL, NULL, NULL, NULL, NULL, NULL, NULL, NULL, NULL, NULL, NULL, NULL, NULL, NULL, NULL, NULL, NULL, NULL, NULL, NULL, NULL, NULL, NULL, NULL, NULL, NULL, NULL, NULL, NULL, NULL, NULL, NULL, NULL, NULL, NULL, NULL, NULL, NULL, NULL, NULL, NULL, NULL),
(41, 'test 1', NULL, NULL, NULL, 'otpp-fm3', 'In Progress', NULL, 41, '50', 'yes', 'yes', '1', 'yes', '1', NULL, 'yes', 'yes', 'yes', 'yes', 'yes', '1', '1', 'a:1:{i:0;s:4:"0580";}', NULL, NULL, NULL, NULL, NULL, NULL, 'no', NULL, 'yes', 'yes', 'yes', 'yes', 'yes', 'yes', 'yes', 'yes', 'yes', 'yes', 'yes', '25', 'yes', 'yes', 'yes', 'yes', NULL, NULL, NULL, NULL, NULL, NULL, NULL, NULL, NULL, NULL, NULL, NULL, NULL, NULL, NULL, NULL, NULL, NULL, NULL, NULL, NULL, NULL, NULL, NULL, NULL, NULL, NULL, NULL, NULL, NULL, NULL, NULL, NULL, NULL, NULL, NULL, NULL, NULL, NULL, NULL, NULL, NULL, NULL, NULL, NULL, NULL, NULL, NULL, NULL, NULL, 'yes', NULL, NULL),
(51, 'Test Fund', NULL, NULL, NULL, 'demo-fm1', 'In Progress', NULL, 51, '0', NULL, NULL, NULL, NULL, NULL, NULL, NULL, NULL, NULL, NULL, NULL, NULL, NULL, 'N;', NULL, NULL, NULL, NULL, NULL, NULL, NULL, NULL, NULL, NULL, NULL, NULL, NULL, NULL, NULL, NULL, NULL, NULL, NULL, '0', NULL, NULL, NULL, NULL, NULL, NULL, NULL, NULL, NULL, NULL, NULL, NULL, NULL, NULL, NULL, NULL, NULL, NULL, NULL, NULL, NULL, NULL, NULL, NULL, NULL, NULL, NULL, NULL, NULL, NULL, NULL, NULL, NULL, NULL, NULL, NULL, NULL, NULL, NULL, NULL, NULL, NULL, NULL, NULL, NULL, NULL, NULL, NULL, NULL, NULL, NULL, NULL, NULL, NULL, NULL, NULL, NULL);
INSERT INTO `fmassessment` (`id`, `name`, `description`, `start_date`, `end_date`, `username`, `status`, `score`, `fund_id`, `q1`, `q2`, `q3`, `q4`, `q5`, `q6`, `q7`, `q8`, `q9`, `q10`, `q11`, `q12`, `q13`, `q14`, `q15`, `q16`, `q17`, `q18`, `q19`, `q20`, `q21`, `q22`, `q23`, `q24`, `q25`, `q26`, `q27`, `q28`, `q29`, `q30`, `q31`, `q32`, `q33`, `q34`, `q35`, `q36`, `q37`, `q38`, `q39`, `q40`, `q41`, `q42`, `c1`, `c2`, `c3`, `c4`, `c5`, `c6`, `c7`, `c8`, `c9`, `c10`, `c11`, `c12`, `c13`, `c14`, `c15`, `c16`, `c17`, `c18`, `c19`, `c20`, `c21`, `c22`, `c23`, `q23b`, `c24`, `c25`, `c26`, `c27`, `c28`, `c29`, `c30`, `c31`, `c32`, `c33`, `c34`, `c35`, `c36`, `c37`, `c38`, `c39`, `c40`, `c41`, `c42`, `q30e`, `q30s`, `q30g`, `q37b`, `q37c`, `q24b`, `q33b`) VALUES
(52, 'Test 2', NULL, NULL, NULL, 'demo-fm1', 'In Progress', NULL, 52, NULL, NULL, NULL, NULL, NULL, NULL, NULL, NULL, NULL, NULL, NULL, NULL, NULL, NULL, NULL, NULL, NULL, NULL, NULL, NULL, NULL, NULL, NULL, NULL, NULL, NULL, NULL, NULL, NULL, NULL, NULL, NULL, NULL, NULL, NULL, NULL, NULL, NULL, NULL, NULL, NULL, NULL, NULL, NULL, NULL, NULL, NULL, NULL, NULL, NULL, NULL, NULL, NULL, NULL, NULL, NULL, NULL, NULL, NULL, NULL, NULL, NULL, NULL, NULL, NULL, NULL, NULL, NULL, NULL, NULL, NULL, NULL, NULL, NULL, NULL, NULL, NULL, NULL, NULL, NULL, NULL, NULL, NULL, NULL, NULL, NULL, NULL, NULL, NULL, NULL, NULL, NULL),
(53, 'Test 2', NULL, NULL, NULL, 'demo-fm1', 'In Progress', NULL, 53, NULL, NULL, NULL, NULL, NULL, NULL, NULL, NULL, NULL, NULL, NULL, NULL, NULL, NULL, NULL, NULL, NULL, NULL, NULL, NULL, NULL, NULL, NULL, NULL, NULL, NULL, NULL, NULL, NULL, NULL, NULL, NULL, NULL, NULL, NULL, NULL, NULL, NULL, NULL, NULL, NULL, NULL, NULL, NULL, NULL, NULL, NULL, NULL, NULL, NULL, NULL, NULL, NULL, NULL, NULL, NULL, NULL, NULL, NULL, NULL, NULL, NULL, NULL, NULL, NULL, NULL, NULL, NULL, NULL, NULL, NULL, NULL, NULL, NULL, NULL, NULL, NULL, NULL, NULL, NULL, NULL, NULL, NULL, NULL, NULL, NULL, NULL, NULL, NULL, NULL, NULL, NULL),
(54, 'Third Test', NULL, NULL, NULL, 'demo-fm1', 'In Progress', NULL, 54, NULL, NULL, NULL, NULL, NULL, NULL, NULL, NULL, NULL, NULL, NULL, NULL, NULL, NULL, NULL, NULL, NULL, NULL, NULL, NULL, NULL, NULL, NULL, NULL, NULL, NULL, NULL, NULL, NULL, NULL, NULL, NULL, NULL, NULL, NULL, NULL, NULL, NULL, NULL, NULL, NULL, NULL, NULL, NULL, NULL, NULL, NULL, NULL, NULL, NULL, NULL, NULL, NULL, NULL, NULL, NULL, NULL, NULL, NULL, NULL, NULL, NULL, NULL, NULL, NULL, NULL, NULL, NULL, NULL, NULL, NULL, NULL, NULL, NULL, NULL, NULL, NULL, NULL, NULL, NULL, NULL, NULL, NULL, NULL, NULL, NULL, NULL, NULL, NULL, NULL, NULL, NULL);

-- --------------------------------------------------------

--
-- Table structure for table `fund`
--

CREATE TABLE IF NOT EXISTS `fund` (
  `id` int(11) NOT NULL AUTO_INCREMENT,
  `name` varchar(45) DEFAULT NULL,
  `inception` varchar(4) DEFAULT NULL,
  `vintage` varchar(4) DEFAULT NULL,
  `assetclass` varchar(50) DEFAULT NULL,
  `fundstage` varchar(50) DEFAULT NULL,
  `securitytype` varchar(50) DEFAULT NULL,
  `investingstatus` varchar(50) DEFAULT NULL,
  `targetmarket` varchar(20) DEFAULT NULL,
  `africa` tinyint(1) DEFAULT NULL,
  `asia` tinyint(1) DEFAULT NULL,
  `europe` tinyint(1) DEFAULT NULL,
  `latin` tinyint(1) DEFAULT NULL,
  `middle` tinyint(1) DEFAULT NULL,
  `north` tinyint(1) DEFAULT NULL,
  `oceania` tinyint(1) DEFAULT NULL,
  `global` tinyint(1) DEFAULT NULL,
  `global2` tinyint(1) DEFAULT NULL,
  `nospecific` tinyint(1) DEFAULT NULL,
  `industry` text,
  `fundraisingstatus` varchar(50) DEFAULT NULL,
  `targetclose` varchar(20) DEFAULT NULL,
  `term` varchar(2) DEFAULT NULL,
  `totalcapital` varchar(10) DEFAULT NULL,
  `targetcapital` varchar(10) DEFAULT NULL,
  `description` text,
  `mission` text,
  `strategy` text,
  `username` varchar(100) NOT NULL,
  `status` enum('active','deleted') NOT NULL DEFAULT 'active',
  PRIMARY KEY (`id`)
) ENGINE=InnoDB  DEFAULT CHARSET=latin1 AUTO_INCREMENT=55 ;

--
-- Dumping data for table `fund`
--

INSERT INTO `fund` (`id`, `name`, `inception`, `vintage`, `assetclass`, `fundstage`, `securitytype`, `investingstatus`, `targetmarket`, `africa`, `asia`, `europe`, `latin`, `middle`, `north`, `oceania`, `global`, `global2`, `nospecific`, `industry`, `fundraisingstatus`, `targetclose`, `term`, `totalcapital`, `targetcapital`, `description`, `mission`, `strategy`, `username`, `status`) VALUES
(1, 'US-TECH 2', '2004', '2006', 'private', 'buy', 'n/a', 'actively', 'developed', NULL, NULL, NULL, NULL, NULL, 0, NULL, NULL, NULL, NULL, 'a:4:{i:0;s:4:"0580";i:1;s:4:"1730";i:2;s:4:"3350";i:3;s:4:"9570";}', 'openone', 'Q2 2016', '10', '70', '85', NULL, NULL, NULL, 'demo-fm1', 'active'),
(2, 'Eco 4', '2005', '2009', 'private', 'distressed', 'n/a', 'nolonger', 'emerging', NULL, NULL, NULL, 0, NULL, NULL, 0, NULL, NULL, NULL, '530', 'openno', NULL, NULL, NULL, NULL, NULL, NULL, NULL, '1', 'active'),
(3, 'Chemical Fund', '2002', '2009', 'private', 'distressed', 'n/a', 'actively', 'emerging', NULL, NULL, 0, NULL, NULL, 0, 0, NULL, NULL, NULL, '1750', 'openone', '2015', '5', '900', '2500', 'This is a description', 'This is s mission', 'This is a strategy', '1', 'active'),
(4, 'AnaCap Financial Partners II, L.P.', NULL, NULL, 'private', NULL, NULL, NULL, NULL, NULL, NULL, NULL, NULL, NULL, NULL, NULL, NULL, NULL, NULL, NULL, NULL, NULL, NULL, NULL, NULL, NULL, NULL, NULL, 'adveq-VIUT', 'active'),
(5, 'Auctus III GmbH & Co. KG', NULL, NULL, 'private', NULL, NULL, NULL, NULL, NULL, NULL, NULL, NULL, NULL, NULL, NULL, NULL, NULL, NULL, NULL, NULL, NULL, NULL, NULL, NULL, NULL, NULL, NULL, 'adveq-QBNK', 'active'),
(6, 'Bain Capital Europe Fund III, L.P.', NULL, NULL, 'private', NULL, NULL, NULL, NULL, NULL, NULL, NULL, NULL, NULL, NULL, NULL, NULL, NULL, NULL, NULL, NULL, NULL, NULL, NULL, NULL, NULL, NULL, NULL, 'adveq-LSMI', 'active'),
(7, 'Balderton Capital IV, L.P.', NULL, NULL, 'private', NULL, NULL, NULL, NULL, NULL, NULL, NULL, NULL, NULL, NULL, NULL, NULL, NULL, NULL, NULL, NULL, NULL, NULL, NULL, NULL, NULL, NULL, NULL, 'adveq-VBCA', 'active'),
(8, 'Bowmark Capital Partners IV, L.P.', '2008', '2008', 'private', 'growth', 'n/a', 'actively', 'developed', NULL, NULL, 0, NULL, NULL, NULL, NULL, NULL, NULL, NULL, 'a:5:{i:0;s:4:"2790";i:1;s:4:"4530";i:2;s:4:"5550";i:3;s:4:"5750";i:4;s:4:"9530";}', 'closed', '1/2008', '10', '270000000', '270000000', 'The Fund will invest in companies where the primary drivers of value creation are revenue\r\nand profit growth. It will seek to lead all of its investments and will generally target controlling\r\nshareholdings. Whilst a range of industries will be considered for investment, the focus will be\r\non the following five sectors: business services; healthcare services; leisure; media and IT\r\nservices. These are the sectors which Bowmark believes will offer the most attractive\r\nopportunities for smaller mid-market investment in the UK during the life of the Fund, and in\r\nwhich it has built up considerable experience.', NULL, 'The Fund is continuing Bowmark''s proven strategy of active investment in smaller UK companies, typically with enterprise values of less than £75 million. It expects to make equity investments of between £10 million and £20 million per transaction in a diversified portfolio of 12 to 15 companies, and will invest in\r\nmanagement buy-outs, buy-ins, build-ups, roll-outs, acquisition financings and other laterstage\r\ndevelopment capital transactions.', 'adveq-KIVF', 'active'),
(9, 'CGS III (Jersey) L.P.', '2012', '2013', 'private', 'buy', 'n/a', 'actively', 'developed', NULL, NULL, NULL, NULL, NULL, NULL, NULL, 0, NULL, NULL, 'a:4:{i:0;s:4:"2350";i:1;s:4:"2720";i:2;s:4:"2730";i:3;s:4:"2750";}', 'openone', '2013', '8', '107', '180', NULL, NULL, NULL, 'adveq-MWOY', 'active'),
(10, 'Egeria Private Equity Fund III, L.P.', NULL, NULL, 'private', NULL, NULL, NULL, NULL, NULL, NULL, NULL, NULL, NULL, NULL, NULL, NULL, NULL, NULL, NULL, NULL, NULL, NULL, NULL, NULL, NULL, NULL, NULL, 'adveq-WHAP', 'active'),
(11, 'Endless Fund II A L.P.', '2008', '2008', 'private', 'distressed', 'n/a', 'actively', 'developed', NULL, NULL, 0, NULL, NULL, NULL, NULL, NULL, NULL, NULL, 'a:33:{i:0;s:4:"0570";i:1;s:4:"1350";i:2;s:4:"1730";i:3;s:4:"1750";i:4;s:4:"1770";i:5;s:4:"2350";i:6;s:4:"2710";i:7;s:4:"2720";i:8;s:4:"2730";i:9;s:4:"2750";i:10;s:4:"2770";i:11;s:4:"2790";i:12;s:4:"3350";i:13;s:4:"3530";i:14;s:4:"3570";i:15;s:4:"3720";i:16;s:4:"3740";i:17;s:4:"3760";i:18;s:4:"4530";i:19;s:4:"4570";i:20;s:4:"5330";i:21;s:4:"5370";i:22;s:4:"5550";i:23;s:4:"5750";i:24;s:4:"6530";i:25;s:4:"6570";i:26;s:4:"8530";i:27;s:4:"8630";i:28;s:4:"8770";i:29;s:4:"8980";i:30;s:4:"8990";i:31;s:4:"9530";i:32;s:4:"9570";}', 'closed', 'N/a', '5', '£160m', 'N/a', 'Endless Fund II is a broadly based £160m fund that is sector agnostic and focuses primarily on turnaround and special sitations in the UK.  It remains in the investment phase until 2013 and is currently looking at investment opportunities alongside Endless Fund III, a £211m Fund operating in the same sector of the market.', NULL, NULL, 'adveq-JLFP', 'active'),
(12, 'France Special Situations Fund I FCPR', '2010', '2010', 'private', 'distressed', 'n/a', 'actively', 'developed', NULL, NULL, 0, NULL, NULL, NULL, NULL, NULL, NULL, NULL, 'a:37:{i:0;s:4:"0530";i:1;s:4:"0570";i:2;s:4:"0580";i:3;s:4:"1350";i:4;s:4:"1730";i:5;s:4:"1750";i:6;s:4:"1770";i:7;s:4:"2350";i:8;s:4:"2710";i:9;s:4:"2720";i:10;s:4:"2730";i:11;s:4:"2750";i:12;s:4:"2770";i:13;s:4:"2790";i:14;s:4:"3350";i:15;s:4:"3530";i:16;s:4:"3570";i:17;s:4:"3720";i:18;s:4:"3740";i:19;s:4:"3760";i:20;s:4:"4530";i:21;s:4:"4570";i:22;s:4:"5330";i:23;s:4:"5370";i:24;s:4:"5550";i:25;s:4:"5750";i:26;s:4:"6530";i:27;s:4:"6570";i:28;s:4:"7530";i:29;s:4:"7570";i:30;s:4:"8350";i:31;s:4:"8530";i:32;s:4:"8570";i:33;s:4:"8630";i:34;s:4:"8770";i:35;s:4:"9530";i:36;s:4:"9570";}', 'closed', NULL, '5', '151464390', NULL, NULL, NULL, 'France', 'adveq-FRGN', 'active'),
(13, 'G Square Capital I, FCPR', '2008', '2009', 'private', 'buy', 'n/a', 'actively', 'developed', NULL, NULL, 0, NULL, NULL, NULL, NULL, NULL, NULL, NULL, 'a:1:{i:0;s:4:"4530";}', 'closed', NULL, '10', '209', '209', NULL, NULL, NULL, 'adveq-PBBT', 'active'),
(14, 'HPE PRO Institutional Fund B.V.', '2010', '2010', 'private', 'growth', 'n/a', 'actively', 'developed', NULL, NULL, 0, NULL, NULL, NULL, NULL, NULL, NULL, NULL, 'a:10:{i:0;s:4:"0570";i:1;s:4:"2710";i:2;s:4:"2730";i:3;s:4:"2790";i:4;s:4:"3350";i:5;s:4:"4530";i:6;s:4:"6530";i:7;s:4:"6570";i:8;s:4:"9530";i:9;s:4:"9570";}', 'openno', 'December 2017', '5', '155', '150', 'HPE is an investment firm focusing on growth-stage investments in small and mid-market technology companies in the Benelux and Germany using equity only. We aim to create value in our portfolio companies through internationalization, expansion of sales and marketing, operational excellence and buy-and-build.', NULL, NULL, 'adveq-PSBR', 'active'),
(15, 'Investindustrial III L.P. Build-Up', '2009', '2009', 'private', 'buy', 'n/a', 'actively', 'developed', NULL, NULL, 0, NULL, NULL, NULL, NULL, NULL, NULL, NULL, 'N;', 'closed', 'Q3/2009', '2', '100', '100', NULL, 'The Fund is investing in platform companies in Fund III in need of further capital to pursue build-up acquisitions.', NULL, 'adveq-NIGZ', 'active'),
(16, 'NEO Capital Private Equity Fund I L.P.', '2008', '2008', 'private', 'growth', 'n/a', 'actively', 'developed', NULL, NULL, 0, NULL, NULL, NULL, NULL, NULL, NULL, NULL, 'N;', 'closed', NULL, '10', '101.2m', NULL, NULL, NULL, NULL, 'adveq-ASKR', 'active'),
(17, 'Procuritas Capital Investors IV A, L.P.', NULL, NULL, 'private', NULL, NULL, NULL, NULL, NULL, NULL, NULL, NULL, NULL, NULL, NULL, NULL, NULL, NULL, NULL, NULL, NULL, NULL, NULL, NULL, NULL, NULL, NULL, 'adveq-QIMQ', 'active'),
(18, 'Stirling Square Capital Partners Second Fund ', NULL, NULL, 'private', NULL, NULL, NULL, NULL, NULL, NULL, NULL, NULL, NULL, NULL, NULL, NULL, NULL, NULL, NULL, NULL, NULL, NULL, NULL, NULL, NULL, NULL, NULL, 'adveq-NTKR', 'active'),
(19, 'Summit Partners Europe PE Fund, L.P.', NULL, NULL, 'private', NULL, NULL, NULL, NULL, NULL, NULL, NULL, NULL, NULL, NULL, NULL, NULL, NULL, NULL, NULL, NULL, NULL, NULL, NULL, NULL, NULL, NULL, NULL, 'adveq-LQIN', 'active'),
(20, 'VEP Special Situations Fund I, C.V.', NULL, NULL, 'private', NULL, NULL, NULL, NULL, NULL, NULL, NULL, NULL, NULL, NULL, NULL, NULL, NULL, NULL, NULL, NULL, NULL, NULL, NULL, NULL, NULL, NULL, NULL, 'adveq-YRSR', 'active'),
(21, 'BPE2 Private Equity GmbH & Co. KG - Secondary', NULL, NULL, 'private', NULL, NULL, NULL, NULL, NULL, NULL, NULL, NULL, NULL, NULL, NULL, NULL, NULL, NULL, NULL, NULL, NULL, NULL, NULL, NULL, NULL, NULL, NULL, 'adveq-SCJO', 'active'),
(22, 'NIBC Growth Capital Fund II C.V.', NULL, NULL, 'private', NULL, NULL, NULL, NULL, NULL, NULL, NULL, NULL, NULL, NULL, NULL, NULL, NULL, NULL, NULL, NULL, NULL, NULL, NULL, NULL, NULL, NULL, NULL, 'adveq-CJQG', 'active'),
(23, 'NIBC Merchant Banking Fund IB - Secondary', NULL, NULL, 'private', NULL, NULL, NULL, NULL, NULL, NULL, NULL, NULL, NULL, NULL, NULL, NULL, NULL, NULL, NULL, NULL, NULL, NULL, NULL, NULL, NULL, NULL, NULL, 'adveq-CJQG', 'active'),
(24, 'Dunedin Buyout Fund III L.P.', NULL, NULL, 'private', NULL, NULL, NULL, NULL, NULL, NULL, NULL, NULL, NULL, NULL, NULL, NULL, NULL, NULL, NULL, NULL, NULL, NULL, NULL, NULL, NULL, NULL, NULL, 'adveq-GRWO', 'active'),
(25, 'Dunedin Buyout Fund II L.P. - Secondary', NULL, NULL, 'private', NULL, NULL, NULL, NULL, NULL, NULL, NULL, NULL, NULL, NULL, NULL, NULL, NULL, NULL, NULL, NULL, NULL, NULL, NULL, NULL, NULL, NULL, NULL, 'adveq-GRWO', 'active'),
(26, 'BPE 3 Unternehmensbeteiligungen GmbH & Co KG', NULL, NULL, 'private', NULL, NULL, NULL, NULL, NULL, NULL, NULL, NULL, NULL, NULL, NULL, NULL, NULL, NULL, NULL, NULL, NULL, NULL, NULL, NULL, NULL, NULL, NULL, 'adveq-SCJO', 'active'),
(27, 'Procuritas Capital Investors V, L.P.', '2012', '2012', 'private', 'buy', 'n/a', 'actively', 'developed', NULL, NULL, 0, NULL, NULL, NULL, NULL, NULL, NULL, NULL, 'a:37:{i:0;s:4:"0530";i:1;s:4:"0570";i:2;s:4:"1350";i:3;s:4:"1730";i:4;s:4:"1750";i:5;s:4:"1770";i:6;s:4:"2350";i:7;s:4:"2710";i:8;s:4:"2720";i:9;s:4:"2730";i:10;s:4:"2750";i:11;s:4:"2770";i:12;s:4:"2790";i:13;s:4:"3350";i:14;s:4:"3530";i:15;s:4:"3570";i:16;s:4:"3720";i:17;s:4:"3740";i:18;s:4:"3760";i:19;s:4:"3780";i:20;s:4:"4530";i:21;s:4:"4570";i:22;s:4:"5330";i:23;s:4:"5370";i:24;s:4:"5550";i:25;s:4:"6530";i:26;s:4:"6570";i:27;s:4:"7530";i:28;s:4:"7570";i:29;s:4:"8350";i:30;s:4:"8530";i:31;s:4:"8570";i:32;s:4:"8770";i:33;s:4:"8980";i:34;s:4:"8990";i:35;s:4:"9530";i:36;s:4:"9570";}', 'openone', 'June 2022', '10', '210', '210', NULL, NULL, NULL, 'adveq-UXRW', 'active'),
(28, 'Synova Capital Fund I L.P. - Secondary', NULL, NULL, 'private', NULL, NULL, NULL, NULL, NULL, NULL, NULL, NULL, NULL, NULL, NULL, NULL, NULL, NULL, NULL, NULL, NULL, NULL, NULL, NULL, NULL, NULL, NULL, 'adveq-ALCR', 'active'),
(29, 'Egeria Private Equity Fund IV L.P.  ', NULL, NULL, 'private', NULL, NULL, NULL, NULL, NULL, NULL, NULL, NULL, NULL, NULL, NULL, NULL, NULL, NULL, NULL, NULL, NULL, NULL, NULL, NULL, NULL, NULL, NULL, 'adveq-WDVH', 'active'),
(30, 'Endless Fund III A L.P.', '2011', '2011', 'private', 'distressed', 'n/a', 'actively', 'developed', NULL, NULL, 0, NULL, NULL, NULL, NULL, NULL, NULL, NULL, 'a:33:{i:0;s:4:"0570";i:1;s:4:"1350";i:2;s:4:"1730";i:3;s:4:"1750";i:4;s:4:"1770";i:5;s:4:"2350";i:6;s:4:"2710";i:7;s:4:"2720";i:8;s:4:"2730";i:9;s:4:"2750";i:10;s:4:"2770";i:11;s:4:"2790";i:12;s:4:"3350";i:13;s:4:"3530";i:14;s:4:"3570";i:15;s:4:"3720";i:16;s:4:"3740";i:17;s:4:"3760";i:18;s:4:"4530";i:19;s:4:"4570";i:20;s:4:"5330";i:21;s:4:"5370";i:22;s:4:"5550";i:23;s:4:"5750";i:24;s:4:"6530";i:25;s:4:"6570";i:26;s:4:"8530";i:27;s:4:"8630";i:28;s:4:"8770";i:29;s:4:"8980";i:30;s:4:"8990";i:31;s:4:"9530";i:32;s:4:"9570";}', 'closed', NULL, '5', '211', NULL, 'Endless Fund II is a broadly based £160m fund that is sector agnostic and focuses primarily on turnaround and special sitations in the UK.  It remains in the investment phase until 2013 and is currently looking at investment opportunities alongside Endless Fund III, a £211m Fund operating in the same sector of the market.', NULL, NULL, 'adveq-JLFP', 'active'),
(31, 'ESG Demo', '2009', '2009', 'private', 'buy', 'n/a', 'actively', 'emerging', NULL, NULL, 0, NULL, NULL, NULL, NULL, NULL, NULL, NULL, 'N;', 'openno', NULL, NULL, NULL, NULL, NULL, NULL, NULL, 'otpp-fm1', 'active'),
(41, 'test 1', NULL, NULL, 'fixed', 'angel', 'n/a', 'noinvestments', 'emerging', NULL, NULL, NULL, NULL, NULL, NULL, NULL, NULL, NULL, NULL, 'N;', 'closed', NULL, NULL, NULL, NULL, NULL, NULL, NULL, 'otpp-fm3', 'active'),
(51, 'Test Fund', NULL, NULL, 'fixed', 'angel', 'n/a', 'noinvestments', 'emerging', NULL, NULL, NULL, NULL, NULL, NULL, NULL, NULL, NULL, NULL, 'N;', 'openno', NULL, NULL, NULL, NULL, NULL, NULL, NULL, 'demo-fm1', 'active'),
(52, 'Test 2', NULL, NULL, 'fixed', 'angel', 'n/a', 'noinvestments', 'emerging', NULL, NULL, NULL, NULL, NULL, NULL, NULL, NULL, NULL, NULL, 'N;', 'openno', NULL, NULL, NULL, NULL, NULL, NULL, NULL, 'demo-fm1', 'deleted'),
(53, 'Test 2', NULL, NULL, 'fixed', 'angel', 'n/a', 'noinvestments', 'emerging', NULL, NULL, NULL, NULL, NULL, NULL, NULL, NULL, NULL, NULL, 'N;', 'openno', NULL, NULL, NULL, NULL, NULL, NULL, NULL, 'demo-fm1', 'active'),
(54, 'Third Test', NULL, NULL, 'fixed', 'angel', 'n/a', 'noinvestments', 'emerging', NULL, NULL, NULL, NULL, NULL, NULL, NULL, NULL, NULL, NULL, 'a:3:{i:0;s:4:"0570";i:1;s:4:"0580";i:2;s:4:"2350";}', 'openno', NULL, NULL, NULL, NULL, NULL, NULL, NULL, 'demo-fm1', 'deleted');

-- --------------------------------------------------------

--
-- Table structure for table `indicators`
--

CREATE TABLE IF NOT EXISTS `indicators` (
  `id` varchar(8) DEFAULT NULL,
  `name` varchar(99) DEFAULT NULL,
  `description` varchar(116) DEFAULT NULL,
  `answertype` varchar(9) DEFAULT NULL,
  `unit` varchar(10) DEFAULT NULL,
  `scaling` varchar(10) DEFAULT NULL,
  `answerdetail` varchar(743) DEFAULT NULL
) ENGINE=MyISAM DEFAULT CHARSET=utf8;

--
-- Dumping data for table `indicators`
--

INSERT INTO `indicators` (`id`, `name`, `description`, `answertype`, `unit`, `scaling`, `answerdetail`) VALUES
('G.1.1', 'Policy on Bribery and Corruption', 'Do you have a policy in place to carp Bribery and Corruption?', 'YNP', NULL, NULL, NULL),
('G.1.1.1', 'Programmes to Combat Bribery and Corruption', 'Do you have any programmes to combat Bribary and Corruption?', 'YNP', NULL, NULL, 'An effective Program is the entirety of an enterprise’s anti-bribery efforts and corruption, specifically including its code of ethics, policies and procedures, administrative processes, training, guidance and oversight. This commitment is to develop and administer an internal compliance Program that effectively makes an enterprise’s anti-corruption policy an integral part of daily practice.'),
('G.1.2', 'Whistleblower Programmes', 'Is a Whistlerblower Program available at your company?', 'YNP', NULL, NULL, NULL),
('G.1.3', 'Signatory to UN Global Compact', 'Are you a signatory of the UN Global Compact?', 'YNP', NULL, NULL, NULL),
('G.1.3.1', 'Signatory to UN Principles for Responsible Investment', 'Are you signatory of the UN Principles for Responsible Investment?', 'YNP', NULL, NULL, 'The United Nations-backed Principles for Responsible Investment Initiative (PRI) is a network of international investors working together to put the six Principles for Responsible Investment into practice. The Principles were devised by the investment community. They reflect the view that environmental, social and corporate governance (ESG) issues can affect the performance of investment portfolios and therefore must be given appropriate consideration by investors if they are to fulfil their fiduciary (or equivalent) duty. The Principles provide a voluntary framework by which all investors can incorporate ESG issues into their decision-making and ownership practices and so better align their objectives with those of society at large.'),
('G.1.3.2', 'Policy on Responsible Investment', 'Do you have a policy on Responsible Investment?', 'YNP', NULL, NULL, NULL),
('G.1.3.3', 'Member of UNEP Finance Initiative', 'Are you a member of the UNEP Finance Initiative?', 'YNP', NULL, NULL, 'The United Nations Environment Programme Finance Initiative (UNEP FI) is a unique global partnership between the United Nations Environment Programme (UNEP) and the global financial sector.UNEP FI works closely with over 200 financial institutions who are Signatories to the UNEP FI Statements, and a range of partner organisations to develop and promote linkages between sustainability and financial performance. Through peer-to-peer networks, research and training, UNEP FI carries out its mission to identify, promote, and realise the adoption of best environmental and sustainability practice at all levels of financial institution operations.'),
('G.1.3.4', 'Membership in Initiatives Promoting Sustainable Buildings', 'Do you have a membership in any initiative promoting Sustainable Buildings?', 'YNP', NULL, NULL, NULL),
('G.1.3.5', 'Equator Principles and Related Reporting', 'Are you a signatory of the Equator Principles and related reporting?', 'YNP', NULL, NULL, 'The Equator Principles (EPs) is a credit risk management framework for determining, assessing and managing environmental and social risk in Project Finance transactions. Project Finance is often used to fund the development and construction of major infrastructure and industrial projects.'),
('G.1.4', 'Tax Transparency', 'Do you report on your taxes pa?', 'YNP', NULL, NULL, NULL),
('G.1.4.1', 'Policy on Money Laundering', 'Do you have a policy on Money Laundry?', 'YNP', NULL, NULL, NULL),
('G.1.4.3', 'Policy on Animal Testing', 'Do you have a policy on Animal Testing?', 'YNP', NULL, NULL, NULL),
('G.1.4.5', 'Policy on Genetic Engineering', 'Do you have a policy on Genetic Engineering?', 'YNP', NULL, NULL, NULL),
('G.1.4.6', 'Clinical Trial Protocols', 'Do you have a clinical trial protocol?', 'YNP', NULL, NULL, NULL),
('G.1.5', 'Business Ethics Related Controversies or Incidents', 'Did you report any business ethics related controversies or incidents?', 'YNP', NULL, NULL, NULL),
('G.2.1', 'CSR Reporting Quality', 'Do you report on your Corporate Social Responsibility activities?', 'YNP', NULL, NULL, NULL),
('G.2.2', 'External Verification of CSR Reporting', 'Do you have any third party verificating your CSR Reporting?', 'YNP', NULL, NULL, NULL),
('G.2.5', 'Oversight of ESG Issues', 'Do you oversight of Environmental,Social and Governance Issues?', 'YNP', NULL, NULL, 'Management oversight of ESG issues signals a clear commitment to company-wide integration of sustainability. To determine whether companies are meeting this expectation, the company needs to have management accountability systems in place to oversee sustainability performance. '),
('G.2.5.1', 'In-house Team Dedicated to Responsible Investment/Finance', 'Do you have an In-house Team dedicated to Responsible Investment/Finance?', 'YNP', NULL, NULL, NULL),
('G.2.6', 'Executive Compensation Tied to ESG Performance', 'Is the executive compensation tide to the Environmental, Social and Governance performance of the company?', 'YNP', NULL, NULL, NULL),
('G.2.7', 'Board Diversity', 'What is the precentage of Women in the Board of Directors?', 'Percent', NULL, NULL, NULL),
('G.2.8', 'Separation of Board Chair and CEO Roles', 'Are the roles of the Chairman and  the CEO of the Board separated?', 'YNP', NULL, NULL, NULL),
('G.2.9', 'Board Independence', 'Is the Board independent?', 'YNP', NULL, NULL, 'Independence occurs when a board member has not been and is not currently employed by the company or its auditor and the board member’s employer doesn’t do a significant amount of business with the company. '),
('G.2.13', 'Governance Related Controversies or Incidents', 'Have you reported any Governance related to controversies or incidents?', 'YNP', NULL, NULL, NULL),
('G.3.1', 'Policy on Political Involvement and Contributions', 'Do you have a policy on political involvement and contributions?', 'YNP', NULL, NULL, NULL),
('G.3.2', 'Total Value of Political Contributions', 'What is the total value of polical contribution versus revenue? (in percentage)', 'YNP', NULL, NULL, NULL),
('G.3.3.1', 'Transparency on Payments to Host Governments', 'Do you report on transparency on payments to host governments?', 'YNP', NULL, NULL, NULL),
('G.3.4', 'Public Policy Related Controversies or Incidents', 'Do you have a public policy related to controversies or incidents?', 'YNP', NULL, NULL, NULL),
('G.3.5', 'Revenues in regions with Transparency International corruption index below 6.0', 'Do you have revenues in regions with Transparency International corruption index below 6.0? ', 'YNP', NULL, NULL, NULL),
('S.1.1', 'Policy on Freedom of Association', 'Do you have a policy on freedom of association?', 'YNP', NULL, NULL, NULL),
('S.1.1.1', 'Formal Policy on Working Conditions', 'Do you have a formal policy on working conditions?', 'YNP', NULL, NULL, NULL),
('S.1.2', 'Formal Policy on the Elimination of Discrimination', 'Do you have a formal policy on the elimination of discrimination?', 'YNP', NULL, NULL, NULL),
('S.1.3', 'Programmes to Increase Workforce Diversity', 'Do you have programmes to increase workforce diversity?', 'YNP', NULL, NULL, NULL),
('S.1.4', 'Percentage of Employees Covered by Collective Bargaining Agreements', 'What is the percentage of Employees covered by collective bargaining agreements?', 'Percent', NULL, NULL, NULL),
('S.1.5', 'Employee Turnover Rate pa', 'What is the turnover rate pa?', 'Percent', NULL, NULL, NULL),
('S.1.5.1', 'Percentage of Temporary Workers', 'What is the percetange of temporary workers?', 'Percent', NULL, NULL, NULL),
('S.1.6', 'Top Employer Recognition', 'Do you have a top employer recognition program?', 'YNP', NULL, NULL, NULL),
('S.1.6.1', 'Employee Training', 'Do you provide employee training?', 'YNP', NULL, NULL, NULL),
('S.1.6.2', 'Programmes and Targets to Reduce Health and Safety Incidents', 'Do you have programmes and targets to reduce health and safety incidents?', 'YNP', NULL, NULL, NULL),
('S.1.6.4', 'Health and Safety Certifications', 'Do you  have any health and safety certifications?', 'YNP', NULL, NULL, NULL),
('S.1.6.5', 'Trend in Lost-Time Incident Rate', 'What is the trend of Lost-Time Incident rate?', 'Percent', NULL, NULL, 'The Lost Time Case Rate considers only incidents in which workday were lost. You multiply your number of lost time cases by 200,000, and divide the result by the total number of hours worked by your employees. The result tells you how many employees lost time per 100 employees on your payroll.Why 200,000? Because it represents the number of hours that 100 employees working 40 hours a week for 50 weeks would accumulate. The trend is calculated based on last year results.\n'),
('S.1.6.6', 'Number of Fatalities', 'What is the trend of fatalities pa?', 'Percent', NULL, NULL, 'The fatality rate measures the number of fatalities per 100,000 worker-years and is calculated by multiplying the number of fatalities by 200,000,000 and dividing by the total hours worked, as follows:\n(Number of fatalities X 200,000,000)/Total hours worked = Fatality Rate.The trend is calculated based on last year results.\n'),
('S.1.7', 'Employee Related Controversies or Incidents pa', 'What is the trend of employee related controversies or incidents pa?', 'Percent', NULL, NULL, NULL),
('S.2.1', 'Scope of Social Supply Chain Standards', 'What is the scope of Social Supply Chain Standards?', 'Standard', NULL, NULL, NULL),
('S.2.1.1', 'Quality of Social Supply Chain Standards', 'What is the quality of social supply standards?', 'Implement', NULL, NULL, NULL),
('S.2.1.2', 'Membership in the Electronic Industry Citizenship Coalition (EICC)', 'Are you member of the Electronic industry Citiyenship Coalition ?', 'YNP', NULL, NULL, NULL),
('S.2.1.3', 'Policy on the Sourcing of Coltan', 'Do you have a policy on the sourcing of coltan?', 'YNP', NULL, NULL, NULL),
('S.2.2', 'Supply Chain Monitoring System', 'Do you have a supply chain monitoring system?', 'YNP', NULL, NULL, NULL),
('S.2.2.1', 'Supply Chain Audits', 'Do you  have a supply chain of audits?', 'YNP', NULL, NULL, NULL),
('S.2.2.2', 'Reporting on Supply Chain Monitoring and Enforcement', 'Do you report on suplly chain monitoring and enforcement?', 'YNP', NULL, NULL, NULL),
('S.2.2.3', 'External Social Certification of Suppliers', 'Do you have social certifications of suppliers?', 'YNP', NULL, NULL, NULL),
('S.2.2.4', 'Fair Trade Products', 'Do you buy fair trade products?', 'YNP', NULL, NULL, NULL),
('S.2.3', 'Contractors & Supply Chain Related Controversies or Incidents pa', 'Did you report any contractors and suplly chain related controversies or incidents pa?', 'YNP', NULL, NULL, NULL),
('S.3.1.1', 'Public Position Statement on Responsible Marketing', 'Do you have a public position statement on responsible marketing?', 'YNP', NULL, NULL, NULL),
('S.3.1.2', 'Public Policy Statement on Advertising Ethics', 'Do you have a public policy statement on advertising ethics?', 'YNP', NULL, NULL, NULL),
('S.3.1.3', 'Policy Statement on Data Privacy', 'Do you  have a policy statement on data privacy?', 'YNP', NULL, NULL, NULL),
('S.3.1.4', 'Programmes to Minimise Health Impact of Electronic and Magnetic Fields', 'Do you have any programmes to minimise health impact of electronic and magnetic fields?', 'YNP', NULL, NULL, NULL),
('S.3.1.5', 'Outsourcing of Core Editorial Tasks', 'Do you outsoruce the core editorial tasks?', 'YNP', NULL, NULL, NULL),
('S.3.1.9', 'Public Position Statement on Health Consequences of Products', 'Dou you have a public position statement on health impact consequences of products?', 'YNP', NULL, NULL, NULL),
('S.3.1.10', 'Periodic Occupier Satisfaction Surveys', 'Do you do periodic occupier satisfaction surveys?', 'YNP', NULL, NULL, NULL),
('S.3.1.11', 'Programmes and Targets to Reduce Energy/Water Use by Customers', 'Do you have programmes and targets to reduce energy/water use by customers?', 'YNP', NULL, NULL, NULL),
('S.3.1.12', 'Adherence to WHO Ethical Criteria for Medicinal Drug Promotion', 'Do you have adherence to WHO Ethical Criteria for medicinal drug promorion?', 'YNP', NULL, NULL, NULL),
('S.3.2.1', 'External QMS Certifications', 'Do you have external QMS certifications?', 'YNP', NULL, NULL, NULL),
('S.3.3', 'Customer Related Controversies or Incidents pa', 'What is the rate of customer related controversies or incidents pa?', 'Percent', NULL, NULL, NULL),
('S.4.1', 'Activities in Sensitive Countries', 'Do you have any  activities in sensitives countries?', 'YNP', NULL, NULL, NULL),
('S.4.2.1', 'Policy on Human Rights', 'Do you have a policy on human rights?', 'YNP', NULL, NULL, NULL),
('S.4.2.2', 'Community Involvement Programmes', 'Do you have any community involvement programmes?', 'YNP', NULL, NULL, NULL),
('S.4.2.3', 'Programmes and Targets to Promote Access to Financial Services for Disadvantaged People', 'Do you have any programmes and targets to pormote access to financial services for disadvantaged people?', 'YNP', NULL, NULL, NULL),
('S.4.2.4', 'Policies and Management Systems on Access to Medicines', 'Do you have policies and management systems on access to medicines?', 'YNP', NULL, NULL, NULL),
('S.4.2.5', 'Programmes and Initiatives to Develop Medicines for Neglected Diseases', 'Do you have any programmes and initiatives to develop medicines for neglected diseases?', 'YNP', NULL, NULL, NULL),
('S.4.2.6', 'Equitable Pricing Programmes for Medicines', 'Do you have equitable pricing programmes for medicine?', 'YNP', NULL, NULL, NULL),
('S.4.2.7', 'Policies on Access to Health Care', 'Do you have policies on access to health care?', 'YNP', NULL, NULL, NULL),
('S.4.2.9', 'Policy on Indigenous People and Land Rights', 'Do you  have a policy on indigenous people and land rights?', 'YNP', NULL, NULL, NULL),
('S.4.2.10', 'Policies and Programmes to Promote Access to Basic Services', 'Do you have policies and programmes to promote access to basic services?', 'YNP', NULL, NULL, NULL),
('S.4.2.11', 'Local Community Development Programmes', 'Do you have local community development programmes?', 'YNP', NULL, NULL, NULL),
('S.4.2.12', 'Programmes to Address Digital Divide', 'Do you have programmes to adress digital divide?', 'YNP', NULL, NULL, NULL),
('S.4.2.13', 'Policy on Drug Donations', 'Do you have a policy on drug donations ?', 'YNP', NULL, NULL, NULL),
('S.4.2.14', 'Value of Drug Donations Relative to EBIT', 'What is the value of drug donations relative to EBIT?', 'Percent', NULL, NULL, NULL),
('S.4.3', 'Society & Community Related Controversies or Incidents', 'Did you report any society and community related controversies or incidents?', 'YNP', NULL, NULL, NULL),
('S.4.4', 'Total cost of relocation in monetary terms', 'Does your business generate cost of relocation of jobs?', 'YNP', NULL, NULL, NULL),
('E.1.1', 'Formal Environmental Policy', 'Do you have a formal environmental policy?', 'YNP', NULL, NULL, NULL),
('E.1.1.1', 'Reporting Quality Environmental Data', 'Do you have a report in place for your environmental data?', 'YNP', NULL, NULL, NULL),
('E.1.2', 'Environmental Management System', 'Do you have an environmental management system?', 'YNP', NULL, NULL, NULL),
('E.1.2.1', 'Programmes and Targets to Protect Biodiversity', 'Do you have programmes and targets to protect biodiversity?', 'YNP', NULL, NULL, NULL),
('E.1.2.2', 'Guidelines and Reporting on Closure and Rehabilitation of Sites', 'Do you have any guidelines for reporting on closure and rehabilitaion of sites?', 'YNP', NULL, NULL, NULL),
('E.1.2.3', 'Environmental and Social Impact Assessments', 'Do you have any environmental and social impact assessments?', 'YNP', NULL, NULL, NULL),
('E.1.2.4', 'Oil Spill Reporting and Performance', 'Do you have any art for reporting on oil spill and performance?', 'YNP', NULL, NULL, NULL),
('E.1.2.6', 'Waste Intensity trend', 'What is your waste intensity trend?', 'Trend', NULL, NULL, 'Waste intensity is measured as tonnes of waste to landfill per full-time employee.'),
('E.1.2.7', 'Water Intensity trend ', 'What is your water intensity trend?', 'Trend', NULL, NULL, 'Water intensity is measured as cubic metres of water per full-time employee'),
('E.1.2.8', 'Percentage of Certified Forests Under Own Management', 'What is the percentage of certified forest under own management?', 'Percent', NULL, NULL, NULL),
('E.1.3', 'External Certification of EMS', 'Do you have an external certification of Environmental Management System?', 'YNP', NULL, NULL, NULL),
('E.1.3.2', 'Programmes & Targets to Reduce Hazardous Waste Generation', 'Do you have any programmes and targets to reduce hazardous waste generation?', 'YNP', NULL, NULL, NULL),
('E.1.3.3', 'Programmes & Targets to Reduce Air Emissions', 'Do you have any programmes and targets to reduce air emissions?', 'YNP', NULL, NULL, NULL),
('E.1.3.4', 'Programs & Targets to Reduce Water Use', 'Do you have any programmes and targets to reduce water use?', 'YNP', NULL, NULL, NULL),
('E.1.3.5', 'Other Programmes to Reduce Key Environmental Impacts', 'Do you any other programmes to reduce Key Environmental Impacts?', 'YNP', NULL, NULL, NULL),
('E.1.4', 'Environmental Fines and Non-monetary Sanctions', 'Did you have any environmental fines and non-monetary sanctions?', 'YNP', NULL, NULL, NULL),
('E.1.5', 'Participation in Carbon Disclosure Project (Investor CDP)', 'Are you part of the Carbon Disclosure Project?', 'YNP', NULL, NULL, NULL),
('E.1.6', 'Scope of Corporate Reporting on GHG Emissions', 'What is you scope of corporate reporting on GHG emissions?', 'Scope', NULL, NULL, NULL),
('E.1.7', 'Programmes and Targets to Reduce Direct GHG Emissio', 'Do you have any programmes and targets to reduce direct GHG Emissions?', 'YNP', NULL, NULL, NULL),
('E.1.7.1', 'Programmes and Targets to Improve the Environmental Performance of Own Logistics and Vehicle Fleets', 'Do you have any programmes and targets to improve the environmental performance of own logistics and vehicle fleets?', 'YNP', NULL, NULL, NULL),
('E.1.7.2', 'Programmes and Targets to Phase out CFCs and HCFCs in Refrigeration Equipment', 'Do you have any programmes and targets to phase out CFCs and HCFCs in refrigeration equipment?', 'YNP', NULL, NULL, NULL),
('E.1.8', 'Programmes and Targets to Increase Renewable Energy Use', 'Do you have programmes and targets to increase renewable energy used?', 'YNP', NULL, NULL, NULL),
('E.1.9', 'Carbon Intensity', 'What is you carbon intensity?', 'Percent', NULL, NULL, 'Carbon intensity is measured as tonnes of carbon emitted per full-time employee'),
('E.1.10', 'Carbon Intensity Trend', 'What is your carbon intensity trend?', 'Trend', NULL, NULL, 'Carbon intensity trend is measured as tonnes of carbon emitted per full-time employee compared to last year'),
('E.1.11', '% Primary Energy Use from Renewables', 'Wich percentage represent the primary energy used from renewables?', 'Percent', NULL, NULL, NULL),
('E.1.12', 'Operations Related Controversies or Incidents', 'Did you report on any operations related controversies or incidents?', 'YNP', NULL, NULL, NULL),
('E.2.1', 'Formal Policy or Programme on Green Procurement', 'Do you have any formal policy or programme on green procurament?', 'YNP', NULL, NULL, NULL),
('E.2.1.1', 'Programmes and Targets for Environmental Improvement of Suppliers', 'Do you have any programmes and targets for environmental improvement of suppliers?', 'YNP', NULL, NULL, NULL),
('E.2.1.2', 'External Environmental Certification Suppliers', 'Do you have any external environmental certification of suppliers?', 'YNP', NULL, NULL, NULL),
('E.2.1.3', 'Programmes and Targets to Stimulate Sustainable Agriculture', 'Do you have any programmes and targets to stimulate sustainable Agriculture?', 'YNP', NULL, NULL, NULL),
('E.2.1.4', 'Programmes and Targets to Stimulate Sustainable Aquaculture/Fisheries', 'Do you have any programmes and targets to stimulate sustainable aquaculture/fisheries?', 'YNP', NULL, NULL, NULL),
('E.2.1.5', 'Food Beverage & Tobacco Industry Initiatives', 'Do you have any food bevarges and tobacco industry initiative?', 'YNP', NULL, NULL, NULL),
('E.2.1.6', 'Programmes and Targets to Reduce GHG Emissions from Outsourced Logistics Services', 'Do you have any programmes and targets to reduce GHG Emissions from outsourced logistics services?', 'YNP', NULL, NULL, NULL),
('E.2.1.7', 'Data on Percentage of Recycled/Re-used Raw Material Used', 'What is the percentage of recycled/re-used raw materials used?', 'Percent', NULL, NULL, NULL),
('E.2.1.8', 'Data on Percentage of FSC Certified Wood/Pulp as Raw Material', 'What is the percentage of FSC certifified wood/pulp as raw material?', 'Percent', NULL, NULL, NULL),
('E.2.1.9', 'Programmes and Targets to Promote Sustainable Food Products', 'Do you have any programmes and targets to promote sustainbale food products?', 'YNP', NULL, NULL, NULL),
('E.2.1.10', 'Food Retail Initiatives', 'Do you have any food retail initiatives?', 'YNP', NULL, NULL, NULL),
('E.2.2', 'Contractors & Supply Chain Related Controversies or Incidents', 'Did you report any contractors and supply chain related to controversies or incidents?', 'YNP', NULL, NULL, NULL),
('E.3.1.1', 'Sustainability Related Products & Services', 'Do you offer any sustainability related products and services?', 'YNP', NULL, NULL, NULL),
('E.3.1.2', 'Revenue from Clean Technology or Climate Friendly Products', 'What is your revenue from clean technology or climate friendly products?', 'Percent', NULL, NULL, NULL),
('E.3.1.3', 'Automobile Fleet Average CO2 Emissions', 'What is the automobile fleet average and the fleet efficiency?', 'Trend', NULL, NULL, NULL),
('E.3.1.4', 'Trend Automobile Fleet Average Fleet Efficiency', 'What is the trend of automobile fleet and average fleet efficiency?', 'Trend', NULL, NULL, NULL),
('E.3.1.5', 'Products to Improve Sustainability of Transport Vehicles', 'Do you have any products to improve sustainability of transport vehicles?', 'YNP', NULL, NULL, NULL),
('E.3.1.6', 'Systematic Integration of Environmental Considerations at R&D Stage (Eco', 'Do you have integrated systematic environmental considerations at R&D Stage?', 'YNP', NULL, NULL, NULL),
('E.3.1.7', 'Programmes and Targets for End-of-Life Product Management', 'Do you have any programmes and targets for end-of-life product management?', 'YNP', NULL, NULL, NULL),
('E.3.1.8', 'Organic Products', 'Do you offer organic products?', 'YNP', NULL, NULL, NULL),
('E.3.1.9', 'Policy on Use of Genetically Modified Organisms (GMO) in Products', 'Do you have a policy on use of genetically modified organism (GMO) in products?', 'YNP', NULL, NULL, NULL),
('E.3.1.10', 'Environmental & Social Standards in Credit and Loan Business', 'Do you use environmental and social standards in credit and loan business?', 'YNP', NULL, NULL, NULL),
('E.3.1.11', 'Assets Under Management in Responsible Investment', 'What is the percentage of  your assets under management in responsible investment?', 'Percent', NULL, NULL, NULL),
('E.3.1.12', 'Use of Life-Cycle Analysis (LCA) for New Real Estate Projects', 'Do you do use of life-cycle analysis (LCA) for new real estate projects?', 'YNP', NULL, NULL, NULL),
('E.3.1.13', 'Programmes and Targets to Increase Investments in Sustainable Buildings', 'Do you have programmes and targets to increase investments in sustainability buildings?', 'YNP', NULL, NULL, NULL),
('E.3.1.14', 'Share of Property Portfolio Invested in Sustainable Buildings', 'What is the share of property portfolio invested in sustainable business?', 'Percent', NULL, NULL, NULL),
('E.3.1.15', 'Sustainability Related Financial Services', 'Do you have any sustainability related financial services?', 'YNP', NULL, NULL, NULL),
('E.3.1.16', 'Products with Important Environmental/Human Health Concerns', 'Do you offer products with important environmental/human health concerns?', 'YNP', NULL, NULL, NULL),
('E.3.1.17', 'Carbon Intensity of Energy Mix', 'What is your carbon intensity of energy mix?', 'Trend', NULL, NULL, NULL),
('E.3.2', 'Products & Services Related Controversies or Incidents', 'Did you report on the products or services related to controversies or incidents?', 'YNP', NULL, NULL, NULL);

-- --------------------------------------------------------

--
-- Table structure for table `indicator_sector`
--

CREATE TABLE IF NOT EXISTS `indicator_sector` (
  `indicator` varchar(10) NOT NULL,
  `sector` varchar(4) NOT NULL
) ENGINE=InnoDB DEFAULT CHARSET=latin1;

--
-- Dumping data for table `indicator_sector`
--

INSERT INTO `indicator_sector` (`indicator`, `sector`) VALUES
('G.1.1', '0530'),
('G.1.3', '0530'),
('G.1.4', '0530'),
('G.1.5', '0530'),
('G.2.1', '0530'),
('G.2.5', '0530'),
('G.2.6', '0530'),
('G.2.8', '0530'),
('G.2.13', '0530'),
('G.3.2', '0530'),
('G.3.3.1', '0530'),
('G.3.4', '0530'),
('S.1.5', '0530'),
('S.1.6.5', '0530'),
('S.1.6.6', '0530'),
('S.1.7', '0530'),
('S.2.1', '0530'),
('S.2.2', '0530'),
('S.2.3', '0530'),
('S.3.3', '0530'),
('S.4.1', '0530'),
('S.4.2.1', '0530'),
('S.4.2.2', '0530'),
('S.4.2.9', '0530'),
('S.4.2.11', '0530'),
('S.4.3', '0530'),
('E.1.1.1', '0530'),
('E.1.2', '0530'),
('E.1.2.2', '0530'),
('E.1.2.3', '0530'),
('E.1.2.4', '0530'),
('E.1.3', '0530'),
('E.1.3.3', '0530'),
('E.1.3.5', '0530'),
('E.1.4', '0530'),
('E.1.5', '0530'),
('E.1.6', '0530'),
('E.1.7', '0530'),
('E.1.8', '0530'),
('E.1.9', '0530'),
('E.1.10', '0530'),
('E.1.11', '0530'),
('E.1.12', '0530'),
('E.2.1', '0530'),
('E.2.2', '0530'),
('E.3.1.2', '0530'),
('E.3.2', '0530'),
('G.1.1', '0570'),
('G.1.3', '0570'),
('G.1.4', '0570'),
('G.1.5', '0570'),
('G.2.1', '0570'),
('G.2.5', '0570'),
('G.2.6', '0570'),
('G.2.8', '0570'),
('G.2.13', '0570'),
('G.3.2', '0570'),
('G.3.4', '0570'),
('S.1.1', '0570'),
('S.1.4', '0570'),
('S.1.5', '0570'),
('S.1.6.5', '0570'),
('S.1.6.6', '0570'),
('S.1.7', '0570'),
('S.2.1', '0570'),
('S.2.2', '0570'),
('S.2.3', '0570'),
('S.3.3', '0570'),
('S.4.1', '0570'),
('S.4.3', '0570'),
('E.1.1.1', '0570'),
('E.1.2', '0570'),
('E.1.2.4', '0570'),
('E.1.3', '0570'),
('E.1.3.3', '0570'),
('E.1.3.5', '0570'),
('E.1.4', '0570'),
('E.1.5', '0570'),
('E.1.6', '0570'),
('E.1.7', '0570'),
('E.1.8', '0570'),
('E.1.9', '0570'),
('E.1.10', '0570'),
('E.1.11', '0570'),
('E.1.12', '0570'),
('E.2.1', '0570'),
('E.2.2', '0570'),
('E.3.1.1', '0570'),
('E.3.2', '0570'),
('G.1.4', '0583'),
('G.1.5', '0583'),
('G.2.5', '0583'),
('G.2.6', '0583'),
('G.2.9', '0583'),
('G.3.2', '0583'),
('G.3.5', '0583'),
('S.1.1.1', '0583'),
('S.1.4', '0583'),
('S.1.5', '0583'),
('S.1.6.1', '0583'),
('S.2.2', '0583'),
('S.4.4', '0583'),
('E.1.2.6', '0583'),
('E.1.2.7', '0583'),
('E.1.6', '0583'),
('E.1.7', '0583'),
('E.1.9', '0583'),
('E.1.10', '0583'),
('G.1.4', '0587'),
('G.1.5', '0587'),
('G.2.5', '0587'),
('G.2.6', '0587'),
('G.2.9', '0587'),
('G.3.2', '0587'),
('G.3.5', '0587'),
('S.1.1.1', '0587'),
('S.1.4', '0587'),
('S.1.5', '0587'),
('S.1.6.1', '0587'),
('S.2.2', '0587'),
('S.4.4', '0587'),
('E.1.2.6', '0587'),
('E.1.2.7', '0587'),
('E.1.6', '0587'),
('E.1.7', '0587'),
('E.1.9', '0587'),
('E.1.10', '0587'),
('G.1.1', '1350'),
('G.1.3', '1350'),
('G.1.4', '1350'),
('G.1.4.3', '1350'),
('G.1.5', '1350'),
('G.2.1', '1350'),
('G.2.6', '1350'),
('G.2.13', '1350'),
('G.3.2', '1350'),
('G.3.3.1', '1350'),
('S.1.5', '1350'),
('S.1.6.2', '1350'),
('S.1.6.4', '1350'),
('S.1.6.5', '1350'),
('S.1.6.6', '1350'),
('S.1.7', '1350'),
('S.2.1', '1350'),
('S.2.2', '1350'),
('S.3.2.1', '1350'),
('S.3.3', '1350'),
('S.4.3', '1350'),
('E.1.2', '1350'),
('E.1.2.7', '1350'),
('E.1.3.2', '1350'),
('E.1.3.3', '1350'),
('E.1.5', '1350'),
('E.1.6', '1350'),
('E.1.7', '1350'),
('E.1.8', '1350'),
('E.1.9', '1350'),
('E.1.10', '1350'),
('E.1.11', '1350'),
('E.1.12', '1350'),
('E.2.1', '1350'),
('E.2.1.1', '1350'),
('E.2.1.2', '1350'),
('E.2.2', '1350'),
('E.3.1.1', '1350'),
('E.3.1.6', '1350'),
('E.3.2', '1350'),
('G.1.1', '1730'),
('G.1.3', '1730'),
('G.1.4', '1730'),
('G.1.4.5', '1730'),
('G.1.5', '1730'),
('G.2.1', '1730'),
('G.2.6', '1730'),
('G.2.13', '1730'),
('G.3.4', '1730'),
('S.1.3', '1730'),
('S.1.5', '1730'),
('S.1.6', '1730'),
('S.1.6.2', '1730'),
('S.1.6.4', '1730'),
('S.1.6.5', '1730'),
('S.1.6.6', '1730'),
('S.1.7', '1730'),
('S.3.2.1', '1730'),
('S.3.3', '1730'),
('S.4.1', '1730'),
('S.4.2.9', '1730'),
('S.4.3', '1730'),
('E.1.1.1', '1730'),
('E.1.2.1', '1730'),
('E.1.2.7', '1730'),
('E.1.2.8', '1730'),
('E.1.3', '1730'),
('E.1.3.2', '1730'),
('E.1.3.3', '1730'),
('E.1.3.4', '1730'),
('E.1.5', '1730'),
('E.1.6', '1730'),
('E.1.7', '1730'),
('E.1.7.1', '1730'),
('E.1.9', '1730'),
('E.1.10', '1730'),
('E.1.11', '1730'),
('E.1.12', '1730'),
('E.2.1.7', '1730'),
('E.2.1.8', '1730'),
('E.2.2', '1730'),
('E.3.1.1', '1730'),
('E.3.2', '1730'),
('G.1.1', '1750'),
('G.1.3', '1750'),
('G.1.4', '1750'),
('G.1.5', '1750'),
('G.2.6', '1750'),
('G.2.13', '1750'),
('G.3.3.1', '1750'),
('G.3.4', '1750'),
('S.1.5', '1750'),
('S.1.6.2', '1750'),
('S.1.6.4', '1750'),
('S.1.6.5', '1750'),
('S.1.6.6', '1750'),
('S.1.7', '1750'),
('S.3.3', '1750'),
('S.4.2.1', '1750'),
('S.4.2.2', '1750'),
('S.4.3', '1750'),
('E.1.1.1', '1750'),
('E.1.2.3', '1750'),
('E.1.2.7', '1750'),
('E.1.3', '1750'),
('E.1.3.3', '1750'),
('E.1.3.4', '1750'),
('E.1.3.5', '1750'),
('E.1.5', '1750'),
('E.1.6', '1750'),
('E.1.7', '1750'),
('E.1.9', '1750'),
('E.1.10', '1750'),
('E.1.11', '1750'),
('E.1.12', '1750'),
('G.1.1', '1771'),
('G.1.3', '1771'),
('G.1.4', '1771'),
('G.1.5', '1771'),
('G.2.1', '1771'),
('G.2.5', '1771'),
('G.2.6', '1771'),
('G.2.8', '1771'),
('G.2.13', '1771'),
('G.3.2', '1771'),
('G.3.3.1', '1771'),
('G.3.4', '1771'),
('S.1.5', '1771'),
('S.1.6.5', '1771'),
('S.1.6.6', '1771'),
('S.1.7', '1771'),
('S.2.1', '1771'),
('S.2.2', '1771'),
('S.2.3', '1771'),
('S.3.3', '1771'),
('S.4.1', '1771'),
('S.4.2.1', '1771'),
('S.4.2.2', '1771'),
('S.4.2.9', '1771'),
('S.4.2.11', '1771'),
('S.4.3', '1771'),
('E.1.1.1', '1771'),
('E.1.2', '1771'),
('E.1.2.2', '1771'),
('E.1.2.3', '1771'),
('E.1.2.4', '1771'),
('E.1.3', '1771'),
('E.1.3.3', '1771'),
('E.1.3.5', '1771'),
('E.1.4', '1771'),
('E.1.5', '1771'),
('E.1.6', '1771'),
('E.1.7', '1771'),
('E.1.8', '1771'),
('E.1.9', '1771'),
('E.1.10', '1771'),
('E.1.11', '1771'),
('E.1.12', '1771'),
('E.2.1', '1771'),
('E.2.2', '1771'),
('E.3.1.2', '1771'),
('E.3.2', '1771'),
('G.1.1', '1773'),
('G.1.3', '1773'),
('G.1.4', '1773'),
('G.1.5', '1773'),
('G.2.6', '1773'),
('G.2.13', '1773'),
('G.3.3.1', '1773'),
('G.3.4', '1773'),
('S.1.5', '1773'),
('S.1.6.5', '1773'),
('S.1.6.6', '1773'),
('S.1.7', '1773'),
('S.4.2.1', '1773'),
('S.4.2.2', '1773'),
('S.4.3', '1773'),
('E.1.1', '1773'),
('E.1.2', '1773'),
('E.1.3.3', '1773'),
('E.1.3.5', '1773'),
('E.1.5', '1773'),
('E.1.7', '1773'),
('E.1.9', '1773'),
('E.1.10', '1773'),
('E.1.11', '1773'),
('E.1.12', '1773'),
('G.1.1', '1775'),
('G.1.3', '1775'),
('G.1.4', '1775'),
('G.1.5', '1775'),
('G.2.6', '1775'),
('G.2.13', '1775'),
('G.3.3.1', '1775'),
('G.3.4', '1775'),
('S.1.5', '1775'),
('S.1.6.5', '1775'),
('S.1.6.6', '1775'),
('S.1.7', '1775'),
('S.4.2.1', '1775'),
('S.4.2.2', '1775'),
('S.4.3', '1775'),
('E.1.1', '1775'),
('E.1.2', '1775'),
('E.1.3.3', '1775'),
('E.1.3.5', '1775'),
('E.1.5', '1775'),
('E.1.7', '1775'),
('E.1.9', '1775'),
('E.1.10', '1775'),
('E.1.11', '1775'),
('E.1.12', '1775'),
('G.1.1', '1777'),
('G.1.3', '1777'),
('G.1.4', '1777'),
('G.1.5', '1777'),
('G.2.6', '1777'),
('G.2.13', '1777'),
('G.3.3.1', '1777'),
('G.3.4', '1777'),
('S.1.5', '1777'),
('S.1.6.2', '1777'),
('S.1.6.5', '1777'),
('S.1.6.6', '1777'),
('S.1.7', '1777'),
('S.4.2.1', '1777'),
('S.4.2.2', '1777'),
('S.4.3', '1777'),
('E.1.1.1', '1777'),
('E.1.2', '1777'),
('E.1.2.2', '1777'),
('E.1.2.3', '1777'),
('E.1.2.7', '1777'),
('E.1.3', '1777'),
('E.1.3.3', '1777'),
('E.1.3.4', '1777'),
('E.1.3.5', '1777'),
('E.1.5', '1777'),
('E.1.6', '1777'),
('E.1.7', '1777'),
('E.1.9', '1777'),
('E.1.10', '1777'),
('E.1.11', '1777'),
('E.1.12', '1777'),
('G.1.1', '1779'),
('G.1.3', '1779'),
('G.1.4', '1779'),
('G.1.5', '1779'),
('G.2.6', '1779'),
('G.2.13', '1779'),
('G.3.3.1', '1779'),
('G.3.4', '1779'),
('S.1.5', '1779'),
('S.1.6.2', '1779'),
('S.1.6.5', '1779'),
('S.1.6.6', '1779'),
('S.1.7', '1779'),
('S.4.2.1', '1779'),
('S.4.2.2', '1779'),
('S.4.3', '1779'),
('E.1.1.1', '1779'),
('E.1.2', '1779'),
('E.1.2.2', '1779'),
('E.1.2.3', '1779'),
('E.1.2.7', '1779'),
('E.1.3', '1779'),
('E.1.3.3', '1779'),
('E.1.3.4', '1779'),
('E.1.3.5', '1779'),
('E.1.5', '1779'),
('E.1.6', '1779'),
('E.1.7', '1779'),
('E.1.9', '1779'),
('E.1.10', '1779'),
('E.1.11', '1779'),
('E.1.12', '1779'),
('G.1.1', '2350'),
('G.1.2', '2350'),
('G.1.3', '2350'),
('G.1.3.4', '2350'),
('G.1.4', '2350'),
('G.1.5', '2350'),
('G.2.5', '2350'),
('G.2.6', '2350'),
('G.2.8', '2350'),
('G.2.13', '2350'),
('G.3.2', '2350'),
('G.3.4', '2350'),
('S.1.2', '2350'),
('S.1.4', '2350'),
('S.1.5', '2350'),
('S.1.6.2', '2350'),
('S.1.6.4', '2350'),
('S.1.6.5', '2350'),
('S.1.6.6', '2350'),
('S.1.7', '2350'),
('S.2.1', '2350'),
('S.2.1.1', '2350'),
('S.2.2', '2350'),
('S.2.2.2', '2350'),
('S.2.3', '2350'),
('S.3.2.1', '2350'),
('S.3.3', '2350'),
('E.1.1.1', '2350'),
('E.1.2', '2350'),
('E.1.2.7', '2350'),
('E.1.3', '2350'),
('E.1.3.4', '2350'),
('E.1.3.5', '2350'),
('E.1.5', '2350'),
('E.1.6', '2350'),
('E.1.7', '2350'),
('E.1.8', '2350'),
('E.1.9', '2350'),
('E.1.10', '2350'),
('E.1.11', '2350'),
('E.1.12', '2350'),
('E.2.1', '2350'),
('E.2.2', '2350'),
('E.3.1.1', '2350'),
('E.3.2', '2350'),
('G.1.1', '2710'),
('G.1.1.1', '2710'),
('G.1.2', '2710'),
('G.1.3', '2710'),
('G.1.4', '2710'),
('G.1.5', '2710'),
('G.2.5', '2710'),
('G.2.6', '2710'),
('G.2.8', '2710'),
('G.2.13', '2710'),
('G.3.1', '2710'),
('G.3.2', '2710'),
('G.3.4', '2710'),
('S.1.1', '2710'),
('S.1.4', '2710'),
('S.1.5', '2710'),
('S.1.6', '2710'),
('S.1.6.2', '2710'),
('S.1.6.4', '2710'),
('S.1.6.5', '2710'),
('S.1.6.6', '2710'),
('S.1.7', '2710'),
('S.2.1', '2710'),
('S.2.2', '2710'),
('S.3.2.1', '2710'),
('S.3.3', '2710'),
('S.4.1', '2710'),
('S.4.3', '2710'),
('E.1.3', '2710'),
('E.1.5', '2710'),
('E.1.6', '2710'),
('E.1.7', '2710'),
('E.1.8', '2710'),
('E.1.9', '2710'),
('E.1.10', '2710'),
('E.1.11', '2710'),
('E.1.12', '2710'),
('E.2.1', '2710'),
('E.2.1.1', '2710'),
('E.2.1.2', '2710'),
('E.2.2', '2710'),
('E.3.1.1', '2710'),
('E.3.1.2', '2710'),
('E.3.2', '2710'),
('G.1.1', '2723'),
('G.1.3', '2723'),
('G.1.4', '2723'),
('G.1.5', '2723'),
('G.2.5', '2723'),
('G.2.6', '2723'),
('G.2.8', '2723'),
('G.2.13', '2723'),
('G.3.2', '2723'),
('G.3.4', '2723'),
('S.1.1', '2723'),
('S.1.2', '2723'),
('S.1.4', '2723'),
('S.1.5', '2723'),
('S.1.6.2', '2723'),
('S.1.6.6', '2723'),
('S.1.7', '2723'),
('S.2.1', '2723'),
('S.2.2', '2723'),
('S.2.3', '2723'),
('S.3.3', '2723'),
('E.1.2', '2723'),
('E.1.2.7', '2723'),
('E.1.3.5', '2723'),
('E.1.5', '2723'),
('E.1.6', '2723'),
('E.1.7', '2723'),
('E.1.8', '2723'),
('E.1.9', '2723'),
('E.1.10', '2723'),
('E.1.11', '2723'),
('E.1.12', '2723'),
('E.2.1', '2723'),
('E.2.1.7', '2723'),
('E.2.1.8', '2723'),
('E.2.2', '2723'),
('E.3.1.1', '2723'),
('E.3.1.6', '2723'),
('E.3.2', '2723'),
('G.1.1', '2727'),
('G.1.3', '2727'),
('G.1.4', '2727'),
('G.1.5', '2727'),
('G.2.5', '2727'),
('G.2.6', '2727'),
('G.2.8', '2727'),
('G.2.13', '2727'),
('G.3.1', '2727'),
('G.3.2', '2727'),
('G.3.4', '2727'),
('S.1.5', '2727'),
('S.1.6.4', '2727'),
('S.1.6.5', '2727'),
('S.1.6.6', '2727'),
('S.1.7', '2727'),
('S.2.1', '2727'),
('S.2.1.1', '2727'),
('S.2.2', '2727'),
('S.2.3', '2727'),
('S.3.2.1', '2727'),
('S.3.3', '2727'),
('S.4.1', '2727'),
('S.4.2.1', '2727'),
('S.4.3', '2727'),
('E.1.1.1', '2727'),
('E.1.3', '2727'),
('E.1.3.2', '2727'),
('E.1.3.3', '2727'),
('E.1.3.4', '2727'),
('E.1.5', '2727'),
('E.1.6', '2727'),
('E.1.7', '2727'),
('E.1.9', '2727'),
('E.1.10', '2727'),
('E.1.11', '2727'),
('E.1.12', '2727'),
('E.2.1', '2727'),
('E.2.1.1', '2727'),
('E.2.1.2', '2727'),
('E.2.2', '2727'),
('E.3.1.2', '2727'),
('E.3.1.6', '2727'),
('E.3.1.7', '2727'),
('E.3.2', '2727'),
('G.1.1', '2730'),
('G.1.3', '2730'),
('G.1.4', '2730'),
('G.1.5', '2730'),
('G.2.1', '2730'),
('G.2.5', '2730'),
('G.2.6', '2730'),
('G.2.8', '2730'),
('G.2.13', '2730'),
('G.3.2', '2730'),
('G.3.4', '2730'),
('S.1.5', '2730'),
('S.1.6.4', '2730'),
('S.1.6.5', '2730'),
('S.1.6.6', '2730'),
('S.1.7', '2730'),
('S.2.1', '2730'),
('S.2.2', '2730'),
('S.2.3', '2730'),
('S.3.2.1', '2730'),
('S.3.3', '2730'),
('S.4.1', '2730'),
('S.4.2.1', '2730'),
('S.4.3', '2730'),
('E.1.1.1', '2730'),
('E.1.2', '2730'),
('E.1.3', '2730'),
('E.1.3.2', '2730'),
('E.1.3.3', '2730'),
('E.1.3.4', '2730'),
('E.1.3.5', '2730'),
('E.1.5', '2730'),
('E.1.6', '2730'),
('E.1.7', '2730'),
('E.1.8', '2730'),
('E.1.9', '2730'),
('E.1.10', '2730'),
('E.1.11', '2730'),
('E.1.12', '2730'),
('E.2.1', '2730'),
('E.2.1.1', '2730'),
('E.2.2', '2730'),
('E.3.1.1', '2730'),
('E.3.1.2', '2730'),
('E.3.1.6', '2730'),
('E.3.2', '2730'),
('G.1.1', '2750'),
('G.1.3', '2750'),
('G.1.4', '2750'),
('G.1.5', '2750'),
('G.2.5', '2750'),
('G.2.6', '2750'),
('G.2.8', '2750'),
('G.2.13', '2750'),
('G.3.1', '2750'),
('G.3.2', '2750'),
('G.3.4', '2750'),
('S.1.5', '2750'),
('S.1.6.4', '2750'),
('S.1.6.5', '2750'),
('S.1.6.6', '2750'),
('S.1.7', '2750'),
('S.2.1', '2750'),
('S.2.2', '2750'),
('S.2.3', '2750'),
('S.3.2.1', '2750'),
('S.3.3', '2750'),
('S.4.1', '2750'),
('S.4.2.1', '2750'),
('S.4.3', '2750'),
('E.1.3.2', '2750'),
('E.1.3.3', '2750'),
('E.1.3.4', '2750'),
('E.1.3.5', '2750'),
('E.1.5', '2750'),
('E.1.6', '2750'),
('E.1.7', '2750'),
('E.1.8', '2750'),
('E.1.9', '2750'),
('E.1.10', '2750'),
('E.1.11', '2750'),
('E.1.12', '2750'),
('E.2.1', '2750'),
('E.3.1.2', '2750'),
('E.3.1.6', '2750'),
('E.3.2', '2750'),
('G.1.1', '2770'),
('G.1.3', '2770'),
('G.1.4', '2770'),
('G.1.5', '2770'),
('G.2.5', '2770'),
('G.2.6', '2770'),
('G.2.8', '2770'),
('G.2.13', '2770'),
('G.3.4', '2770'),
('S.1.1', '2770'),
('S.1.4', '2770'),
('S.1.5', '2770'),
('S.1.7', '2770'),
('S.2.2', '2770'),
('S.2.3', '2770'),
('S.3.3', '2770'),
('S.4.1', '2770'),
('S.4.2.2', '2770'),
('S.4.3', '2770'),
('E.1.2', '2770'),
('E.1.2.3', '2770'),
('E.1.3.5', '2770'),
('E.1.5', '2770'),
('E.1.6', '2770'),
('E.1.7', '2770'),
('E.1.8', '2770'),
('E.1.9', '2770'),
('E.1.10', '2770'),
('E.1.11', '2770'),
('E.1.12', '2770'),
('E.2.1.1', '2770'),
('E.2.2', '2770'),
('E.3.1.1', '2770'),
('E.3.2', '2770'),
('G.1.1', '2791'),
('G.1.3', '2791'),
('G.1.4', '2791'),
('G.1.5', '2791'),
('G.2.5', '2791'),
('G.2.6', '2791'),
('G.2.7', '2791'),
('G.2.8', '2791'),
('G.2.13', '2791'),
('G.3.1', '2791'),
('G.3.4', '2791'),
('S.1.1.1', '2791'),
('S.1.2', '2791'),
('S.1.3', '2791'),
('S.1.4', '2791'),
('S.1.5', '2791'),
('S.1.5.1', '2791'),
('S.1.7', '2791'),
('S.2.2', '2791'),
('S.2.3', '2791'),
('S.3.3', '2791'),
('S.4.1', '2791'),
('S.4.2.1', '2791'),
('E.1.2', '2791'),
('E.1.3', '2791'),
('E.1.5', '2791'),
('E.1.6', '2791'),
('E.1.7', '2791'),
('E.1.7.1', '2791'),
('E.1.9', '2791'),
('E.1.10', '2791'),
('E.1.11', '2791'),
('E.1.12', '2791'),
('E.3.1.1', '2791'),
('E.3.2', '2791'),
('G.1.1', '2793'),
('G.1.3', '2793'),
('G.1.4', '2793'),
('G.1.5', '2793'),
('G.2.5', '2793'),
('G.2.6', '2793'),
('G.2.7', '2793'),
('G.2.8', '2793'),
('G.2.13', '2793'),
('G.3.1', '2793'),
('G.3.4', '2793'),
('S.1.1.1', '2793'),
('S.1.2', '2793'),
('S.1.3', '2793'),
('S.1.4', '2793'),
('S.1.5', '2793'),
('S.1.5.1', '2793'),
('S.1.7', '2793'),
('S.2.2', '2793'),
('S.2.3', '2793'),
('S.3.3', '2793'),
('S.4.1', '2793'),
('S.4.2.1', '2793'),
('E.1.2', '2793'),
('E.1.3', '2793'),
('E.1.5', '2793'),
('E.1.6', '2793'),
('E.1.7', '2793'),
('E.1.7.1', '2793'),
('E.1.9', '2793'),
('E.1.10', '2793'),
('E.1.11', '2793'),
('E.1.12', '2793'),
('E.3.1.1', '2793'),
('E.3.2', '2793'),
('G.1.1', '2795'),
('G.1.3', '2795'),
('G.1.4', '2795'),
('G.1.5', '2795'),
('G.2.5', '2795'),
('G.2.6', '2795'),
('G.2.7', '2795'),
('G.2.8', '2795'),
('G.2.13', '2795'),
('G.3.1', '2795'),
('G.3.4', '2795'),
('S.1.1.1', '2795'),
('S.1.2', '2795'),
('S.1.3', '2795'),
('S.1.4', '2795'),
('S.1.5', '2795'),
('S.1.5.1', '2795'),
('S.1.7', '2795'),
('S.2.2', '2795'),
('S.2.3', '2795'),
('S.3.3', '2795'),
('S.4.1', '2795'),
('S.4.2.1', '2795'),
('E.1.2', '2795'),
('E.1.3', '2795'),
('E.1.5', '2795'),
('E.1.6', '2795'),
('E.1.7', '2795'),
('E.1.7.1', '2795'),
('E.1.9', '2795'),
('E.1.10', '2795'),
('E.1.11', '2795'),
('E.1.12', '2795'),
('E.3.1.1', '2795'),
('E.3.2', '2795'),
('G.1.1', '2797'),
('G.1.3', '2797'),
('G.1.4', '2797'),
('G.1.4.3', '2797'),
('G.1.5', '2797'),
('G.2.5', '2797'),
('G.2.6', '2797'),
('G.2.8', '2797'),
('G.2.13', '2797'),
('G.3.1', '2797'),
('G.3.2', '2797'),
('G.3.4', '2797'),
('S.1.5', '2797'),
('S.1.6.5', '2797'),
('S.1.7', '2797'),
('S.2.1', '2797'),
('S.2.2', '2797'),
('S.2.3', '2797'),
('S.4.1', '2797'),
('S.4.3', '2797'),
('E.1.2', '2797'),
('E.1.5', '2797'),
('E.1.6', '2797'),
('E.1.7', '2797'),
('E.1.8', '2797'),
('E.1.9', '2797'),
('E.1.10', '2797'),
('E.1.11', '2797'),
('E.1.12', '2797'),
('E.2.1', '2797'),
('E.2.2', '2797'),
('E.3.1.1', '2797'),
('E.3.2', '2797'),
('G.1.1', '2799'),
('G.1.3', '2799'),
('G.1.4', '2799'),
('G.1.5', '2799'),
('G.2.5', '2799'),
('G.2.6', '2799'),
('G.2.7', '2799'),
('G.2.8', '2799'),
('G.2.13', '2799'),
('G.3.1', '2799'),
('G.3.4', '2799'),
('S.1.1.1', '2799'),
('S.1.2', '2799'),
('S.1.3', '2799'),
('S.1.4', '2799'),
('S.1.5', '2799'),
('S.1.5.1', '2799'),
('S.1.7', '2799'),
('S.2.2', '2799'),
('S.2.3', '2799'),
('S.3.3', '2799'),
('S.4.1', '2799'),
('S.4.2.1', '2799'),
('E.1.2', '2799'),
('E.1.3', '2799'),
('E.1.5', '2799'),
('E.1.6', '2799'),
('E.1.7', '2799'),
('E.1.7.1', '2799'),
('E.1.9', '2799'),
('E.1.10', '2799'),
('E.1.11', '2799'),
('E.1.12', '2799'),
('E.3.1.1', '2799'),
('E.3.2', '2799'),
('G.1.1', '3353'),
('G.1.2', '3353'),
('G.1.3', '3353'),
('G.1.4', '3353'),
('G.1.5', '3353'),
('G.2.1', '3353'),
('G.2.5', '3353'),
('G.2.8', '3353'),
('G.2.13', '3353'),
('G.3.2', '3353'),
('G.3.4', '3353'),
('S.1.5', '3353'),
('S.1.6.5', '3353'),
('S.1.7', '3353'),
('S.2.1', '3353'),
('S.2.2', '3353'),
('S.2.3', '3353'),
('S.3.2.1', '3353'),
('S.3.3', '3353'),
('S.4.3', '3353'),
('E.1.1', '3353'),
('E.1.1.1', '3353'),
('E.1.2', '3353'),
('E.1.3', '3353'),
('E.1.4', '3353'),
('E.1.5', '3353'),
('E.1.6', '3353'),
('E.1.7', '3353'),
('E.1.8', '3353'),
('E.1.9', '3353'),
('E.1.10', '3353'),
('E.1.11', '3353'),
('E.1.12', '3353'),
('E.2.1', '3353'),
('E.2.1.1', '3353'),
('E.2.1.2', '3353'),
('E.2.2', '3353'),
('E.3.1.1', '3353'),
('E.3.1.4', '3353'),
('E.3.2', '3353'),
('G.1.1', '3355'),
('G.1.3', '3355'),
('G.1.3.5', '3355'),
('G.1.5', '3355'),
('G.2.1', '3355'),
('G.2.2', '3355'),
('G.2.5', '3355'),
('G.2.6', '3355'),
('G.2.8', '3355'),
('G.2.13', '3355'),
('G.3.2', '3355'),
('G.3.4', '3355'),
('S.1.5', '3355'),
('S.1.6.5', '3355'),
('S.1.7', '3355'),
('S.2.1', '3355'),
('S.2.2', '3355'),
('S.2.3', '3355'),
('S.3.2.1', '3355'),
('S.3.3', '3355'),
('S.4.1', '3355'),
('S.4.3', '3355'),
('E.1.1', '3355'),
('E.1.2', '3355'),
('E.1.3', '3355'),
('E.1.5', '3355'),
('E.1.6', '3355'),
('E.1.7', '3355'),
('E.1.8', '3355'),
('E.1.9', '3355'),
('E.1.10', '3355'),
('E.1.11', '3355'),
('E.1.12', '3355'),
('E.2.1', '3355'),
('E.2.2', '3355'),
('E.3.1.5', '3355'),
('E.3.2', '3355'),
('G.1.1', '3357'),
('G.1.3', '3357'),
('G.1.3.5', '3357'),
('G.1.5', '3357'),
('G.2.1', '3357'),
('G.2.2', '3357'),
('G.2.5', '3357'),
('G.2.6', '3357'),
('G.2.8', '3357'),
('G.2.13', '3357'),
('G.3.2', '3357'),
('G.3.4', '3357'),
('S.1.5', '3357'),
('S.1.6.5', '3357'),
('S.1.7', '3357'),
('S.2.1', '3357'),
('S.2.2', '3357'),
('S.2.3', '3357'),
('S.3.2.1', '3357'),
('S.3.3', '3357'),
('S.4.1', '3357'),
('S.4.3', '3357'),
('E.1.1', '3357'),
('E.1.2', '3357'),
('E.1.3', '3357'),
('E.1.5', '3357'),
('E.1.6', '3357'),
('E.1.7', '3357'),
('E.1.8', '3357'),
('E.1.9', '3357'),
('E.1.10', '3357'),
('E.1.11', '3357'),
('E.1.12', '3357'),
('E.2.1', '3357'),
('E.2.2', '3357'),
('E.3.1.5', '3357'),
('E.3.2', '3357'),
('G.1.1', '3530'),
('G.1.3', '3530'),
('G.1.4', '3530'),
('G.1.5', '3530'),
('G.2.5', '3530'),
('G.2.6', '3530'),
('G.2.8', '3530'),
('G.2.13', '3530'),
('G.3.4', '3530'),
('S.1.1', '3530'),
('S.1.4', '3530'),
('S.1.5', '3530'),
('S.1.7', '3530'),
('S.2.1', '3530'),
('S.2.1.1', '3530'),
('S.2.2', '3530'),
('S.2.2.1', '3530'),
('S.2.2.4', '3530'),
('S.2.3', '3530'),
('S.3.1.9', '3530'),
('S.3.3', '3530'),
('S.4.1', '3530'),
('S.4.3', '3530'),
('E.1.2', '3530'),
('E.1.2.7', '3530'),
('E.1.3', '3530'),
('E.1.3.4', '3530'),
('E.1.5', '3530'),
('E.1.7', '3530'),
('E.1.7.1', '3530'),
('E.1.7.2', '3530'),
('E.1.8', '3530'),
('E.1.9', '3530'),
('E.1.10', '3530'),
('E.1.11', '3530'),
('E.1.12', '3530'),
('E.2.1', '3530'),
('E.2.2', '3530'),
('E.3.1.8', '3530'),
('E.3.1.9', '3530'),
('E.3.2', '3530'),
('G.1.1', '3570'),
('G.1.3', '3570'),
('G.1.4', '3570'),
('G.1.5', '3570'),
('G.2.5', '3570'),
('G.2.6', '3570'),
('G.2.8', '3570'),
('G.2.13', '3570'),
('G.3.4', '3570'),
('S.1.1', '3570'),
('S.1.4', '3570'),
('S.1.5', '3570'),
('S.1.7', '3570'),
('S.2.1', '3570'),
('S.2.1.1', '3570'),
('S.2.2', '3570'),
('S.2.2.1', '3570'),
('S.2.2.4', '3570'),
('S.2.3', '3570'),
('S.3.1.9', '3570'),
('S.3.3', '3570'),
('S.4.1', '3570'),
('S.4.3', '3570'),
('E.1.2', '3570'),
('E.1.2.7', '3570'),
('E.1.3', '3570'),
('E.1.3.4', '3570'),
('E.1.5', '3570'),
('E.1.7', '3570'),
('E.1.7.1', '3570'),
('E.1.7.2', '3570'),
('E.1.8', '3570'),
('E.1.9', '3570'),
('E.1.10', '3570'),
('E.1.11', '3570'),
('E.1.12', '3570'),
('E.2.1', '3570'),
('E.2.2', '3570'),
('E.3.1.8', '3570'),
('E.3.1.9', '3570'),
('E.3.2', '3570'),
('G.1.1', '3722'),
('G.1.1.1', '3722'),
('G.1.4', '3722'),
('G.1.5', '3722'),
('G.2.5', '3722'),
('G.2.6', '3722'),
('G.2.8', '3722'),
('G.2.13', '3722'),
('G.3.2', '3722'),
('G.3.4', '3722'),
('S.1.5', '3722'),
('S.1.6.2', '3722'),
('S.1.6.4', '3722'),
('S.1.6.5', '3722'),
('S.1.6.6', '3722'),
('S.1.7', '3722'),
('S.2.1', '3722'),
('S.2.1.2', '3722'),
('S.2.2', '3722'),
('S.2.2.1', '3722'),
('S.2.2.2', '3722'),
('S.2.2.3', '3722'),
('S.2.3', '3722'),
('S.3.2.1', '3722'),
('S.3.3', '3722'),
('S.4.1', '3722'),
('S.4.3', '3722'),
('E.1.1.1', '3722'),
('E.1.2', '3722'),
('E.1.3', '3722'),
('E.1.3.5', '3722'),
('E.1.5', '3722'),
('E.1.6', '3722'),
('E.1.7', '3722'),
('E.1.8', '3722'),
('E.1.9', '3722'),
('E.1.10', '3722'),
('E.1.11', '3722'),
('E.1.12', '3722'),
('E.2.1', '3722'),
('E.2.1.1', '3722'),
('E.2.1.2', '3722'),
('E.3.1.1', '3722'),
('E.3.1.6', '3722'),
('E.3.1.7', '3722'),
('E.3.2', '3722'),
('G.1.1', '3724'),
('G.1.3', '3724'),
('G.1.4', '3724'),
('G.1.4.3', '3724'),
('G.1.4.5', '3724'),
('G.1.5', '3724'),
('G.2.5', '3724'),
('G.2.6', '3724'),
('G.2.8', '3724'),
('G.2.13', '3724'),
('G.3.2', '3724'),
('G.3.4', '3724'),
('S.1.5', '3724'),
('S.1.6.2', '3724'),
('S.1.6.4', '3724'),
('S.1.6.5', '3724'),
('S.1.7', '3724'),
('S.2.1', '3724'),
('S.2.2', '3724'),
('S.2.3', '3724'),
('S.3.1.1', '3724'),
('S.3.2.1', '3724'),
('S.3.3', '3724'),
('S.4.1', '3724'),
('S.4.3', '3724'),
('E.1.2', '3724'),
('E.1.2.7', '3724'),
('E.1.3', '3724'),
('E.1.5', '3724'),
('E.1.6', '3724'),
('E.1.7', '3724'),
('E.1.7.1', '3724'),
('E.1.8', '3724'),
('E.1.9', '3724'),
('E.1.10', '3724'),
('E.1.11', '3724'),
('E.1.12', '3724'),
('E.2.1', '3724'),
('E.2.1.1', '3724'),
('E.2.1.2', '3724'),
('E.2.1.7', '3724'),
('E.2.2', '3724'),
('E.3.1.1', '3724'),
('E.3.2', '3724'),
('G.1.1', '3726'),
('G.1.1.1', '3726'),
('G.1.4', '3726'),
('G.1.5', '3726'),
('G.2.5', '3726'),
('G.2.6', '3726'),
('G.2.8', '3726'),
('G.2.13', '3726'),
('G.3.2', '3726'),
('G.3.4', '3726'),
('S.1.5', '3726'),
('S.1.6.2', '3726'),
('S.1.6.4', '3726'),
('S.1.6.5', '3726'),
('S.1.6.6', '3726'),
('S.1.7', '3726'),
('S.2.1', '3726'),
('S.2.1.2', '3726'),
('S.2.2', '3726'),
('S.2.2.1', '3726'),
('S.2.2.2', '3726'),
('S.2.2.3', '3726'),
('S.2.3', '3726'),
('S.3.2.1', '3726'),
('S.3.3', '3726'),
('S.4.1', '3726'),
('S.4.3', '3726'),
('E.1.1.1', '3726'),
('E.1.2', '3726'),
('E.1.3', '3726'),
('E.1.3.5', '3726'),
('E.1.5', '3726'),
('E.1.6', '3726'),
('E.1.7', '3726'),
('E.1.8', '3726'),
('E.1.9', '3726'),
('E.1.10', '3726'),
('E.1.11', '3726'),
('E.1.12', '3726'),
('E.2.1', '3726'),
('E.2.1.1', '3726'),
('E.2.1.2', '3726'),
('E.3.1.1', '3726'),
('E.3.1.6', '3726'),
('E.3.1.7', '3726'),
('E.3.2', '3726'),
('G.1.1', '3728'),
('G.1.3', '3728'),
('G.1.3.4', '3728'),
('G.1.4', '3728'),
('G.1.5', '3728'),
('G.2.1', '3728'),
('G.2.5', '3728'),
('G.2.6', '3728'),
('G.2.13', '3728'),
('G.3.2', '3728'),
('G.3.4', '3728'),
('S.1.1.1', '3728'),
('S.1.4', '3728'),
('S.1.5', '3728'),
('S.1.6.4', '3728'),
('S.1.6.5', '3728'),
('S.1.6.6', '3728'),
('S.1.7', '3728'),
('S.2.1', '3728'),
('S.2.1.1', '3728'),
('S.2.2', '3728'),
('S.2.3', '3728'),
('S.3.1.11', '3728'),
('S.3.2.1', '3728'),
('S.3.3', '3728'),
('S.4.1', '3728'),
('E.1.2', '3728'),
('E.1.3', '3728'),
('E.1.5', '3728'),
('E.1.6', '3728'),
('E.1.7', '3728'),
('E.1.7.1', '3728'),
('E.1.9', '3728'),
('E.1.10', '3728'),
('E.1.11', '3728'),
('E.1.12', '3728'),
('E.2.1', '3728'),
('E.2.1.1', '3728'),
('E.2.1.2', '3728'),
('E.2.2', '3728'),
('E.3.1.6', '3728'),
('E.3.2', '3728'),
('G.1.1', '3740'),
('G.1.1.1', '3740'),
('G.1.4', '3740'),
('G.1.5', '3740'),
('G.2.5', '3740'),
('G.2.6', '3740'),
('G.2.8', '3740'),
('G.2.13', '3740'),
('G.3.2', '3740'),
('G.3.4', '3740'),
('S.1.5', '3740'),
('S.1.6.2', '3740'),
('S.1.6.4', '3740'),
('S.1.6.5', '3740'),
('S.1.6.6', '3740'),
('S.1.7', '3740'),
('S.2.1', '3740'),
('S.2.1.2', '3740'),
('S.2.2', '3740'),
('S.2.2.1', '3740'),
('S.2.2.2', '3740'),
('S.2.2.3', '3740'),
('S.2.3', '3740'),
('S.3.2.1', '3740'),
('S.3.3', '3740'),
('S.4.1', '3740'),
('S.4.3', '3740'),
('E.1.1.1', '3740'),
('E.1.2', '3740'),
('E.1.3', '3740'),
('E.1.3.5', '3740'),
('E.1.5', '3740'),
('E.1.6', '3740'),
('E.1.7', '3740'),
('E.1.8', '3740'),
('E.1.9', '3740'),
('E.1.10', '3740'),
('E.1.11', '3740'),
('E.1.12', '3740'),
('E.2.1', '3740'),
('E.2.1.1', '3740'),
('E.2.1.2', '3740'),
('E.3.1.1', '3740'),
('E.3.1.6', '3740'),
('E.3.1.7', '3740'),
('E.3.2', '3740'),
('G.1.1', '3760'),
('G.1.3', '3760'),
('G.1.4', '3760'),
('G.1.4.3', '3760'),
('G.1.5', '3760'),
('G.2.5', '3760'),
('G.2.6', '3760'),
('G.2.8', '3760'),
('G.2.13', '3760'),
('G.3.4', '3760'),
('S.1.1.1', '3760'),
('S.1.2', '3760'),
('S.1.3', '3760'),
('S.1.5', '3760'),
('S.1.6.2', '3760'),
('S.1.7', '3760'),
('S.2.1', '3760'),
('S.2.1.1', '3760'),
('S.2.2', '3760'),
('S.2.2.1', '3760'),
('S.2.2.2', '3760'),
('S.2.2.3', '3760'),
('S.2.2.4', '3760'),
('S.3.3', '3760'),
('S.4.1', '3760'),
('S.4.3', '3760'),
('E.1.2.7', '3760'),
('E.1.3', '3760'),
('E.1.3.5', '3760'),
('E.1.7', '3760'),
('E.1.8', '3760'),
('E.1.9', '3760'),
('E.1.10', '3760'),
('E.1.11', '3760'),
('E.1.12', '3760'),
('E.2.1', '3760'),
('E.2.1.1', '3760'),
('E.2.1.2', '3760'),
('E.2.2', '3760'),
('E.3.1.1', '3760'),
('E.3.1.6', '3760'),
('E.3.1.7', '3760'),
('E.3.2', '3760'),
('G.1.1', '3780'),
('G.1.3', '3780'),
('G.1.4', '3780'),
('G.1.5', '3780'),
('G.2.5', '3780'),
('G.2.6', '3780'),
('G.2.8', '3780'),
('G.2.13', '3780'),
('G.3.4', '3780'),
('S.1.1', '3780'),
('S.1.4', '3780'),
('S.1.5', '3780'),
('S.1.7', '3780'),
('S.2.1', '3780'),
('S.2.1.1', '3780'),
('S.2.2', '3780'),
('S.2.2.1', '3780'),
('S.2.2.4', '3780'),
('S.2.3', '3780'),
('S.3.1.9', '3780'),
('S.3.3', '3780'),
('S.4.1', '3780'),
('S.4.3', '3780'),
('E.1.2', '3780'),
('E.1.2.7', '3780'),
('E.1.3', '3780'),
('E.1.3.4', '3780'),
('E.1.5', '3780'),
('E.1.7', '3780'),
('E.1.7.1', '3780'),
('E.1.7.2', '3780'),
('E.1.8', '3780'),
('E.1.9', '3780'),
('E.1.10', '3780'),
('E.1.11', '3780'),
('E.1.12', '3780'),
('E.2.1', '3780'),
('E.2.2', '3780'),
('E.3.1.8', '3780'),
('E.3.1.9', '3780'),
('E.3.2', '3780'),
('G.1.1', '4530'),
('G.1.3', '4530'),
('G.1.4', '4530'),
('G.1.5', '4530'),
('G.2.5', '4530'),
('G.2.5.1', '4530'),
('G.2.7', '4530'),
('G.2.8', '4530'),
('G.2.13', '4530'),
('G.3.1', '4530'),
('G.3.2', '4530'),
('G.3.4', '4530'),
('S.1.1', '4530'),
('S.1.3', '4530'),
('S.1.5', '4530'),
('S.1.6.6', '4530'),
('S.1.7', '4530'),
('S.2.1', '4530'),
('S.2.2', '4530'),
('S.2.3', '4530'),
('S.3.2.1', '4530'),
('S.3.3', '4530'),
('S.4.1', '4530'),
('S.4.2.7', '4530'),
('S.4.3', '4530'),
('E.1.2', '4530'),
('E.1.3', '4530'),
('E.1.3.2', '4530'),
('E.1.5', '4530'),
('E.1.6', '4530'),
('E.1.7', '4530'),
('E.1.8', '4530'),
('E.1.9', '4530'),
('E.1.10', '4530'),
('E.1.11', '4530'),
('E.1.12', '4530'),
('G.1.1', '4570'),
('G.1.2', '4570'),
('G.1.3', '4570'),
('G.1.4', '4570'),
('G.1.4.3', '4570'),
('G.1.4.5', '4570'),
('G.1.4.6', '4570'),
('G.1.5', '4570'),
('G.2.5', '4570'),
('G.2.6', '4570'),
('G.2.8', '4570'),
('G.2.13', '4570'),
('G.3.2', '4570'),
('G.3.4', '4570'),
('S.1.6.2', '4570'),
('S.1.6.4', '4570'),
('S.1.6.5', '4570'),
('S.1.6.6', '4570'),
('S.1.7', '4570'),
('S.2.1', '4570'),
('S.2.2', '4570'),
('S.2.3', '4570'),
('S.3.1.12', '4570'),
('S.3.2.1', '4570'),
('S.3.3', '4570'),
('S.4.1', '4570'),
('S.4.2.4', '4570'),
('S.4.2.5', '4570'),
('S.4.2.6', '4570'),
('S.4.2.13', '4570'),
('S.4.2.14', '4570'),
('S.4.3', '4570'),
('E.1.2.7', '4570'),
('E.1.3', '4570'),
('E.1.3.2', '4570'),
('E.1.5', '4570'),
('E.1.6', '4570'),
('E.1.7', '4570'),
('E.1.8', '4570'),
('E.1.9', '4570'),
('E.1.10', '4570'),
('E.1.11', '4570'),
('E.1.12', '4570'),
('E.2.1', '4570'),
('E.2.2', '4570'),
('E.3.2', '4570'),
('G.1.1', '5330'),
('G.1.3', '5330'),
('G.1.4', '5330'),
('G.1.4.3', '5330'),
('G.1.5', '5330'),
('G.2.5', '5330'),
('G.2.6', '5330'),
('G.2.8', '5330'),
('G.2.13', '5330'),
('G.3.4', '5330'),
('S.1.2', '5330'),
('S.1.4', '5330'),
('S.1.5', '5330'),
('S.1.7', '5330'),
('S.2.1', '5330'),
('S.2.1.1', '5330'),
('S.2.2', '5330'),
('S.2.2.4', '5330'),
('S.2.3', '5330'),
('S.3.1.1', '5330'),
('S.3.3', '5330'),
('S.4.1', '5330'),
('E.1.6', '5330'),
('E.1.7', '5330'),
('E.1.7.1', '5330'),
('E.1.7.2', '5330'),
('E.1.8', '5330'),
('E.1.9', '5330'),
('E.1.10', '5330'),
('E.1.11', '5330'),
('E.1.12', '5330'),
('E.2.1', '5330'),
('E.2.1.1', '5330'),
('E.2.1.2', '5330'),
('E.2.1.9', '5330'),
('E.2.2', '5330'),
('E.3.1.8', '5330'),
('E.3.1.9', '5330'),
('E.3.2', '5330'),
('G.1.1', '5370'),
('G.1.3', '5370'),
('G.1.4', '5370'),
('G.1.5', '5370'),
('G.2.5', '5370'),
('G.2.6', '5370'),
('G.2.8', '5370'),
('G.2.13', '5370'),
('G.3.4', '5370'),
('S.1.1.1', '5370'),
('S.1.2', '5370'),
('S.1.3', '5370'),
('S.1.5', '5370'),
('S.1.5.1', '5370'),
('S.1.7', '5370'),
('S.2.1', '5370'),
('S.2.1.1', '5370'),
('S.2.2', '5370'),
('S.2.2.1', '5370'),
('S.2.2.2', '5370'),
('S.2.2.3', '5370'),
('S.2.3', '5370'),
('S.3.3', '5370'),
('S.4.1', '5370'),
('S.4.3', '5370'),
('E.1.2', '5370'),
('E.1.4', '5370'),
('E.1.5', '5370'),
('E.1.6', '5370'),
('E.1.7', '5370'),
('E.1.7.1', '5370'),
('E.1.8', '5370'),
('E.1.9', '5370'),
('E.1.10', '5370'),
('E.1.11', '5370'),
('E.1.12', '5370'),
('E.2.1', '5370'),
('E.2.2', '5370'),
('E.3.1.1', '5370'),
('E.3.2', '5370'),
('G.1.1', '5550'),
('G.1.3', '5550'),
('G.1.4', '5550'),
('G.1.5', '5550'),
('G.2.1', '5550'),
('G.2.2', '5550'),
('G.2.6', '5550'),
('G.2.7', '5550'),
('G.2.9', '5550'),
('G.2.13', '5550'),
('G.3.2', '5550'),
('G.3.4', '5550'),
('S.1.3', '5550'),
('S.1.5', '5550'),
('S.1.5.1', '5550'),
('S.1.7', '5550'),
('S.2.1', '5550'),
('S.2.2', '5550'),
('S.2.3', '5550'),
('S.3.1.3', '5550'),
('S.3.3', '5550'),
('S.4.3', '5550'),
('E.1.2', '5550'),
('E.1.5', '5550'),
('E.1.6', '5550'),
('E.1.7', '5550'),
('E.1.9', '5550'),
('E.1.10', '5550'),
('E.1.11', '5550'),
('E.1.12', '5550'),
('E.2.1', '5550'),
('E.2.1.1', '5550'),
('E.2.1.2', '5550'),
('E.2.1.7', '5550'),
('E.2.1.8', '5550'),
('E.2.1.10', '5550'),
('G.1.1', '5750'),
('G.1.3', '5750'),
('G.1.4', '5750'),
('G.1.5', '5750'),
('G.2.1', '5750'),
('G.2.5', '5750'),
('G.2.6', '5750'),
('G.2.8', '5750'),
('G.2.13', '5750'),
('G.3.4', '5750'),
('S.1.1.1', '5750'),
('S.1.5', '5750'),
('S.1.6.2', '5750'),
('S.1.6.4', '5750'),
('S.1.6.5', '5750'),
('S.1.6.6', '5750'),
('S.1.7', '5750'),
('S.3.2.1', '5750'),
('S.3.3', '5750'),
('S.4.1', '5750'),
('S.4.3', '5750'),
('E.1.1.1', '5750'),
('E.1.2', '5750'),
('E.1.3', '5750'),
('E.1.3.5', '5750'),
('E.1.4', '5750'),
('E.1.5', '5750'),
('E.1.6', '5750'),
('E.1.7', '5750'),
('E.1.7.1', '5750'),
('E.1.8', '5750'),
('E.1.9', '5750'),
('E.1.10', '5750'),
('E.1.11', '5750'),
('E.1.12', '5750'),
('E.3.1.1', '5750'),
('E.3.2', '5750'),
('G.1.1', '6530'),
('G.1.3', '6530'),
('G.1.4', '6530'),
('G.1.5', '6530'),
('G.2.1', '6530'),
('G.2.2', '6530'),
('G.2.5', '6530'),
('G.2.6', '6530'),
('G.2.13', '6530'),
('G.3.4', '6530'),
('S.1.5', '6530'),
('S.1.6.2', '6530'),
('S.1.7', '6530'),
('S.2.1', '6530'),
('S.2.1.1', '6530'),
('S.2.2', '6530'),
('S.2.2.1', '6530'),
('S.2.2.2', '6530'),
('S.2.2.3', '6530'),
('S.2.3', '6530'),
('S.3.1.3', '6530'),
('S.3.1.4', '6530'),
('S.3.3', '6530'),
('S.4.1', '6530'),
('S.4.2.1', '6530'),
('S.4.2.12', '6530'),
('S.4.3', '6530'),
('E.1.2', '6530'),
('E.1.3.2', '6530'),
('E.1.5', '6530'),
('E.1.6', '6530'),
('E.1.7', '6530'),
('E.1.8', '6530'),
('E.1.9', '6530'),
('E.1.10', '6530'),
('E.1.11', '6530'),
('E.1.12', '6530'),
('E.2.1', '6530'),
('E.2.2', '6530'),
('E.3.1.6', '6530'),
('E.3.1.7', '6530'),
('E.3.2', '6530'),
('G.1.1', '6570'),
('G.1.3', '6570'),
('G.1.4', '6570'),
('G.1.5', '6570'),
('G.2.1', '6570'),
('G.2.2', '6570'),
('G.2.5', '6570'),
('G.2.6', '6570'),
('G.2.13', '6570'),
('G.3.4', '6570'),
('S.1.5', '6570'),
('S.1.6.2', '6570'),
('S.1.7', '6570'),
('S.2.1', '6570'),
('S.2.1.1', '6570'),
('S.2.2', '6570'),
('S.2.2.1', '6570'),
('S.2.2.2', '6570'),
('S.2.2.3', '6570'),
('S.2.3', '6570'),
('S.3.1.3', '6570'),
('S.3.1.4', '6570'),
('S.3.3', '6570'),
('S.4.1', '6570'),
('S.4.2.1', '6570'),
('S.4.2.12', '6570'),
('S.4.3', '6570'),
('E.1.2', '6570'),
('E.1.3.2', '6570'),
('E.1.5', '6570'),
('E.1.6', '6570'),
('E.1.7', '6570'),
('E.1.8', '6570'),
('E.1.9', '6570'),
('E.1.10', '6570'),
('E.1.11', '6570'),
('E.1.12', '6570'),
('E.2.1', '6570'),
('E.2.2', '6570'),
('E.3.1.6', '6570'),
('E.3.1.7', '6570'),
('E.3.2', '6570'),
('G.1.1', '7530'),
('G.1.3', '7530'),
('G.1.4', '7530'),
('G.1.5', '7530'),
('G.2.1', '7530'),
('G.2.2', '7530'),
('G.2.5', '7530'),
('G.2.6', '7530'),
('G.2.13', '7530'),
('G.3.2', '7530'),
('G.3.4', '7530'),
('S.1.5', '7530'),
('S.1.6.2', '7530'),
('S.1.6.4', '7530'),
('S.1.6.5', '7530'),
('S.1.6.6', '7530'),
('S.1.7', '7530'),
('S.2.1', '7530'),
('S.2.2', '7530'),
('S.2.3', '7530'),
('S.3.1.11', '7530'),
('S.3.3', '7530'),
('S.4.1', '7530'),
('S.4.2.2', '7530'),
('S.4.2.10', '7530'),
('S.4.3', '7530'),
('E.1.1.1', '7530'),
('E.1.2', '7530'),
('E.1.2.7', '7530'),
('E.1.3', '7530'),
('E.1.3.2', '7530'),
('E.1.3.3', '7530'),
('E.1.3.4', '7530'),
('E.1.4', '7530'),
('E.1.5', '7530'),
('E.1.6', '7530'),
('E.1.8', '7530'),
('E.1.9', '7530'),
('E.1.10', '7530'),
('E.1.11', '7530'),
('E.1.12', '7530'),
('E.2.1', '7530'),
('E.2.1.1', '7530'),
('E.2.1.2', '7530'),
('E.2.2', '7530'),
('E.3.1.1', '7530'),
('E.3.1.7', '7530'),
('E.3.2', '7530'),
('G.1.1', '7530'),
('G.1.3', '7530'),
('G.1.4', '7530'),
('G.1.5', '7530'),
('G.2.1', '7530'),
('G.2.2', '7530'),
('G.2.5', '7530'),
('G.2.6', '7530'),
('G.2.13', '7530'),
('G.3.2', '7530'),
('G.3.4', '7530'),
('S.1.5', '7530'),
('S.1.6.2', '7530'),
('S.1.6.4', '7530'),
('S.1.6.5', '7530'),
('S.1.6.6', '7530'),
('S.1.7', '7530'),
('S.2.1', '7530'),
('S.2.2', '7530'),
('S.2.3', '7530'),
('S.3.1.11', '7530'),
('S.3.3', '7530'),
('S.4.1', '7530'),
('S.4.2.2', '7530'),
('S.4.2.10', '7530'),
('S.4.3', '7530'),
('E.1.1.1', '7530'),
('E.1.2', '7530'),
('E.1.2.7', '7530'),
('E.1.3', '7530'),
('E.1.3.2', '7530'),
('E.1.3.3', '7530'),
('E.1.3.4', '7530'),
('E.1.4', '7530'),
('E.1.5', '7530'),
('E.1.6', '7530'),
('E.1.8', '7530'),
('E.1.9', '7530'),
('E.1.10', '7530'),
('E.1.11', '7530'),
('E.1.12', '7530'),
('E.2.1', '7530'),
('E.2.1.1', '7530'),
('E.2.1.2', '7530'),
('E.2.2', '7530'),
('E.3.1.1', '7530'),
('E.3.1.7', '7530'),
('E.3.2', '7530'),
('G.1.1', '7570'),
('G.1.3', '7570'),
('G.1.4', '7570'),
('G.1.5', '7570'),
('G.2.1', '7570'),
('G.2.2', '7570'),
('G.2.5', '7570'),
('G.2.6', '7570'),
('G.2.13', '7570'),
('G.3.2', '7570'),
('G.3.4', '7570'),
('S.1.5', '7570'),
('S.1.6.2', '7570'),
('S.1.6.4', '7570'),
('S.1.6.5', '7570'),
('S.1.6.6', '7570'),
('S.1.7', '7570'),
('S.2.1', '7570'),
('S.2.2', '7570'),
('S.2.3', '7570'),
('S.3.1.11', '7570'),
('S.3.3', '7570'),
('S.4.1', '7570'),
('S.4.2.2', '7570'),
('S.4.2.10', '7570'),
('S.4.3', '7570'),
('E.1.1.1', '7570'),
('E.1.2', '7570'),
('E.1.2.7', '7570'),
('E.1.3', '7570'),
('E.1.3.2', '7570'),
('E.1.3.3', '7570'),
('E.1.3.4', '7570'),
('E.1.4', '7570'),
('E.1.5', '7570'),
('E.1.6', '7570'),
('E.1.8', '7570'),
('E.1.9', '7570'),
('E.1.10', '7570'),
('E.1.11', '7570'),
('E.1.12', '7570'),
('E.2.1', '7570'),
('E.2.1.1', '7570'),
('E.2.1.2', '7570'),
('E.2.2', '7570'),
('E.3.1.1', '7570'),
('E.3.1.7', '7570'),
('E.3.2', '7570'),
('G.1.1', '8350'),
('G.1.2', '8350'),
('G.1.3', '8350'),
('G.1.3.1', '8350'),
('G.1.3.2', '8350'),
('G.1.3.3', '8350'),
('G.1.4', '8350'),
('G.1.4.1', '8350'),
('G.1.5', '8350'),
('G.2.5', '8350'),
('G.2.5.1', '8350'),
('G.2.6', '8350'),
('G.2.7', '8350'),
('G.2.8', '8350'),
('G.2.9', '8350'),
('G.2.13', '8350'),
('G.3.1', '8350'),
('G.3.2', '8350'),
('G.3.4', '8350'),
('S.1.2', '8350'),
('S.1.3', '8350'),
('S.1.5', '8350'),
('S.1.7', '8350'),
('S.2.3', '8350'),
('S.3.3', '8350'),
('S.4.1', '8350'),
('S.4.2.3', '8350'),
('S.4.3', '8350'),
('E.1.1', '8350'),
('E.1.2', '8350'),
('E.1.5', '8350'),
('E.1.6', '8350'),
('E.1.7', '8350'),
('E.1.9', '8350'),
('E.1.10', '8350'),
('E.1.11', '8350'),
('E.1.12', '8350'),
('E.2.2', '8350'),
('E.3.1.10', '8350'),
('E.3.1.11', '8350'),
('E.3.1.15', '8350'),
('E.3.2', '8350'),
('G.1.1', '8530'),
('G.1.3', '8530'),
('G.1.3.1', '8530'),
('G.1.3.2', '8530'),
('G.1.3.3', '8530'),
('G.1.4', '8530'),
('G.1.5', '8530'),
('G.2.5', '8530'),
('G.2.5.1', '8530'),
('G.2.6', '8530'),
('G.2.7', '8530'),
('G.2.8', '8530'),
('G.2.9', '8530'),
('G.2.13', '8530'),
('G.3.1', '8530'),
('G.3.2', '8530'),
('G.3.4', '8530'),
('S.1.3', '8530'),
('S.1.5', '8530'),
('S.1.7', '8530'),
('S.2.3', '8530'),
('S.3.3', '8530'),
('S.4.1', '8530'),
('S.4.2.3', '8530'),
('S.4.3', '8530'),
('E.1.1', '8530'),
('E.1.2', '8530'),
('E.1.5', '8530'),
('E.1.6', '8530'),
('E.1.7', '8530'),
('E.1.9', '8530'),
('E.1.10', '8530'),
('E.1.11', '8530'),
('E.1.12', '8530'),
('E.2.2', '8530'),
('E.3.1.1', '8530'),
('E.3.1.5', '8530'),
('E.3.2', '8530'),
('G.1.1', '8570'),
('G.1.3', '8570'),
('G.1.3.1', '8570'),
('G.1.3.2', '8570'),
('G.1.3.3', '8570'),
('G.1.4', '8570'),
('G.1.5', '8570'),
('G.2.5', '8570'),
('G.2.5.1', '8570'),
('G.2.6', '8570'),
('G.2.7', '8570'),
('G.2.8', '8570'),
('G.2.9', '8570'),
('G.2.13', '8570'),
('G.3.1', '8570'),
('G.3.2', '8570'),
('G.3.4', '8570'),
('S.1.3', '8570'),
('S.1.5', '8570'),
('S.1.7', '8570'),
('S.2.3', '8570'),
('S.3.3', '8570'),
('S.4.1', '8570'),
('S.4.2.3', '8570'),
('S.4.3', '8570'),
('E.1.1', '8570'),
('E.1.2', '8570'),
('E.1.5', '8570'),
('E.1.6', '8570'),
('E.1.7', '8570'),
('E.1.9', '8570'),
('E.1.10', '8570'),
('E.1.11', '8570'),
('E.1.12', '8570'),
('E.2.2', '8570'),
('E.3.1.1', '8570'),
('E.3.1.5', '8570'),
('E.3.2', '8570'),
('G.1.1', '8630'),
('G.1.3', '8630'),
('G.1.3.1', '8630'),
('G.1.3.4', '8630'),
('G.1.4', '8630'),
('G.1.4.1', '8630'),
('G.1.5', '8630'),
('G.2.1', '8630'),
('G.2.5', '8630'),
('G.2.6', '8630'),
('G.2.8', '8630'),
('G.2.13', '8630'),
('G.3.4', '8630'),
('S.1.2', '8630'),
('S.1.4', '8630'),
('S.1.5', '8630'),
('S.1.7', '8630'),
('S.2.1', '8630'),
('S.2.2', '8630'),
('S.2.3', '8630'),
('S.3.1.10', '8630'),
('S.3.3', '8630'),
('S.4.1', '8630'),
('S.4.3', '8630'),
('E.1.1', '8630'),
('E.1.4', '8630'),
('E.1.5', '8630'),
('E.1.6', '8630'),
('E.1.7', '8630'),
('E.1.8', '8630'),
('E.1.9', '8630'),
('E.1.10', '8630'),
('E.1.11', '8630'),
('E.1.12', '8630'),
('E.2.1', '8630'),
('E.2.1.1', '8630'),
('E.2.2', '8630'),
('E.3.1.2', '8630'),
('E.3.1.3', '8630'),
('E.3.1.4', '8630'),
('E.3.2', '8630'),
('G.1.1', '8670'),
('G.1.3', '8670'),
('G.1.3.1', '8670'),
('G.1.3.4', '8670'),
('G.1.4', '8670'),
('G.1.4.1', '8670'),
('G.1.5', '8670'),
('G.2.1', '8670'),
('G.2.5', '8670'),
('G.2.6', '8670'),
('G.2.8', '8670'),
('G.2.13', '8670'),
('G.3.4', '8670'),
('S.1.2', '8670'),
('S.1.4', '8670'),
('S.1.5', '8670'),
('S.1.7', '8670'),
('S.2.1', '8670'),
('S.2.2', '8670'),
('S.2.3', '8670'),
('S.3.1.10', '8670'),
('S.3.3', '8670'),
('S.4.1', '8670'),
('S.4.3', '8670'),
('E.1.1', '8670'),
('E.1.4', '8670'),
('E.1.5', '8670'),
('E.1.6', '8670'),
('E.1.7', '8670'),
('E.1.8', '8670'),
('E.1.9', '8670'),
('E.1.10', '8670'),
('E.1.11', '8670'),
('E.1.12', '8670'),
('E.2.1', '8670'),
('E.2.1.1', '8670'),
('E.2.2', '8670'),
('E.3.1.2', '8670'),
('E.3.1.3', '8670'),
('E.3.1.4', '8670'),
('E.3.2', '8670'),
('G.1.1', '8770'),
('G.1.3', '8770'),
('G.1.3.1', '8770'),
('G.1.3.2', '8770'),
('G.1.4', '8770'),
('G.1.4.1', '8770'),
('G.1.5', '8770'),
('G.2.1', '8770'),
('G.2.2', '8770'),
('G.2.5', '8770'),
('G.2.5.1', '8770'),
('G.2.6', '8770'),
('G.2.7', '8770'),
('G.2.9', '8770'),
('G.2.13', '8770'),
('G.3.2', '8770'),
('G.3.4', '8770'),
('S.1.2', '8770'),
('S.1.3', '8770'),
('S.1.4', '8770'),
('S.1.5', '8770'),
('S.1.7', '8770'),
('S.2.3', '8770'),
('S.3.3', '8770'),
('S.4.1', '8770'),
('S.4.2.3', '8770'),
('S.4.3', '8770'),
('E.1.2', '8770'),
('E.1.5', '8770'),
('E.1.6', '8770'),
('E.1.7', '8770'),
('E.1.8', '8770'),
('E.1.9', '8770'),
('E.1.10', '8770'),
('E.1.11', '8770'),
('E.1.12', '8770'),
('E.2.1', '8770'),
('E.2.2', '8770'),
('E.3.1.10', '8770'),
('E.3.1.11', '8770'),
('E.3.1.15', '8770'),
('E.3.2', '8770'),
('G.1.1', '8980'),
('G.1.3', '8980'),
('G.1.3.1', '8980'),
('G.1.3.2', '8980'),
('G.1.4', '8980'),
('G.1.4.1', '8980'),
('G.1.5', '8980'),
('G.2.1', '8980'),
('G.2.2', '8980'),
('G.2.5', '8980'),
('G.2.5.1', '8980'),
('G.2.6', '8980'),
('G.2.7', '8980'),
('G.2.9', '8980'),
('G.2.13', '8980'),
('G.3.2', '8980'),
('G.3.4', '8980'),
('S.1.2', '8980'),
('S.1.3', '8980'),
('S.1.4', '8980'),
('S.1.5', '8980'),
('S.1.7', '8980'),
('S.2.3', '8980'),
('S.3.3', '8980'),
('S.4.1', '8980'),
('S.4.2.3', '8980'),
('S.4.3', '8980'),
('E.1.2', '8980'),
('E.1.5', '8980'),
('E.1.6', '8980'),
('E.1.7', '8980'),
('E.1.8', '8980'),
('E.1.9', '8980'),
('E.1.10', '8980'),
('E.1.11', '8980'),
('E.1.12', '8980'),
('E.2.1', '8980'),
('E.2.2', '8980'),
('E.3.1.10', '8980'),
('E.3.1.11', '8980'),
('E.3.1.15', '8980'),
('E.3.2', '8980'),
('G.1.1', '8990'),
('G.1.3', '8990'),
('G.1.3.1', '8990'),
('G.1.3.2', '8990'),
('G.1.4', '8990'),
('G.1.4.1', '8990'),
('G.1.5', '8990'),
('G.2.1', '8990'),
('G.2.2', '8990'),
('G.2.5', '8990'),
('G.2.5.1', '8990'),
('G.2.6', '8990'),
('G.2.7', '8990'),
('G.2.9', '8990'),
('G.2.13', '8990'),
('G.3.2', '8990'),
('G.3.4', '8990'),
('S.1.2', '8990'),
('S.1.3', '8990'),
('S.1.4', '8990'),
('S.1.5', '8990'),
('S.1.7', '8990'),
('S.2.3', '8990'),
('S.3.3', '8990'),
('S.4.1', '8990'),
('S.4.2.3', '8990'),
('S.4.3', '8990'),
('E.1.2', '8990'),
('E.1.5', '8990'),
('E.1.6', '8990'),
('E.1.7', '8990'),
('E.1.8', '8990'),
('E.1.9', '8990'),
('E.1.10', '8990'),
('E.1.11', '8990'),
('E.1.12', '8990'),
('E.2.1', '8990'),
('E.2.2', '8990'),
('E.3.1.10', '8990'),
('E.3.1.11', '8990'),
('E.3.1.15', '8990'),
('E.3.2', '8990'),
('G.1.1', '9530'),
('G.1.2', '9530'),
('G.1.3', '9530'),
('G.1.4', '9530'),
('G.1.5', '9530'),
('G.2.5', '9530'),
('G.2.6', '9530'),
('G.2.8', '9530'),
('G.2.13', '9530'),
('G.3.2', '9530'),
('G.3.4', '9530'),
('S.1.3', '9530'),
('S.1.5', '9530'),
('S.1.6.1', '9530'),
('S.1.7', '9530'),
('S.2.2', '9530'),
('S.2.3', '9530'),
('S.3.1.2', '9530'),
('S.3.1.3', '9530'),
('S.3.1.5', '9530'),
('S.3.3', '9530'),
('S.4.1', '9530'),
('S.4.2.12', '9530'),
('S.4.2.14', '9530'),
('E.1.2', '9530'),
('E.1.5', '9530'),
('E.1.6', '9530'),
('E.1.7', '9530'),
('E.1.8', '9530'),
('E.1.9', '9530'),
('E.1.10', '9530'),
('E.1.11', '9530'),
('E.1.12', '9530'),
('E.2.1', '9530'),
('E.2.2', '9530'),
('E.3.1.1', '9530'),
('E.3.2', '9530'),
('G.1.1', '9572'),
('G.1.3', '9572'),
('G.1.4', '9572'),
('G.1.5', '9572'),
('G.2.5', '9572'),
('G.2.6', '9572'),
('G.2.8', '9572'),
('G.2.13', '9572'),
('G.3.1', '9572'),
('G.3.2', '9572'),
('G.3.4', '9572'),
('S.1.1.1', '9572'),
('S.1.4', '9572'),
('S.1.5', '9572'),
('S.1.6.2', '9572'),
('S.1.7', '9572'),
('S.2.1', '9572'),
('S.2.1.1', '9572'),
('S.2.1.2', '9572'),
('S.2.1.3', '9572'),
('S.2.2', '9572'),
('S.2.2.1', '9572'),
('S.2.2.2', '9572'),
('S.2.2.3', '9572'),
('S.2.3', '9572'),
('S.3.2.1', '9572'),
('S.3.3', '9572'),
('S.4.1', '9572'),
('S.4.2.12', '9572'),
('S.4.3', '9572'),
('E.1.1', '9572'),
('E.1.3', '9572'),
('E.1.3.2', '9572'),
('E.1.3.4', '9572'),
('E.1.5', '9572'),
('E.1.6', '9572'),
('E.1.7', '9572'),
('E.1.8', '9572'),
('E.1.9', '9572'),
('E.1.10', '9572'),
('E.1.11', '9572'),
('E.1.12', '9572'),
('E.2.1', '9572'),
('E.2.1.1', '9572'),
('E.2.1.2', '9572'),
('E.2.2', '9572'),
('E.3.1.6', '9572'),
('E.3.1.7', '9572'),
('E.3.2', '9572'),
('G.1.1', '9574'),
('G.1.3', '9574'),
('G.1.4', '9574'),
('G.1.5', '9574'),
('G.2.5', '9574'),
('G.2.6', '9574'),
('G.2.8', '9574'),
('G.2.13', '9574'),
('G.3.1', '9574'),
('G.3.2', '9574'),
('G.3.4', '9574'),
('S.1.1.1', '9574'),
('S.1.4', '9574'),
('S.1.5', '9574'),
('S.1.6.2', '9574'),
('S.1.7', '9574'),
('S.2.1', '9574'),
('S.2.1.1', '9574'),
('S.2.1.2', '9574'),
('S.2.1.3', '9574'),
('S.2.2', '9574'),
('S.2.2.1', '9574'),
('S.2.2.2', '9574'),
('S.2.2.3', '9574'),
('S.2.3', '9574'),
('S.3.2.1', '9574'),
('S.3.3', '9574'),
('S.4.1', '9574'),
('S.4.2.12', '9574'),
('S.4.3', '9574'),
('E.1.1', '9574'),
('E.1.3', '9574'),
('E.1.3.2', '9574'),
('E.1.3.4', '9574'),
('E.1.5', '9574'),
('E.1.6', '9574'),
('E.1.7', '9574'),
('E.1.8', '9574'),
('E.1.9', '9574'),
('E.1.10', '9574'),
('E.1.11', '9574'),
('E.1.12', '9574'),
('E.2.1', '9574'),
('E.2.1.1', '9574'),
('E.2.1.2', '9574'),
('E.2.2', '9574'),
('E.3.1.6', '9574'),
('E.3.1.7', '9574'),
('E.3.2', '9574'),
('G.1.1', '9576'),
('G.1.2', '9576'),
('G.1.3', '9576'),
('G.1.4', '9576'),
('G.1.5', '9576'),
('G.2.5', '9576'),
('G.2.6', '9576'),
('G.2.8', '9576'),
('G.2.13', '9576'),
('G.3.2', '9576'),
('G.3.4', '9576'),
('S.1.5', '9576'),
('S.1.6.2', '9576'),
('S.1.6.5', '9576'),
('S.1.7', '9576'),
('S.2.1', '9576'),
('S.2.1.1', '9576'),
('S.2.1.2', '9576'),
('S.2.2', '9576'),
('S.2.2.1', '9576'),
('S.2.2.2', '9576'),
('S.2.2.3', '9576'),
('S.2.3', '9576'),
('S.3.2.1', '9576'),
('S.3.3', '9576'),
('S.4.1', '9576'),
('S.4.3', '9576'),
('E.1.2', '9576'),
('E.1.3', '9576'),
('E.1.3.2', '9576'),
('E.1.5', '9576'),
('E.1.6', '9576'),
('E.1.7', '9576'),
('E.1.8', '9576'),
('E.1.9', '9576'),
('E.1.10', '9576'),
('E.1.11', '9576'),
('E.1.12', '9576'),
('E.2.1', '9576'),
('E.2.1.2', '9576'),
('E.2.2', '9576'),
('E.3.1.6', '9576'),
('E.3.1.7', '9576'),
('E.3.2', '9576'),
('G.1.1', '9578'),
('G.1.3', '9578'),
('G.1.4', '9578'),
('G.1.5', '9578'),
('G.2.5', '9578'),
('G.2.6', '9578'),
('G.2.8', '9578'),
('G.2.13', '9578'),
('G.3.1', '9578'),
('G.3.2', '9578'),
('G.3.4', '9578'),
('S.1.1.1', '9578'),
('S.1.4', '9578'),
('S.1.5', '9578'),
('S.1.6.2', '9578'),
('S.1.7', '9578'),
('S.2.1', '9578'),
('S.2.1.1', '9578'),
('S.2.1.2', '9578'),
('S.2.1.3', '9578'),
('S.2.2', '9578'),
('S.2.2.1', '9578'),
('S.2.2.2', '9578'),
('S.2.2.3', '9578'),
('S.2.3', '9578'),
('S.3.2.1', '9578'),
('S.3.3', '9578'),
('S.4.1', '9578'),
('S.4.2.12', '9578'),
('S.4.3', '9578'),
('E.1.1', '9578'),
('E.1.3', '9578'),
('E.1.3.2', '9578'),
('E.1.3.4', '9578'),
('E.1.5', '9578'),
('E.1.6', '9578'),
('E.1.7', '9578'),
('E.1.8', '9578'),
('E.1.9', '9578'),
('E.1.10', '9578'),
('E.1.11', '9578'),
('E.1.12', '9578'),
('E.2.1', '9578'),
('E.2.1.1', '9578'),
('E.2.1.2', '9578'),
('E.2.2', '9578'),
('E.3.1.6', '9578'),
('E.3.1.7', '9578'),
('E.3.2', '9578');

-- --------------------------------------------------------

--
-- Table structure for table `industry`
--

CREATE TABLE IF NOT EXISTS `industry` (
  `id` varchar(4) NOT NULL,
  `name` varchar(30) NOT NULL,
  PRIMARY KEY (`id`)
) ENGINE=InnoDB DEFAULT CHARSET=latin1;

--
-- Dumping data for table `industry`
--

INSERT INTO `industry` (`id`, `name`) VALUES
('0001', 'Oil & Gas'),
('1000', 'Basic Materials'),
('2000', 'Industrials'),
('3000', 'Consumer Goods'),
('4000', 'Health Care'),
('5000', 'Consumer Services'),
('6000', 'Telecommunications'),
('7000', 'Utilities'),
('8000', 'Financials'),
('9000', 'Technology');

-- --------------------------------------------------------

--
-- Table structure for table `investor`
--

CREATE TABLE IF NOT EXISTS `investor` (
  `id` int(11) NOT NULL AUTO_INCREMENT,
  `accountname` varchar(100) NOT NULL,
  `address` varchar(100) DEFAULT NULL,
  `city` varchar(100) DEFAULT NULL,
  `state` varchar(100) DEFAULT NULL,
  `country` varchar(100) DEFAULT NULL,
  `postalcode` varchar(20) DEFAULT NULL,
  `phone` varchar(100) DEFAULT NULL,
  `website` varchar(100) DEFAULT NULL,
  `description` text,
  `username` varchar(100) DEFAULT NULL,
  `totalassets` decimal(19,2) DEFAULT NULL,
  `founded` datetime DEFAULT NULL,
  PRIMARY KEY (`id`)
) ENGINE=InnoDB  DEFAULT CHARSET=latin1 AUTO_INCREMENT=4 ;

--
-- Dumping data for table `investor`
--

INSERT INTO `investor` (`id`, `accountname`, `address`, `city`, `state`, `country`, `postalcode`, `phone`, `website`, `description`, `username`, `totalassets`, `founded`) VALUES
(1, 'R2K Capital', '1820 NE Corporate Lakes Blvd', 'New York City', 'NY', 'USA', '1001', NULL, NULL, NULL, 'investor', NULL, NULL),
(2, 'Adveq Management AG ', 'Affolternstrasse 56 ', 'Zurich', 'Zurich', 'Switzerland', 'CH-8050', '+41(0)58 445 55 55 ', 'www.adveq.com', NULL, 'adveq', NULL, NULL),
(3, 'Ontario Teachers'' Private Capital', '5650 Yonge Street', 'Toronto', 'Ontario', 'Canada', 'M2M 4H5', '(416) 228-5900', 'www.otpp.com', NULL, 'otpp', NULL, NULL);

-- --------------------------------------------------------

--
-- Table structure for table `kpi`
--

CREATE TABLE IF NOT EXISTS `kpi` (
  `id` varchar(10) NOT NULL,
  `name` varchar(200) NOT NULL,
  `scope` varchar(3) NOT NULL,
  `definition` text NOT NULL,
  PRIMARY KEY (`id`)
) ENGINE=InnoDB DEFAULT CHARSET=latin1;

--
-- Dumping data for table `kpi`
--

INSERT INTO `kpi` (`id`, `name`, `scope`, `definition`) VALUES
('E01-01', 'Energy Efficiency', 'I', 'Energy consumption, total'),
('E02-01', 'GHG Emissions', 'I', 'GHG emissions, total (scope I,II)'),
('E03-01', 'Emissions to Air', 'II', 'Total CO_,NOx, SOx, VOC emissions in million tonnes'),
('E03-02', 'Emissions to Air ', 'III', 'Total CO2,NOx, SOx, VOC emissions in million tonnes by generation portfolio'),
('E03-03', 'Emissions to Air ', 'III', 'Total CO2,NOx, SOx, VOC emissions / total kWh produced'),
('E03-04', 'Emissions to Air ', 'III', 'TOP 2 components of emissions to air by environmental importance (according to TRI; PRTR; and EPER) Rank 1'),
('E03-05', 'Emissions to Air ', 'III', 'TOP 2 components of emissions to air by environmental importance (according to TRI; PRTR; and EPER) Rank 2'),
('E03-09', 'Emissions to Water', 'III', 'TOP 2 components of emissions to water by environmental importance (according to TRI; PRTR; and EPER) Rank 1'),
('E03-10', 'Emissions to Water', 'III', 'TOP 2 components of emissions to water by environmental importance (according to TRI; PRTR; and EPER) Rank 2'),
('E03-11', 'Emissions to Water', 'II', 'TOP 3 components of emissions to water by environmental importance (according to TRI; PRTR; and EPER) Rank 3'),
('E03-14', 'Emissions to Water', 'II', 'Emissions of organic substances to water in ''000 metric tonnes/year'),
('E03-15', 'Emissions to Water', 'III', 'Emissions of Nitrogen to water in ''000 metric tonnes/year'),
('E03-16', 'Emissions to Water', 'II', 'Emissions of heavy metal to water in ''000 metric tonnes/year'),
('E03-17', 'Emissions to Water', 'II', 'Emissions of Sulfur Oxides to water in ''000 metric tonnes/year'),
('E03-18', 'Emissions to Water', 'II', 'Emissions of Dust to water in ''000 metric tonnes/year'),
('E03-19', 'Emissions to Water', 'III', 'Emissions to Water Chemical oxygen in metric tonnes/year'),
('E03-20', 'Emissions to Water', 'III', 'Emissions to Water Biological oxygen in metric tonnes/year'),
('E03-21', 'Emissions to Water', 'III', 'Emissions to Water Phosphorus in metric tonnes/year'),
('E03-23', 'Emission to Air', 'III', 'Emissions PFC (perfluorocarbon) in tonnes of CO2 equivalent per annum'),
('E03-24', 'Emission to Air', 'III', 'Emissions PFC (perfluorocarbon) in tonnes of CO2 equivalent per tonne of hot metal produced/ year'),
('E03-25', 'Emission to Air', 'III', 'Primary metal particulate emissions  in tonnes total'),
('E03-26', 'Emission to Air', 'III', 'Primary metal particulate in kilogrammes per tonne of hot metal produced'),
('E03-27', 'Emission to Air', 'III', 'Primary metal fluoride emissions  in tonnes total'),
('E03-28', 'Emission to Air', 'III', 'Primary metal fluoride in kilogrammes per tonne of hot metal produced'),
('E03-29', 'Emission to Air', 'III', 'Primary metal PAH (polycyclic aromatic hydrocarbon) emissions  in tonnes total'),
('E03-30', 'Emission to Air', 'III', 'Primary metal PAH (polycyclic aromatic hydrocarbon) in kilogramm per tonne of hot metal produced'),
('E04-01', 'Waste Scope I', 'II', 'Total waste in tonnes'),
('E05-01', 'Waste Scope II', 'II', 'Percentage of total waste which is recycled'),
('E05-02', 'Waste Scope II', 'II', 'TOP 2 components of waste which is recycled, Rank 1'),
('E05-03', 'Waste Scope II', 'II', 'TOP 2 components of waste which is recycled, Rank 2'),
('E06-01', 'Waste Scope III', 'III', 'Hazardous waste total in tonnes total'),
('E07-01', 'Waste Scope IV', 'III', 'TOP 2 components of waste incl. emissions to soil by environmental importance (according to TRI; PRTR; and EPER) Rank 1'),
('E07-02', 'Waste Scope IV', 'III', 'TOP 2 components of waste incl. emissions to soil by environmental importance (according to TRI; PRTR; and EPER) Rank 2'),
('E07-03', 'Waste Scope IV', 'III', 'TOP 5 components of waste incl. emissions to soil by environmental importance (according to TRI; PRTR; and EPER) Rank 3'),
('E07-04', 'Waste Scope IV', 'III', 'TOP 5 components of waste incl. emissions to soil by environmental importance (according to TRI; PRTR; and EPER) Rank 4'),
('E07-05', 'Waste Scope IV', 'III', 'TOP 5 components of waste incl. emissions to soil by environmental importance (according to TRI; PRTR; and EPER) Rank 5'),
('E08-01', 'Radioactive Waste', 'III', 'Low Level Waste (by definition of U.S. Atomic Energy Act or applicable national law) produced in tonnes p.a.'),
('E08-02', 'Radioactive Waste', 'II', 'Intermediate Level Waste (by definition of U.S. Atomic Energy Act or applicable national law) produced in tonnes p.a.'),
('E08-03', 'Radioactive Waste', 'III', 'High Level Waste (by definition of U.S. Atomic Energy Act or applicable national law) produced in kg p.a.'),
('E08-04', 'Radioactive Waste', 'III', 'Transuranic Waste (by definition of U.S. Atomic Energy Act or applicable national law) produced in kg p.a.'),
('E08-05', 'Radioactive Waste', 'II', 'Radioactive waste subjected to reprocessing by Waste Level (LLW,ILW,HLW,TRUW) in tonnes'),
('E08-06', 'Radioactive Waste', 'II', 'Radioactive waste stored at company property by Waste Level (LLW, ILW, HLW, TRUW) in tonnes'),
('E09-01', 'End of Product Lifecycle', 'II', 'Percentage of total product output in terms of revenue which has undergone a design for disassembly design process'),
('E09-02', 'End of Product Lifecycle', 'III', 'Percentage of total product output in terms of revenue eligible for remanufacture or re-conditioning processes'),
('E09-03', 'End of Product Lifecycle', 'III', 'Percentage of total product output in terms of revenue which is reused in the manufacturing process, sold or donated to third parties'),
('E09-04', 'End of Product Lifecycle', 'III', 'Degree to which products (on average) can be recycled calculated as a percentage of all materials used'),
('E09-05', 'End of Product Lifecycle', 'III', 'Degree to which products (on average) can be recycled calculated as a percentage of all associated material costs'),
('E10-01', 'Packaging', 'II', 'Total amount of packaging material used in tonnes'),
('E10-02', 'Packaging', 'III', 'Packaging material per tonne of output'),
('E10-03', 'Packaging', 'III', 'Breakdown of materials used for packaging in percent for paper, glass, metal, non-biodegradable plastic, biodegradable plastic, material from FSC'),
('E10-04', 'Packaging', 'III', 'Total cost of packaging in $,'),
('E10-05', 'Packaging', 'III', 'Cost of packaging per revenue in percent'),
('E11-01', 'Emission Rights', 'II', 'Total number of EUA(European Union Allowance Unit) on hand at end of reported period'),
('E11-02', 'Emission Rights', 'II', 'Total income (expenditure) on emission rights traded (emission rights bought) as a percentage of revenue'),
('E12-01', 'Remediation', 'II', 'Expenditure for remediation, reclamation and decommissioning total in monetary terms i.e. currency'),
('E12-03', 'Remediation', 'III', 'Environmental spending for R&D, site rehabilitation and environmental monitoring total in monetary terms i.e. currency'),
('E12-05', 'Remediation', 'III', 'Total amount of reserves for future environmental remediation, emissions, accident costs in monetary terms i.e. currency'),
('E13-01', 'Eco-Design', 'II', 'Improvement rate of product energy efficiency compared to previous year'),
('E13-03', 'Eco-Design', 'III', 'Use of hazardious material - Amount of mercury used in products'),
('E13-04', 'Eco-Design', 'III', 'Use of hazardous material - Amount of PVC used in products'),
('E13-05', 'Eco-Design', 'III', 'Use of hazardous material - Amount of bromated flame retardants (BFRs) used in products'),
('E13-06', 'Eco-Design', 'III', 'Use of hazardous material - Amount of coltrane used in products'),
('E13-07', 'Eco-Design', 'III', 'Use of hazardous material - Amount of polycyclic aromatic hydrocarbons (PAHs) used in products'),
('E13-08', 'Eco-Design', 'III', 'Amount of hazardous / non biodegradable products (after use and if unused)'),
('E14-01', 'Recycling Quota', 'III', 'Number of units of products delivered to company for recycling in relation to total output of units p.a.'),
('E14-02', 'Recycling Quota', 'III', 'Products delivered to company for recycling in tonnes in relation to total output of units in tonnes p.a. '),
('E15-01', 'Gene Modified Organisms', 'II', 'Share of products containing genetically modified organisms or ingredients containing genetically modified organisms in %'),
('E16-01', 'Direct Building Energy Consumption', 'II', 'Total building electricity consumption in kWh'),
('E16-03', 'Direct Building Energy Consumption', 'II', 'Total building gas consumption in m_'),
('E16-05', 'Direct Building Energy Consumption', 'II', 'Total alternative energy consumption in kWh'),
('E16-07', 'Direct Building Energy Consumption', 'II', 'Annual heating/cooling costs $,'),
('E17-01', 'Supply Constraints', 'III', 'Percentage of material supply of copper covered by hedging contracts'),
('E17-04', 'Supply Constraints', 'III', 'Percentage of material supply of cobalt covered by hedging contracts'),
('E17-05', 'Supply Constraints', 'III', 'Percentage of revenue from products that contain cobalt to total revenue'),
('E17-06', 'Supply Constraints', 'III', 'Total cobalt purchased'),
('E17-07', 'Supply Constraints', 'III', 'Percentage of material supply of titanium covered by hedging contracts'),
('E17-08', 'Supply Constraints', 'III', 'Percentage of revenue from products that contain titanium to total revenue '),
('E17-09', 'Supply Constraints', 'III', 'Total titanium purchased'),
('E17-35', 'Supply Constraints', 'III', 'Percentage of revenue from products that contain indium to total revenue'),
('E17-36', 'Supply Constraints', 'III', 'Total indium purchased'),
('E18-01', 'AuM under ESG', 'II', 'Value of AuM for clients in ?, $ managed in accordance to ESG-criteria'),
('E18-02', 'AuM under ESG', 'II', 'Value of own AuM in ?, $ managed in accordance to ESG-criteria'),
('E19-01', 'Expenditure for Veterinary Pharmaceuticals, Seeds, Herbicides, Pesticides and Other Drugs', 'III', 'Expenditure for veterinary pharmaceuticals total in monetary terms i.e. currency'),
('E19-03', 'Expenditure for Veterinary Pharmaceuticals, Seeds, Herbicides, Pesticides and Other Drugs', 'III', 'Expenditure for seeds total in $,'),
('E19-05', 'Expenditure for Veterinary Pharmaceuticals, Seeds, Herbicides, Pesticides and Other Drugs', 'III', 'Expenditure for herbicides total in monetary terms i.e. currency'),
('E19-07', 'Expenditure for Veterinary Pharmaceuticals, Seeds, Herbicides, Pesticides and Other Drugs', 'III', 'Expenditure for pesticides total in monetary terms i.e. currency'),
('E20-01', 'Split of Activities', 'III', 'Percentage of total activities comprising organic fishing and/or farming activities  '),
('E20-02', 'Split of Activities', 'III', 'Percentage of total activities comprising conventional fishing and/or farming activities  '),
('E20-04', 'Split of Activities', 'III', 'Percentage of total activities comprising complementary agricultural activities'),
('E21-01', 'Load Factor', 'II', 'Average degree of utilisation of total fleet of trucks in percent'),
('E21-02', 'Load Factor', 'II', 'Average degree of utilisation of total fleet of vessels in percent'),
('E21-03', 'Load Factor', 'II', 'Average degree of utilisation of total fleet of airlines in percent'),
('E21-04', 'Load Factor', 'II', 'Average degree of utilisation of total fleet of rail cars/ rail carriages in percent'),
('E21-05', 'Load Factor', 'II', 'Revenue passenger km/Available Seat km'),
('E22-01', 'Raw Material Reserves', 'III', 'Full day supply of raw material A (B, C, D) in stock'),
('E23-01', 'Production Shortfall', 'III', 'Production shortfall caused by material supply constraints in percent (gap between actual production output and theoretical production output as optimal supply)'),
('E23-02', 'Production Shortfall', 'II', 'Monetary impact of production shortfall caused by material supply constraints in monetary terms i.e. currency'),
('E24-01', 'Leakages', 'III', 'Total number of leakages reported'),
('E24-02', 'Leakages', 'III', 'Volume of leakages in barrels or cubic metres'),
('E24-03', 'Leakages', 'III', 'Total amount of costs incurred through leakages including remediation and fines'),
('E25-01', 'Accidental oil/gas spills', 'III', 'Volume of accidental oil spills in barrels'),
('E25-02', 'Accidental oil/gas spills', 'III', 'Total amount of costs incurred through accidental oil spills amount including remediation and fines'),
('E25-04', 'Accidental oil/gas spills', 'III', 'Volume of accidental gas spills in cubic metres'),
('E25-05', 'Accidental oil/gas spills', 'III', 'Total amount of costs incurred through accidental gas spills amount including remediation and fines'),
('E26-01', 'Generation Portfolio', 'II', 'Percentage of total energy produced (coal, lignite, wind, water, gas, biogas, solar, nuclear, THG)'),
('E27-01', 'Building Certification', 'II', 'Proportion of total real estate owned and/or under management with a certification from LEED (Leadership in Energy and Environmental Design), BREEAM, GBCA, ABGR, HQE as in percent '),
('E28-01', 'Water Consumption', 'II', 'Water consumption in m_ '),
('E28-02', 'Water Consumption', 'III', 'Water (in m_) used per amount (e.g. in tonnes) of product manufactured'),
('E28-03', 'Water Consumption', 'III', 'Groundwater consumption in m_'),
('E28-04', 'Water Consumption', 'III', 'Waste effluent water in cubic meters'),
('E28-05', 'Waste Water', 'II', 'Emissions of black water to sea in m_ '),
('E28-06', 'Waste Water', 'II', 'Emissions of grey water to sea in m_'),
('E29-03', 'Ecosystems, Biodiversity and Climate Change Mitigation', 'II', 'Investments in ecosystems and biodiversity in monetary terms i.e. currency incl. funds, loans and project finance ( incl. syndicated loans)'),
('E29-04', 'Ecosystems, Biodiversity and Climate Change Mitigation', 'II', 'Investments in climate change mitigation in monetary terms i.e. currency incl. funds, loans and project finance (incl. syndicated loans)'),
('E29-05', 'Ecosystems, Biodiversity and Climate Change Mitigation', 'II', 'Expenditure on projects for biodiversity, natural ecosystems, landscapes, protection of coastlines, protection of natural habitats in '),
('E30-01', 'Fuels', 'II', 'Expenditure for fuels total in monetary terms i.e. currency '),
('E30-03', 'Fuels', 'III', 'Percentage of total fuel consumed comprising renewable fuels '),
('E30-04', 'Fuels', 'II', 'Average fuel consumption of vessels by ship-type according to American Bureau of Shipping classification in tonnes/hour or tonnes/day'),
('E30-05', 'Fuels', 'II', 'Average fuel consumption of vehicles by type in l/100km'),
('E31-01', 'Sustainable, Organic & Fair Trade Products', 'II', 'Percentage of total revenue from products with organic origin certified by an member of the International Federation of Organic Agriculture Movements (IFOAM) standards '),
('E31-02', 'Sustainable, Organic & Fair Trade Products', 'II', 'Percentage of total revenue from products certified and stamped as Fair Trade by an affiliate or partner organisation of Fair Trade Labelling Organizations International (FLO) '),
('E31-03', 'Sustainable, Organic & Fair Trade Products', 'II', 'Percentage of fish certifed according to recognised  certification schemes for sustainable fishing (MSC - Marine Stewardship Council)'),
('E31-04', 'Sustainable, Organic & Fair Trade Products', 'II', 'Percentage of total forestry product output in revenues ?, $ with products from recognised forest certification schemes (FSC, Programme for the Endorsement of Forest Certification Schemes PEFC, Canadian Standard Association CSA, Sustainable Forestry Initiative SFI, Malaysian Timber Certification Council)'),
('E31-05', 'Sustainable, Organic & Fair Trade Products', 'II', 'Percentage of textiles certified according to recognised  certification schemes for sustainable textiles (Global Organic Textile Standard)'),
('E32-01', 'Eco-Design of Cleaning substances', 'II', 'Percentage of biodegradable cleaning substances and detergents used as total of cleaning substances and detergents consumed'),
('E33-01', 'Environmental Compatibility ', 'III', 'Number of sites with ISO 14001 certification / number of total sites'),
('E33-02', 'Environmental Compatibility ', 'II', 'Percentage of revenue from eco-labeled products (www.eco-label.com)'),
('E33-03', 'Environmental Compatibility ', 'II', 'Average fuel consumption of fleet of sold vehicles -  in l / 100 km'),
('E35-01', 'Spent Pot Lining (SPL)', 'II', 'SPL spent pot lining in kg per tonne of hot metal produced'),
('E35-02', 'Specific Emission to Soil - Mining', 'II', 'Bauxite residue total in tonnes'),
('E36-01', 'Subcontracting', 'II', 'Percentage of total work done delivered by subcontractors and/or outsourced to third parties'),
('E36-02', 'Subcontracting', 'II', 'Total expenses in monetary terms i.e. currency for contracted work done'),
('E37-01', 'CO2 Emission of Fleet of  Sold, Leased', 'II', 'Average CO2 emission by vehicle per km'),
('E37-02', 'CO2 Emission of Fleet of  Sold, Leased', 'II', 'Total number of vehicles sold per period'),
('E37-03', 'CO2 Emission of Fleet of  Sold, Leased', 'III', 'Estimated average mileage per vehicle over total lifecycle in km'),
('E37-04', 'CO2 Emission of Fleet of  Sold, Leased', 'III', 'CO2 emissions at scrappage'),
('E38-01', 'Passenger', 'II', 'CO2 emissions per passenger/km'),
('E38-02', 'Passenger', 'II', 'Carbon monoxide emissions per passenger/km'),
('E38-03', 'Passenger', 'II', 'Unburned hydrocarbon (UHC) emissions per passenger/km'),
('E38-04', 'Passenger', 'II', 'Emissions / ALB (Available Lower Berth)-kilometer'),
('E39-01', 'Material Sourcing', 'II', 'Percentage of total material comprising cardboard and paper material from recognised forest certification schemes (FSC, Programme for the Endorsement of Forest Certification Schemes PEFC, Canadian Standard Association CSA, Sustainable Forestry Initiative SFI, Malaysian Timber Certification Council) '),
('E40-01', 'Refrigerant refill rate', 'II', 'Percentage of refrigerant refillings in relation to total refrigerants contained in cooling systems'),
('G01-01', 'Contributions to political parties', 'II', 'Contributions to political parties as a percentage of total revenues'),
('G02-01', 'Dimensions of pending legal proceedings', 'II', 'Amount in monetary terms i.e. currency in controversy, dispute from legal proceedings'),
('G03-01', 'Product Withdrawals', 'II', 'Number and amount of product withdrawn from market due to regulatory pressure'),
('S01-01', 'Staff turnover', 'I', 'Percentage of FTE leaving p.a./total FTE'),
('S02-02', 'Training & qualification', 'I', 'Average expenses on training per FTE p.a'),
('S03-01', 'Maturity of workforce', 'I', 'Age structure/distribution (number of FTEs per age group, 10-year intervals)'),
('S04-01', 'Fatalities & Injuries', 'II', 'Total number of fatalities divided by total number of hours worked by FTEs'),
('S04-02', 'Fatalities & Injuries', 'II', 'Total number of injuries divided by total number of hours worked by FTEs'),
('S04-03', 'Fatalities & Injuries', 'II', 'Total number of fatalities in relation to FTEs'),
('S04-04', 'Fatalities & Injuries', 'II', 'Total number of injuries in relation to FTEs'),
('S05-01', 'Health & Safety Aspects of Products', 'II', 'Total spending on product safety corporate'),
('S05-02', 'Health & Safety Aspects of Products', 'III', 'Percentage of total products sold or shipped corporate subject to product recalls for safety or health reasons  '),
('S05-03', 'Health & Safety Aspects of Products', 'III', 'Spending on product safety per unit produced corporate'),
('S05-04', 'Health & Safety Aspects of Products', 'III', 'Spending on product safety per unit produced corporate'),
('S06-01', 'Supplier Agreements and Supply Chain Partners Screened for Risk of ESG Infringement', 'III', 'Percentage of total suppliers and supply chain partners screened for compliance in accordance with ESG-criteria '),
('S06-02', 'Supplier Agreements and Supply Chain Partners Screened for Risk of ESG Infringement', 'II', 'Percentage of suppliers and supply chain partners audited for compliance'),
('S06-03', 'Supplier Agreements and Supply Chain Partners Screened for Risk of ESG Infringement', 'III', 'Share of supplier that are signatories to the EICC (Electronic Industry Code of Conduct)'),
('S07-01', 'Certification of Facilities', 'II', 'Percentage of total facilities certificated according to ISO 9001 standard '),
('S07-02', 'Certification of Facilities', 'II', 'Percentage of total facilities certificated according to SA 8000 standard '),
('S07-03', 'Certification of Facilities', 'II', 'Percentage of total facilities certificated according to OHSAS 18001 standard '),
('S07-04', 'Certification of Facilities', 'II', 'Percentage of total facilities certificated according to ISO 9001, SA 8000 or OHSAS18001 standards'),
('S08-01', 'Remuneration', 'I', 'Total amount of bonuses, incentives and stock options paid out in ?,$'),
('S08-02', 'Remuneration', 'I', 'Total number of FTEs who receive 90 % of total amount of bonuses, incentives and stock options'),
('S08-03', 'Remuneration', 'I', 'Key Performance Narrative (Please answer the questions in max.  500 words) Do you take ESG performance into account in your performance agreements? How do you integrate ESG principals within performance agreements in your company and to what extent do you apply it?'),
('S09-01', 'Maintenance & Safety', 'III', 'Total spendings in monetary terms i.e. currency on maintenance and safety of equipment (incl. fleet, trucks, planes, rail cars)'),
('S09-02', 'Maintenance & safety', 'II', 'Total spendings in monetary terms i.e. currency on maintenance  and safety of production sites, plants ect.'),
('S10-01', 'Diversity', 'II', 'Percentage of female employees in relation to total employees '),
('S10-02', 'Diversity', 'II', 'Percentage of female FTEs in senior positions in relation to total FTEs in senior positions'),
('S10-03', 'Diversity', 'II', 'Percentage of total FTEs from ethnic minority groups'),
('S11-01', 'Restructuring-related relocation of jobs', 'II', 'Total cost of relocation in monetary terms i.e. currency incl. Indemnity, pay-off, outplacement, hiring, training, consulting'),
('S12-01', 'Microfinance', 'III', 'Direct investments in microfinance in monetary terms i.e. currency'),
('S12-02', 'Microfinance', 'II', 'Indirect investments e.g. in microfinance funds and loans to MFIs'),
('S12-03', 'Microfinance', 'III', 'Percentage of revenues with microfinance-related research'),
('S13-01', 'Intermodality', 'III', 'Key Performance Narrative (Please answer the questions in max. 500 words) Does your company aim at providing solutions which address intermodality? e.g. - offers which allow end-customers to hire specific cars as and when needed, connectivity between different vehicles (car- train - public transport), services for linking different modes of transport etc.? - services which connect different modes of transport for cargo or freight in a smart way thus saving energy, CO2 emissions or decreasing traffic?'),
('S15-01', 'NCAP Ratings', 'II', 'Average NCAP rating for product fleet according to US-NCAP, Euro-NCAP or JNCAP or equivalent NCAP methods'),
('S15-02', 'NCAP Ratings', 'II', 'Percentage of cars sold with 5-star NCAP rating'),
('S16-01', 'Demographic Change', 'III', 'Key Performance Narrative (Please answer the questions in max.  500 words) In many societies, demographic change can have several adverse effects on companies'' business continuity. E.g. aging of a population may result in an aging workforce while a continuously low birth rate may aggravate the problem through shortage of young employees to replace those employees retiring. What are the efffects of demographic change on your company and how do you seek to offset potentially adverse effects?'),
('S17-01', 'Local Staff', 'III', 'Average percentage of FTE in non-domestic production and exploration sites hired from respective non-domestic labour markets as of total FTE'),
('S18-01', 'Microinsurance', 'III', 'Percentage of total customers protected by microinsurance products'),
('S18-02', 'Microinsurance', 'III', 'Percentage of total revenue generated with microinsurance products'),
('S18-03', 'Microinsurance', 'III', 'Revenues with microinsurance products in monetary terms i.e. currency'),
('S19-01', 'Freelancer as part of staff', 'II', 'Percentage of freelancers in relation to total number of staff including both FTEs and freelancers'),
('S20-01', 'Research Universe', 'II', 'Percentage of sectors covered by ESG criteria'),
('S21-01', 'Recommendations', 'II', 'Percentage of recommendation changes due to ESG performance changes'),
('S22-01', 'TEEB', 'II', 'Percentage of output on TEEB in relation to total output'),
('S23-01', 'Social support at holiday destinations', 'III', 'Spending on social projects and community involvement at holiday destinations'),
('S23-02', 'Quality of Service', 'III', 'Successful surgeries in percent'),
('S23-03', 'Quality of Service', 'III', 'Number of infected inpatients as a percentage of total patients'),
('S24-01', 'Quality of Service', 'II', 'Average days of hospital stay per patient'),
('S24-02', 'Social support at holiday destinations', 'II', 'Spending on social projects and community involvement at holiday destinations'),
('V01-01', 'Litigation risks', 'I', 'Expenses and fines on filings, law suits related to anti-competitive behavior, anti-trust and monopoly practices'),
('V02-01', 'Corruption', 'I', 'Percentage of revenues in regions with Transparency International corruption index below 6.0'),
('V03-02', 'Revenues from new products', 'I', 'Percentage of new products or modified products introduced less than 12 months ago'),
('V04-01', 'Innovation', 'I', 'Total R&D expenses'),
('V04-02', 'Innovation', 'I', 'Total R&D expenses in monetary terms i.e. currency as a percentage of total revenue'),
('V04-03', 'Innovation', 'I', 'Total R&D  expenses or funding of research to external partners, suppliers or academic research in monetary terms i.e. currency'),
('V04-05', 'Innovation', 'I', 'Number of patents registered within last 12 month'),
('V04-06', 'Innovation', 'I', 'Percentage of patents registered within last 12 month in relation to total number of patents'),
('V04-09', 'Innovation', 'I', 'Total investments in research on new risk in monetary terms i.e. currency '),
('V04-11', 'Innovation', 'I', 'Total investments in research on new risk in monetary terms i.e. currency as a percentage of revenue'),
('V04-12', 'Innovation', 'I', 'Total investments in research on ESG relevant aspects of business as defined by company (refered to Introduction 1.8.1. KPIs & Definitions)'),
('V04-13', 'Innovation', 'I', 'Percentage of products or services for - increasing eco-efficiency of client applications or operations - developing and using clean technologies - offsetting climate change, carbon emissions , resource depletion - increasing fuel-efficiency - making ESG-relevant products operable (e.g. smart metering, green building technologies) - financing of ESG-relevant products or services '),
('V04-14', 'Innovation', 'I', 'R&D expenses in fuel efficiency and climate change mitigation as a percentage of revenue'),
('V04-15', 'Innovation', 'I', 'Percentage of total revenue from products or services fostering eco-efficiency, clean technologies or offsetting climate change or carbon emissions '),
('V05-01', 'Customer Retention', 'III', 'Percentage of new customers in reported period in relation to total customers'),
('V05-02', 'Customer Retention', 'II', 'Average length of customer relationship in years'),
('V05-03', 'Customer Retention', 'III', 'Share of market by product, product line, segment, region or total'),
('V06-01', 'Customer Satisfaction', 'II', 'Percentage of total customers surveyed comprising satisfied customers '),
('V06-02', 'Customer Satisfaction', 'III', 'Percentage of total revenue from repeat business'),
('V06-03', 'Customer Satisfaction', 'III', 'Customer churn rate in percent'),
('V07-05', 'Human Resource Management', 'II', 'Total number of vacant positions in product development, programming or business development'),
('V07-06', 'Human Resource Management', 'II', 'Number of vacant positions in product development, programming or business development as a percentage of total FTEs'),
('V07-07', 'Human Resource Management', 'III', 'Percentage of employees employed < 1 year'),
('V07-08', 'Human Resource Management', 'III', 'Percentage of employees employed 1-3 years'),
('V07-09', 'Human Resource Management', 'III', 'Percentage of employees employed >3 years'),
('V07-10', 'Human Resource Management', 'II', 'Total number of FTEs including part-time worker, freelancers, non-payroll staff leaving over period as a percentage of the average total number of FTEs over the period '),
('V08-01', 'ARPU', 'II', 'Average revenue per user in monetary terms i.e. currency'),
('V10-01', 'Impact of Subsidies', 'II', 'Percentage of total revenue generated in subsidised markets'),
('V10-02', 'Impact of Subsidies', 'II', 'Energy production cost per kWh as a percentage of average wholesale price per kWh in monetary terms i.e. currency'),
('V10-03', 'Impact of Subsidies', 'II', 'Percentage of business in markets with feed-in tariffs or regulated pricing structure '),
('V11-01', 'Smart Metering', 'III', 'Percentage of let or operated estates with smart metering applications'),
('V11-02', 'Smart Metering', 'II', 'Percentage of customer equipped with smart metering applications'),
('V12-02', 'Environmental CapEx', 'II', 'CapEx allocation to investments on ESG relevant aspects of business as defined by the company (refered to Introduction 1.8.1. KPIs & Definitions)'),
('V13-01', 'Utilisation', 'II', 'Capacity utilisation as a percentage of total available facilities'),
('V13-03', 'Utilisation', 'III', 'Percentage of utilisation of fleet of vehicles in use by the company in relation to total theoretical utilisation'),
('V13-04', 'Utilisation', 'III', 'Percentage of utilisation of fleet of locomotives in paid work for charter or rent in relation to total theoretical utilisation'),
('V13-05', 'Utilisation', 'III', 'Percentage of utilisation of fleet of locomotives in use of company in relation to total theoretical utilisation'),
('V13-06', 'Utilisation', 'III', 'Percentage of utilisation of fleet of vessels in paid work for charter or rent in relation to total theoretical utilisation'),
('V13-07', 'Utilisation', 'III', 'Percentage of utilisation of fleet of vessels in use by the company in relation to total theoretical utilisation'),
('V13-08', 'Utilisation', 'III', 'Percentage of utilisation of fleet of airplanes in paid work for charter or rent in relation to total theoretical utilisation'),
('V13-09', 'Utilisation', 'III', 'Percentage of utilisation of fleet of airplane in use by the company in relation to total theoretical utilisation'),
('V14-01', 'Non-Performing Loans', 'II', 'Percentage of non-performing loans in relation to total loans'),
('V14-02', 'Non-Performing Loans', 'III', 'Total credit value of non-performing loans in monetary terms i.e. currency'),
('V15-01', 'Credit Portfolio, Investments & Prop Trading', 'II', 'Percentage of loans subjected to ESG-screening'),
('V15-02', 'Credit Portfolio, Investments & Prop Trading', 'II', 'Percentage of loans declined for ESG risks '),
('V15-03', 'Credit Portfolio, Investments & Prop Trading', 'II', 'Percentage of prop trading activities subjected to ESG-screening'),
('V16-01', 'Security Writedowns', 'II', 'Amount of security writedowns depreciated or impaired as a percentage of total security writedowns in structured credit portfolios'),
('V17-01', 'Vertical range of manufacturing integration in Percent', 'II', 'Vertical range of manufacturing in Percent'),
('V18-01', 'Disclosure of Off-Balance Sheet Activities', 'II', 'Total value of off-balance sheet assets and liabilities incl. loan commitments, futures, forwards, derivatives in monetary terms i.e. currency'),
('V18-02', 'Disclosure of Off-Balance Sheet Activities', 'II', 'Total value of off-balance sheet assets and liabilities as a percentage of total balance sheet'),
('V19-01', 'Financial Instruments Held in acc with ESG-Criteria', 'II', 'Percentage of financial instruments, investment property held in accordance with ESG-criteria'),
('V21-02', 'Average age of Material', 'III', 'Average age of facilities in years'),
('V21-03', 'Average age of Material', 'III', 'Average age of fleet in years'),
('V21-04', 'Average age of Material', 'III', 'Average age of power stations, production or distribution sites including pipelines in years by type'),
('V21-05', 'Average age of Material', 'III', 'Average age of cruisers in years'),
('V21-06', 'Average age of Material', 'III', 'Average age of aircrafts in years'),
('V22-01', 'Portfolio under Coverage', 'II', 'Portfolio under coverage for sustainability aspects in m_'),
('V22-02', 'Portfolio under Coverage', 'II', 'Portfolio under coverage for sustainability as a percentage of total portfolio of real estate owned and/or managed'),
('V24-01', 'Brand Value', 'II', 'Value of brand as measured by third-party or external consultancy in monetary terms i.e. currency incl. name and/or method of valuation'),
('V26-01', 'Operational Availability of Services', 'III', 'Operational availability of services to clients contractually warranted in percent'),
('V27-01', 'Critical Incidents', 'III', 'Total number of critical incidents (incidents having a severe impact on the company?s operations requiring significant investment or repair to damages or having the potential to generate lawsuits, litigation or compensation claims)  in relation to the total number of clients'),
('V27-02', 'Critical Incidents', 'II', 'Total costs due to critical incidents (incidents having a severe impact on the company?s operations requiring significant investment or repair to damages or having the potential to generate lawsuits, litigation or compensation claims)  as a percentage of revenue'),
('V27-03', 'Critical Incidents', 'III', 'Lost kWh due to system faults in relation to total amount of kWh produced'),
('V28-01', 'Supply Chain', 'II', 'Total number of suppliers'),
('V28-02', 'Supply Chain', 'II', 'Percentage of sourcing from 3 biggest external suppliers'),
('V28-03', 'Supply Chain', 'III', 'Turnover of suppliers in percent '),
('V28-04', 'Supply Chain', 'III', 'Key Performance Narrative (Please answer the questions in max.  500 words) How do you ensure that your suppliers adhere to a standard of ESG compliance similar to that of your company?'),
('V28-05', 'Supply Chain', 'III', 'Key Performance Narrative (Please answer the questions in max.  500 words) When assessing the performance of your procurement and purchasing functions: Do you incentivise your procurement management for the selection of ESG-performing suppliers even if you might have to carry a premium over less expensive suppliers?'),
('V29-01', 'Product Pipeline', 'III', 'Revenue potential of new products in phase I, phase II, phase II and in the registration process as a percentage of total revenue'),
('V30-01', 'Health Care Pricing Structure', 'III', 'Percentage of revenue exposed to price discounting national healthcare systems (e.g. Medicare)'),
('V34-01', 'Seating Capacity', 'III', 'Total seating capacity i.e. number of seats available for sale'),
('V34-02', 'Seating Capacity', 'III', 'Average seating capacity sales (tickets or seats sold/total seating capacity) in percent'),
('V35-01', 'Vacancy Rate', 'III', 'Average rate of vacancy positions in percent'),
('V36-01', 'Corruption & Bribery', 'III', 'Key Performance Narrative (Please answer the questions in max.  500 words) What measures does your company undertake or maintain to prevent corruption and bribery in the context of contracting with public organisations, governments etc.?'),
('V37-01', 'REVPAR', 'III', 'REVPAR = Occupancy x average room rate (http://de.wikipedia.org/wiki/RevPar)');

-- --------------------------------------------------------

--
-- Table structure for table `kpi_subsector`
--

CREATE TABLE IF NOT EXISTS `kpi_subsector` (
  `kpi_id` varchar(10) NOT NULL,
  `subsector_id` varchar(4) NOT NULL
) ENGINE=InnoDB DEFAULT CHARSET=latin1;

--
-- Dumping data for table `kpi_subsector`
--

INSERT INTO `kpi_subsector` (`kpi_id`, `subsector_id`) VALUES
('E01-01', '0533'),
('E02-01', '0533'),
('S01-01', '0533'),
('S02-02', '0533'),
('S03-01', '0533'),
('S08-01', '0533'),
('S08-02', '0533'),
('S08-03', '0533'),
('V01-01', '0533'),
('V02-01', '0533'),
('V03-02', '0533'),
('V04-01', '0533'),
('V04-12', '0533'),
('E03-01', '0533'),
('E12-01', '0533'),
('E12-03', '0533'),
('G01-01', '0533'),
('G02-01', '0533'),
('S04-03', '0533'),
('S04-04', '0533'),
('S09-02', '0533'),
('V12-02', '0533'),
('V13-01', '0533'),
('V28-01', '0533'),
('V28-02', '0533'),
('V28-03', '0533'),
('E03-04', '0533'),
('E03-05', '0533'),
('E03-09', '0533'),
('E03-10', '0533'),
('E12-05', '0533'),
('E24-02', '0533'),
('E24-03', '0533'),
('E25-01', '0533'),
('E25-02', '0533'),
('E25-04', '0533'),
('E25-05', '0533'),
('S17-01', '0533'),
('V28-04', '0533'),
('V28-05', '0533'),
('E01-01', '0537'),
('E02-01', '0537'),
('S01-01', '0537'),
('S02-02', '0537'),
('S03-01', '0537'),
('S08-01', '0537'),
('S08-02', '0537'),
('S08-03', '0537'),
('V01-01', '0537'),
('V02-01', '0537'),
('V03-02', '0537'),
('V04-01', '0537'),
('V04-12', '0537'),
('E03-01', '0537'),
('E04-01', '0537'),
('E05-01', '0537'),
('E12-01', '0537'),
('E12-03', '0537'),
('G01-01', '0537'),
('G02-01', '0537'),
('S04-03', '0537'),
('S04-04', '0537'),
('S09-02', '0537'),
('V12-02', '0537'),
('V13-01', '0537'),
('V28-01', '0537'),
('V28-02', '0537'),
('V28-03', '0537'),
('E03-04', '0537'),
('E03-05', '0537'),
('E03-09', '0537'),
('E03-10', '0537'),
('E06-01', '0537'),
('E12-05', '0537'),
('E24-02', '0537'),
('E24-03', '0537'),
('E25-01', '0537'),
('E25-02', '0537'),
('E25-04', '0537'),
('E25-05', '0537'),
('S17-01', '0537'),
('V28-04', '0537'),
('V28-05', '0537'),
('E01-01', '0573'),
('E02-01', '0573'),
('S01-01', '0573'),
('S02-02', '0573'),
('S03-01', '0573'),
('S08-01', '0573'),
('S08-02', '0573'),
('S08-03', '0573'),
('V01-01', '0573'),
('V02-01', '0573'),
('V03-02', '0573'),
('V04-01', '0573'),
('V04-12', '0573'),
('V04-13', '0573'),
('E03-01', '0573'),
('E04-01', '0573'),
('E05-01', '0573'),
('E33-01', '0573'),
('G01-01', '0573'),
('S04-03', '0573'),
('S04-04', '0573'),
('S07-04', '0573'),
('S09-02', '0573'),
('S11-01', '0573'),
('V06-01', '0573'),
('V12-02', '0573'),
('V13-01', '0573'),
('V28-01', '0573'),
('V28-02', '0573'),
('V28-03', '0573'),
('E06-01', '0573'),
('S09-01', '0573'),
('V05-03', '0573'),
('V28-04', '0573'),
('V28-05', '0573'),
('E01-01', '0577'),
('E02-01', '0577'),
('S01-01', '0577'),
('S02-02', '0577'),
('S03-01', '0577'),
('S08-01', '0577'),
('S08-02', '0577'),
('S08-03', '0577'),
('V01-01', '0577'),
('V02-01', '0577'),
('V04-01', '0577'),
('V04-12', '0577'),
('E12-01', '0577'),
('G01-01', '0577'),
('S04-03', '0577'),
('S04-04', '0577'),
('S09-02', '0577'),
('V06-01', '0577'),
('V12-02', '0577'),
('V13-01', '0577'),
('E12-05', '0577'),
('E24-02', '0577'),
('E24-03', '0577'),
('E25-01', '0577'),
('E25-02', '0577'),
('E25-04', '0577'),
('E25-05', '0577'),
('E01-01', '0583'),
('E02-01', '0583'),
('S01-01', '0583'),
('S02-02', '0583'),
('S03-01', '0583'),
('S08-01', '0583'),
('S08-02', '0583'),
('S08-03', '0583'),
('V01-01', '0583'),
('V02-01', '0583'),
('V03-02', '0583'),
('V04-01', '0583'),
('V04-12', '0583'),
('E23-02', '0583'),
('E28-01', '0583'),
('E33-01', '0583'),
('G01-01', '0583'),
('S11-01', '0583'),
('V06-01', '0583'),
('V10-03', '0583'),
('V13-01', '0583'),
('V28-01', '0583'),
('V28-02', '0583'),
('V28-03', '0583'),
('E17-35', '0583'),
('E17-36', '0583'),
('E22-01', '0583'),
('E23-01', '0583'),
('E28-02', '0583'),
('E28-03', '0583'),
('E28-04', '0583'),
('V05-01', '0583'),
('V05-03', '0583'),
('V28-04', '0583'),
('V28-05', '0583'),
('E01-01', '0587'),
('E02-01', '0587'),
('S01-01', '0587'),
('S02-02', '0587'),
('S03-01', '0587'),
('S08-01', '0587'),
('S08-02', '0587'),
('S08-03', '0587'),
('V01-01', '0587'),
('V02-01', '0587'),
('V04-12', '0587'),
('V04-13', '0587'),
('V04-15', '0587'),
('E28-01', '0587'),
('G01-01', '0587'),
('S11-01', '0587'),
('V06-01', '0587'),
('V10-03', '0587'),
('V13-01', '0587'),
('V28-01', '0587'),
('V28-02', '0587'),
('V28-03', '0587'),
('E17-05', '0587'),
('E17-06', '0587'),
('E22-01', '0587'),
('E23-01', '0587'),
('E23-02', '0587'),
('', '0587'),
('E28-02', '0587'),
('E28-03', '0587'),
('E28-04', '0587'),
('E33-01', '0587'),
('V05-01', '0587'),
('V05-03', '0587'),
('V28-04', '0587'),
('V28-05', '0587'),
('E01-01', '1353'),
('E02-01', '1353'),
('S01-01', '1353'),
('S02-02', '1353'),
('S03-01', '1353'),
('S08-01', '1353'),
('S08-02', '1353'),
('S08-03', '1353'),
('V01-01', '1353'),
('V02-01', '1353'),
('V03-02', '1353'),
('V04-01', '1353'),
('V04-12', '1353'),
('V04-13', '1353'),
('E03-01', '1353'),
('E03-14', '1353'),
('E03-16', '1353'),
('E03-17', '1353'),
('E03-18', '1353'),
('E04-01', '1353'),
('E05-01', '1353'),
('E13-01', '1353'),
('E28-01', '1353'),
('G01-01', '1353'),
('S04-03', '1353'),
('S04-04', '1353'),
('S07-04', '1353'),
('S09-02', '1353'),
('S11-01', '1353'),
('V06-01', '1353'),
('V12-02', '1353'),
('V13-01', '1353'),
('V28-01', '1353'),
('V28-02', '1353'),
('V28-03', '1353'),
('E03-04', '1353'),
('E03-05', '1353'),
('E03-09', '1353'),
('E03-10', '1353'),
('E03-15', '1353'),
('E06-01', '1353'),
('E07-01', '1353'),
('E07-02', '1353'),
('E23-01', '1353'),
('E28-02', '1353'),
('E28-03', '1353'),
('E28-04', '1353'),
('S05-04', '1353'),
('V05-01', '1353'),
('V28-04', '1353'),
('V28-05', '1353'),
('E01-01', '1357'),
('E02-01', '1357'),
('S01-01', '1357'),
('S02-02', '1357'),
('S03-01', '1357'),
('S08-01', '1357'),
('S08-02', '1357'),
('S08-03', '1357'),
('V01-01', '1357'),
('V02-01', '1357'),
('V03-02', '1357'),
('V04-01', '1357'),
('V04-12', '1357'),
('V04-13', '1357'),
('E03-01', '1357'),
('E03-14', '1357'),
('E03-16', '1357'),
('E03-17', '1357'),
('E03-18', '1357'),
('E04-01', '1357'),
('E05-01', '1357'),
('E28-01', '1357'),
('G01-01', '1357'),
('S04-03', '1357'),
('S04-04', '1357'),
('S05-01', '1357'),
('S07-04', '1357'),
('S09-02', '1357'),
('S11-01', '1357'),
('V06-01', '1357'),
('V12-02', '1357'),
('V13-01', '1357'),
('V28-01', '1357'),
('V28-02', '1357'),
('V28-03', '1357'),
('E03-04', '1357'),
('E03-05', '1357'),
('E03-09', '1357'),
('E03-10', '1357'),
('E03-15', '1357'),
('E06-01', '1357'),
('E07-01', '1357'),
('E07-02', '1357'),
('E28-02', '1357'),
('E28-03', '1357'),
('E28-04', '1357'),
('S16-01', '1357'),
('V05-01', '1357'),
('V05-03', '1357'),
('V28-04', '1357'),
('V28-05', '1357'),
('E01-01', '1733'),
('E02-01', '1733'),
('S01-01', '1733'),
('S02-02', '1733'),
('S03-01', '1733'),
('S08-01', '1733'),
('S08-02', '1733'),
('S08-03', '1733'),
('V01-01', '1733'),
('V02-01', '1733'),
('V04-12', '1733'),
('E11-01', '1733'),
('E11-02', '1733'),
('E12-01', '1733'),
('E12-03', '1733'),
('E28-01', '1733'),
('E31-04', '1733'),
('S04-03', '1733'),
('S04-04', '1733'),
('S07-04', '1733'),
('S09-02', '1733'),
('V06-01', '1733'),
('E12-05', '1733'),
('E28-02', '1733'),
('S09-01', '1733'),
('V05-03', '1733'),
('E01-01', '1737'),
('E02-01', '1737'),
('S01-01', '1737'),
('S02-02', '1737'),
('S03-01', '1737'),
('S08-01', '1737'),
('S08-02', '1737'),
('S08-03', '1737'),
('V01-01', '1737'),
('V02-01', '1737'),
('V04-01', '1737'),
('V04-13', '1737'),
('E03-01', '1737'),
('E04-01', '1737'),
('E05-01', '1737'),
('E33-02', '1737'),
('S04-03', '1737'),
('S04-04', '1737'),
('S07-04', '1737'),
('S09-02', '1737'),
('S11-01', '1737'),
('V06-01', '1737'),
('V12-02', '1737'),
('V13-01', '1737'),
('E03-04', '1737'),
('E03-05', '1737'),
('E03-09', '1737'),
('E03-10', '1737'),
('E03-19', '1737'),
('E03-20', '1737'),
('E03-21', '1737'),
('E06-01', '1737'),
('E07-01', '1737'),
('E07-02', '1737'),
('E33-01', '1737'),
('E01-01', '1753'),
('E02-01', '1753'),
('S01-01', '1753'),
('S02-02', '1753'),
('S03-01', '1753'),
('S08-01', '1753'),
('S08-02', '1753'),
('S08-03', '1753'),
('V01-01', '1753'),
('V02-01', '1753'),
('V04-01', '1753'),
('V04-13', '1753'),
('V04-14', '1753'),
('E03-01', '1753'),
('E12-01', '1753'),
('E12-03', '1753'),
('E28-01', '1753'),
('E35-01', '1753'),
('E35-02', '1753'),
('G01-01', '1753'),
('S04-01', '1753'),
('S04-02', '1753'),
('S04-03', '1753'),
('S04-04', '1753'),
('S07-04', '1753'),
('S09-02', '1753'),
('S11-01', '1753'),
('V12-02', '1753'),
('V13-01', '1753'),
('E03-04', '1753'),
('E03-05', '1753'),
('E03-09', '1753'),
('E03-10', '1753'),
('E03-23', '1753'),
('E03-24', '1753'),
('E03-25', '1753'),
('E03-26', '1753'),
('E03-27', '1753'),
('E03-28', '1753'),
('E03-29', '1753'),
('E03-30', '1753'),
('E06-01', '1753'),
('E12-05', '1753'),
('E28-02', '1753'),
('E28-03', '1753'),
('E28-04', '1753'),
('E01-01', '1755'),
('E02-01', '1755'),
('S01-01', '1755'),
('S02-02', '1755'),
('S03-01', '1755'),
('S08-01', '1755'),
('S08-02', '1755'),
('S08-03', '1755'),
('V01-01', '1755'),
('V02-01', '1755'),
('V04-01', '1755'),
('V04-13', '1755'),
('V04-14', '1755'),
('E03-01', '1755'),
('E03-14', '1755'),
('E03-16', '1755'),
('E03-17', '1755'),
('E03-18', '1755'),
('E28-01', '1755'),
('S04-03', '1755'),
('S04-04', '1755'),
('S07-04', '1755'),
('S09-02', '1755'),
('V12-02', '1755'),
('V13-01', '1755'),
('E03-04', '1755'),
('E03-05', '1755'),
('E03-09', '1755'),
('E03-10', '1755'),
('E03-15', '1755'),
('E06-01', '1755'),
('E07-01', '1755'),
('E07-02', '1755'),
('E28-02', '1755'),
('E28-03', '1755'),
('E28-04', '1755'),
('E01-01', '1757'),
('E02-01', '1757'),
('S01-01', '1757'),
('S02-02', '1757'),
('S03-01', '1757'),
('S08-01', '1757'),
('S08-02', '1757'),
('S08-03', '1757'),
('V01-01', '1757'),
('V02-01', '1757'),
('V04-01', '1757'),
('V04-13', '1757'),
('V04-14', '1757'),
('E03-01', '1757'),
('E03-14', '1757'),
('E03-16', '1757'),
('E03-17', '1757'),
('E03-18', '1757'),
('E28-01', '1757'),
('S04-03', '1757'),
('S04-04', '1757'),
('S07-04', '1757'),
('S09-02', '1757'),
('S11-01', '1757'),
('V12-02', '1757'),
('V13-01', '1757'),
('E03-04', '1757'),
('E03-05', '1757'),
('E03-09', '1757'),
('E03-10', '1757'),
('E03-15', '1757'),
('E06-01', '1757'),
('E07-01', '1757'),
('E07-02', '1757'),
('E28-02', '1757'),
('E28-03', '1757'),
('E28-04', '1757'),
('S05-04', '1757'),
('E01-01', '1771'),
('E02-01', '1771'),
('S01-01', '1771'),
('S02-02', '1771'),
('S03-01', '1771'),
('S08-01', '1771'),
('S08-02', '1771'),
('S08-03', '1771'),
('V01-01', '1771'),
('V02-01', '1771'),
('V04-13', '1771'),
('V04-14', '1771'),
('E03-01', '1771'),
('E12-01', '1771'),
('E12-03', '1771'),
('E28-01', '1771'),
('S04-03', '1771'),
('S04-04', '1771'),
('S07-04', '1771'),
('S09-02', '1771'),
('S11-01', '1771'),
('V06-01', '1771'),
('V12-02', '1771'),
('V13-01', '1771'),
('V28-01', '1771'),
('V28-02', '1771'),
('V28-03', '1771'),
('E03-04', '1771'),
('E03-05', '1771'),
('E03-09', '1771'),
('E03-10', '1771'),
('E06-01', '1771'),
('E07-01', '1771'),
('E07-02', '1771'),
('E28-02', '1771'),
('E28-03', '1771'),
('E28-04', '1771'),
('E33-01', '1771'),
('V28-04', '1771'),
('V28-05', '1771'),
('E01-01', '1773'),
('E02-01', '1773'),
('S01-01', '1773'),
('S02-02', '1773'),
('S03-01', '1773'),
('S08-01', '1773'),
('S08-02', '1773'),
('S08-03', '1773'),
('V01-01', '1773'),
('V02-01', '1773'),
('V04-13', '1773'),
('E03-01', '1773'),
('E12-01', '1773'),
('E12-03', '1773'),
('E28-01', '1773'),
('S04-03', '1773'),
('S04-04', '1773'),
('S07-04', '1773'),
('S09-02', '1773'),
('S11-01', '1773'),
('V06-01', '1773'),
('V12-02', '1773'),
('V13-01', '1773'),
('E03-04', '1773'),
('E03-05', '1773'),
('E03-09', '1773'),
('E03-10', '1773'),
('E06-01', '1773'),
('E07-01', '1773'),
('E07-02', '1773'),
('E28-02', '1773'),
('E28-03', '1773'),
('E28-04', '1773'),
('E33-01', '1773'),
('E01-01', '1775'),
('E02-01', '1775'),
('S01-01', '1775'),
('S02-02', '1775'),
('S03-01', '1775'),
('S08-01', '1775'),
('S08-02', '1775'),
('S08-03', '1775'),
('V01-01', '1775'),
('V02-01', '1775'),
('V04-13', '1775'),
('E03-01', '1775'),
('E12-01', '1775'),
('E12-03', '1775'),
('E28-01', '1775'),
('S04-03', '1775'),
('S04-04', '1775'),
('S07-04', '1775'),
('S09-02', '1775'),
('S11-01', '1775'),
('V06-01', '1775'),
('V12-02', '1775'),
('V13-01', '1775'),
('E03-04', '1775'),
('E03-05', '1775'),
('E03-09', '1775'),
('E03-10', '1775'),
('E06-01', '1775'),
('E07-01', '1775'),
('E07-02', '1775'),
('E28-02', '1775'),
('E28-03', '1775'),
('E28-04', '1775'),
('E33-01', '1775'),
('E01-01', '1777'),
('E02-01', '1777'),
('S01-01', '1777'),
('S02-02', '1777'),
('S03-01', '1777'),
('S08-01', '1777'),
('S08-02', '1777'),
('S08-03', '1777'),
('V01-01', '1777'),
('V02-01', '1777'),
('V04-13', '1777'),
('E03-01', '1777'),
('E12-01', '1777'),
('E12-03', '1777'),
('E28-01', '1777'),
('S04-03', '1777'),
('S04-04', '1777'),
('S07-04', '1777'),
('S09-02', '1777'),
('S11-01', '1777'),
('V06-01', '1777'),
('V12-02', '1777'),
('V13-01', '1777'),
('E03-04', '1777'),
('E03-05', '1777'),
('E03-09', '1777'),
('E03-10', '1777'),
('E06-01', '1777'),
('E07-01', '1777'),
('E07-02', '1777'),
('E28-02', '1777'),
('E28-03', '1777'),
('E28-04', '1777'),
('E33-01', '1777'),
('V05-01', '1777'),
('V05-03', '1777'),
('E01-01', '1779'),
('E02-01', '1779'),
('S01-01', '1779'),
('S02-02', '1779'),
('S03-01', '1779'),
('S08-01', '1779'),
('S08-02', '1779'),
('S08-03', '1779'),
('V01-01', '1779'),
('V02-01', '1779'),
('V04-13', '1779'),
('E03-01', '1779'),
('E12-01', '1779'),
('E12-03', '1779'),
('E28-01', '1779'),
('S04-03', '1779'),
('S04-04', '1779'),
('S07-04', '1779'),
('S09-02', '1779'),
('S11-01', '1779'),
('V06-01', '1779'),
('V12-02', '1779'),
('V13-01', '1779'),
('E03-04', '1779'),
('E03-05', '1779'),
('E03-09', '1779'),
('E03-10', '1779'),
('E06-01', '1779'),
('E07-01', '1779'),
('E07-02', '1779'),
('E28-02', '1779'),
('E28-03', '1779'),
('E28-04', '1779'),
('E33-01', '1779'),
('V05-01', '1779'),
('V05-03', '1779'),
('E01-01', '2353'),
('E02-01', '2353'),
('S01-01', '2353'),
('S02-02', '2353'),
('S03-01', '2353'),
('S08-01', '2353'),
('S08-02', '2353'),
('S08-03', '2353'),
('V01-01', '2353'),
('V02-01', '2353'),
('V04-13', '2353'),
('E03-01', '2353'),
('E04-01', '2353'),
('E05-01', '2353'),
('G01-01', '2353'),
('S04-03', '2353'),
('S04-04', '2353'),
('S07-04', '2353'),
('S09-02', '2353'),
('S11-01', '2353'),
('V05-02', '2353'),
('V06-01', '2353'),
('V12-02', '2353'),
('V13-01', '2353'),
('V28-01', '2353'),
('V28-02', '2353'),
('V28-03', '2353'),
('E03-04', '2353'),
('E03-05', '2353'),
('E03-09', '2353'),
('E03-10', '2353'),
('E06-01', '2353'),
('E07-01', '2353'),
('E07-02', '2353'),
('E28-02', '2353'),
('S05-04', '2353'),
('V05-01', '2353'),
('V05-03', '2353'),
('V28-04', '2353'),
('V28-05', '2353'),
('E01-01', '2357'),
('E02-01', '2357'),
('S01-01', '2357'),
('S02-02', '2357'),
('S03-01', '2357'),
('S08-01', '2357'),
('S08-02', '2357'),
('S08-03', '2357'),
('V01-01', '2357'),
('V02-01', '2357'),
('V04-13', '2357'),
('E03-01', '2357'),
('E04-01', '2357'),
('E05-01', '2357'),
('E36-01', '2357'),
('E36-02', '2357'),
('G01-01', '2357'),
('S04-03', '2357'),
('S04-04', '2357'),
('S09-02', '2357'),
('S11-01', '2357'),
('V06-01', '2357'),
('V12-02', '2357'),
('V13-01', '2357'),
('V28-01', '2357'),
('V28-02', '2357'),
('V28-03', '2357'),
('E06-01', '2357'),
('E07-01', '2357'),
('E07-02', '2357'),
('E28-02', '2357'),
('V05-01', '2357'),
('V05-03', '2357'),
('V28-04', '2357'),
('V28-05', '2357'),
('E01-01', '2713'),
('E02-01', '2713'),
('S01-01', '2713'),
('S02-02', '2713'),
('S03-01', '2713'),
('S08-01', '2713'),
('S08-02', '2713'),
('S08-03', '2713'),
('V01-01', '2713'),
('V02-01', '2713'),
('V03-02', '2713'),
('V04-01', '2713'),
('V04-05', '2713'),
('V04-12', '2713'),
('V04-13', '2713'),
('V04-14', '2713'),
('E03-01', '2713'),
('E04-01', '2713'),
('E05-01', '2713'),
('E13-01', '2713'),
('G01-01', '2713'),
('S04-03', '2713'),
('S04-04', '2713'),
('S05-01', '2713'),
('S05-02', '2713'),
('S11-01', '2713'),
('V05-02', '2713'),
('V06-01', '2713'),
('V12-02', '2713'),
('V13-01', '2713'),
('V28-01', '2713'),
('V28-02', '2713'),
('V28-03', '2713'),
('E06-01', '2713'),
('E07-01', '2713'),
('E07-02', '2713'),
('E17-04', '2713'),
('E17-05', '2713'),
('E17-06', '2713'),
('E17-07', '2713'),
('E17-08', '2713'),
('E17-09', '2713'),
('E28-04', '2713'),
('E33-01', '2713'),
('V05-03', '2713'),
('V28-04', '2713'),
('V28-05', '2713'),
('E01-01', '2717'),
('E02-01', '2717'),
('S01-01', '2717'),
('S02-02', '2717'),
('S03-01', '2717'),
('S08-01', '2717'),
('S08-02', '2717'),
('S08-03', '2717'),
('V01-01', '2717'),
('V02-01', '2717'),
('V03-02', '2717'),
('V04-01', '2717'),
('V04-05', '2717'),
('V04-12', '2717'),
('V04-13', '2717'),
('V04-14', '2717'),
('E04-01', '2717'),
('E05-01', '2717'),
('G01-01', '2717'),
('G02-01', '2717'),
('S04-03', '2717'),
('S04-04', '2717'),
('S09-02', '2717'),
('S11-01', '2717'),
('V05-02', '2717'),
('V12-02', '2717'),
('V13-01', '2717'),
('V28-01', '2717'),
('V28-02', '2717'),
('V28-03', '2717'),
('E03-04', '2717'),
('E03-05', '2717'),
('E06-01', '2717'),
('E07-01', '2717'),
('E07-02', '2717'),
('E33-01', '2717'),
('S06-01', '2717'),
('V28-04', '2717'),
('V28-05', '2717'),
('E01-01', '2723'),
('E02-01', '2723'),
('S01-01', '2723'),
('S02-02', '2723'),
('S03-01', '2723'),
('S08-01', '2723'),
('S08-02', '2723'),
('S08-03', '2723'),
('V01-01', '2723'),
('V02-01', '2723'),
('V03-02', '2723'),
('V04-01', '2723'),
('V04-05', '2723'),
('V04-12', '2723'),
('V04-13', '2723'),
('E03-01', '2723'),
('E04-01', '2723'),
('E05-01', '2723'),
('E39-01', '2723'),
('G01-01', '2723'),
('S07-04', '2723'),
('S09-02', '2723'),
('V06-01', '2723'),
('V13-01', '2723'),
('V28-01', '2723'),
('V28-02', '2723'),
('V28-03', '2723'),
('E03-04', '2723'),
('E03-05', '2723'),
('E09-04', '2723'),
('E09-05', '2723'),
('S09-01', '2723'),
('V05-01', '2723'),
('V28-04', '2723'),
('V28-05', '2723'),
('E01-01', '2733'),
('E02-01', '2733'),
('S01-01', '2733'),
('S02-02', '2733'),
('S03-01', '2733'),
('S08-01', '2733'),
('S08-02', '2733'),
('S08-03', '2733'),
('V01-01', '2733'),
('V02-01', '2733'),
('V03-02', '2733'),
('V04-01', '2733'),
('V04-05', '2733'),
('V04-12', '2733'),
('V04-13', '2733'),
('E03-01', '2733'),
('E04-01', '2733'),
('E05-01', '2733'),
('E09-01', '2733'),
('E10-01', '2733'),
('E10-04', '2733'),
('E13-01', '2733'),
('E28-01', '2733'),
('G01-01', '2733'),
('S04-03', '2733'),
('S04-04', '2733'),
('S06-03', '2733'),
('S07-04', '2733'),
('S09-02', '2733'),
('S11-01', '2733'),
('V06-01', '2733'),
('V12-02', '2733'),
('V13-01', '2733'),
('V17-01', '2733'),
('V24-01', '2733'),
('V28-01', '2733'),
('V28-02', '2733'),
('V28-03', '2733'),
('E03-04', '2733'),
('E03-05', '2733'),
('E06-01', '2733'),
('E07-01', '2733'),
('E07-02', '2733'),
('E09-02', '2733'),
('E09-03', '2733'),
('E09-04', '2733'),
('E09-05', '2733'),
('E10-02', '2733'),
('E10-03', '2733'),
('E10-05', '2733'),
('E14-01', '2733'),
('E14-02', '2733'),
('E17-01', '2733'),
('E23-01', '2733'),
('E23-02', '2733'),
('E28-03', '2733'),
('E28-04', '2733'),
('E33-01', '2733'),
('E33-02', '2733'),
('V21-02', '2733'),
('V28-04', '2733'),
('V28-05', '2733'),
('E01-01', '2737'),
('E02-01', '2737'),
('S01-01', '2737'),
('S02-02', '2737'),
('S03-01', '2737'),
('S08-01', '2737'),
('S08-02', '2737'),
('S08-03', '2737'),
('V01-01', '2737'),
('V02-01', '2737'),
('V03-02', '2737'),
('V04-01', '2737'),
('V04-05', '2737'),
('V04-12', '2737'),
('V04-13', '2737'),
('E03-01', '2737'),
('E04-01', '2737'),
('E05-01', '2737'),
('E09-01', '2737'),
('E10-01', '2737'),
('E10-02', '2737'),
('E13-01', '2737'),
('E28-01', '2737'),
('G01-01', '2737'),
('S04-03', '2737'),
('S04-04', '2737'),
('S07-04', '2737'),
('S09-02', '2737'),
('S11-01', '2737'),
('V06-01', '2737'),
('V12-02', '2737'),
('V13-01', '2737'),
('V17-01', '2737'),
('V24-01', '2737'),
('V28-01', '2737'),
('V28-02', '2737'),
('V28-03', '2737'),
('E03-04', '2737'),
('E03-05', '2737'),
('E06-01', '2737'),
('E07-01', '2737'),
('E07-02', '2737'),
('E09-02', '2737'),
('E09-03', '2737'),
('E09-04', '2737'),
('E09-05', '2737'),
('E10-03', '2737'),
('E10-04', '2737'),
('E10-05', '2737'),
('E14-01', '2737'),
('E14-02', '2737'),
('E23-01', '2737'),
('E23-02', '2737'),
('E28-02', '2737'),
('E28-03', '2737'),
('E28-04', '2737'),
('E33-01', '2737'),
('E33-02', '2737'),
('S06-03', '2737'),
('V21-02', '2737'),
('V28-04', '2737'),
('V28-05', '2737'),
('E01-01', '2753'),
('E02-01', '2753'),
('S01-01', '2753'),
('S02-02', '2753'),
('S03-01', '2753'),
('S08-01', '2753'),
('S08-02', '2753'),
('S08-03', '2753'),
('V01-01', '2753'),
('V02-01', '2753'),
('V03-02', '2753'),
('V04-01', '2753'),
('V04-12', '2753'),
('V04-13', '2753'),
('V04-14', '2753'),
('E03-01', '2753'),
('E04-01', '2753'),
('E28-01', '2753'),
('E37-01', '2753'),
('E37-02', '2753'),
('E37-03', '2753'),
('G01-01', '2753'),
('S04-03', '2753'),
('S04-04', '2753'),
('S07-01', '2753'),
('S07-02', '2753'),
('S07-03', '2753'),
('S09-02', '2753'),
('S11-01', '2753'),
('V06-01', '2753'),
('V12-02', '2753'),
('V13-01', '2753'),
('V17-01', '2753'),
('V28-01', '2753'),
('V28-02', '2753'),
('V28-03', '2753'),
('E06-01', '2753'),
('E28-02', '2753'),
('E28-03', '2753'),
('E28-04', '2753'),
('E33-01', '2753'),
('E37-04', '2753'),
('V05-03', '2753'),
('V28-04', '2753'),
('V28-05', '2753'),
('E01-01', '2757'),
('E02-01', '2757'),
('S01-01', '2757'),
('S02-02', '2757'),
('S03-01', '2757'),
('S08-01', '2757'),
('S08-02', '2757'),
('S08-03', '2757'),
('V01-01', '2757'),
('V02-01', '2757'),
('V03-02', '2757'),
('V04-01', '2757'),
('V04-12', '2757'),
('V04-13', '2757'),
('V04-14', '2757'),
('E03-01', '2757'),
('E04-01', '2757'),
('E05-01', '2757'),
('E13-01', '2757'),
('E28-01', '2757'),
('G01-01', '2757'),
('S04-03', '2757'),
('S04-04', '2757'),
('S07-04', '2757'),
('S09-02', '2757'),
('S11-01', '2757'),
('V06-01', '2757'),
('V12-02', '2757'),
('V13-01', '2757'),
('V17-01', '2757'),
('V28-01', '2757'),
('V28-02', '2757'),
('V28-03', '2757'),
('E06-01', '2757'),
('E28-02', '2757'),
('E28-03', '2757'),
('E28-04', '2757'),
('S05-03', '2757'),
('S06-01', '2757'),
('V05-03', '2757'),
('V28-04', '2757'),
('V28-05', '2757'),
('E01-01', '2771'),
('E02-01', '2771'),
('S01-01', '2771'),
('S02-02', '2771'),
('S03-01', '2771'),
('S08-01', '2771'),
('S08-02', '2771'),
('S08-03', '2771'),
('V01-01', '2771'),
('V02-01', '2771'),
('V03-02', '2771'),
('V04-01', '2771'),
('V04-12', '2771'),
('V04-13', '2771'),
('V04-15', '2771'),
('E21-01', '2771'),
('E21-02', '2771'),
('E21-03', '2771'),
('E21-04', '2771'),
('E30-01', '2771'),
('E30-04', '2771'),
('E30-05', '2771'),
('E37-01', '2771'),
('E37-03', '2771'),
('V06-01', '2771'),
('V12-02', '2771'),
('E30-03', '2771'),
('S13-01', '2771'),
('V13-03', '2771'),
('V13-05', '2771'),
('V13-07', '2771'),
('V13-09', '2771'),
('E01-01', '2773'),
('E02-01', '2773'),
('S01-01', '2773'),
('S02-02', '2773'),
('S03-01', '2773'),
('S08-01', '2773'),
('S08-02', '2773'),
('S08-03', '2773'),
('V01-01', '2773'),
('V02-01', '2773'),
('V04-12', '2773'),
('V04-13', '2773'),
('V04-14', '2773'),
('E03-01', '2773'),
('E03-11', '2773'),
('E21-02', '2773'),
('E28-05', '2773'),
('E28-06', '2773'),
('E30-04', '2773'),
('V06-01', '2773'),
('V12-02', '2773'),
('E03-09', '2773'),
('E03-10', '2773'),
('E30-03', '2773'),
('S13-01', '2773'),
('V13-06', '2773'),
('V13-07', '2773'),
('V21-03', '2773'),
('E01-01', '2775'),
('E02-01', '2775'),
('S01-01', '2775'),
('S02-02', '2775'),
('S03-01', '2775'),
('S08-01', '2775'),
('S08-02', '2775'),
('S08-03', '2775'),
('V01-01', '2775'),
('V02-01', '2775'),
('V04-12', '2775'),
('V04-13', '2775'),
('V04-15', '2775'),
('E21-04', '2775'),
('S04-03', '2775'),
('S04-04', '2775'),
('V06-01', '2775'),
('V12-02', '2775'),
('E30-03', '2775'),
('S13-01', '2775'),
('V05-03', '2775'),
('V13-04', '2775'),
('V13-05', '2775'),
('V21-03', '2775'),
('E01-01', '2777'),
('E02-01', '2777'),
('S01-01', '2777'),
('S02-02', '2777'),
('S03-01', '2777'),
('S08-01', '2777'),
('S08-02', '2777'),
('S08-03', '2777'),
('V01-01', '2777'),
('V02-01', '2777'),
('V03-02', '2777'),
('V04-01', '2777'),
('V04-12', '2777'),
('V04-13', '2777'),
('E04-01', '2777'),
('V06-01', '2777'),
('V12-02', '2777'),
('E06-01', '2777'),
('S13-01', '2777'),
('E01-01', '2779'),
('E02-01', '2779'),
('S01-01', '2779'),
('S02-02', '2779'),
('S03-01', '2779'),
('S08-01', '2779'),
('S08-02', '2779'),
('S08-03', '2779'),
('V01-01', '2779'),
('V02-01', '2779'),
('V03-02', '2779'),
('V04-01', '2779'),
('V04-12', '2779'),
('V04-13', '2779'),
('V04-14', '2779'),
('E10-01', '2779'),
('E21-01', '2779'),
('E30-05', '2779'),
('E37-01', '2779'),
('V06-01', '2779'),
('E10-04', '2779'),
('E30-03', '2779'),
('E37-03', '2779'),
('S13-01', '2779'),
('V21-03', '2779'),
('E01-01', '2791'),
('E02-01', '2791'),
('S01-01', '2791'),
('S02-02', '2791'),
('S03-01', '2791'),
('S08-01', '2791'),
('S08-02', '2791'),
('S08-03', '2791'),
('V01-01', '2791'),
('V02-01', '2791'),
('V03-02', '2791'),
('V04-01', '2791'),
('V04-03', '2791'),
('', '2791'),
('V04-12', '2791'),
('V04-13', '2791'),
('S10-01', '2791'),
('S10-02', '2791'),
('S10-03', '2791'),
('V05-02', '2791'),
('V06-01', '2791'),
('V07-10', '2791'),
('V07-07', '2791'),
('V07-08', '2791'),
('V07-09', '2791'),
('', '2791'),
('E32-01', '2791'),
('S09-02', '2791'),
('S11-01', '2791'),
('V06-01', '2791'),
('E06-01', '2791'),
('E07-01', '2791'),
('E07-02', '2791'),
('E01-01', '2793'),
('E02-01', '2793'),
('S01-01', '2793'),
('S02-02', '2793'),
('S03-01', '2793'),
('S08-01', '2793'),
('S08-02', '2793'),
('S08-03', '2793'),
('V01-01', '2793'),
('V02-01', '2793'),
('V03-02', '2793'),
('V04-01', '2793'),
('S10-01', '2793'),
('S10-02', '2793'),
('S10-03', '2793'),
('V06-01', '2793'),
('V06-02', '2793'),
('E01-01', '2795'),
('E02-01', '2795'),
('S01-01', '2795'),
('S02-02', '2795'),
('S03-01', '2795'),
('S08-01', '2795'),
('S08-02', '2795'),
('S08-03', '2795'),
('V01-01', '2795'),
('V02-01', '2795'),
('V03-02', '2795'),
('V04-01', '2795'),
('S10-01', '2795'),
('S10-02', '2795'),
('S10-03', '2795'),
('V06-01', '2795'),
('E01-01', '2797'),
('E02-01', '2797'),
('S01-01', '2797'),
('S02-02', '2797'),
('S03-01', '2797'),
('S08-01', '2797'),
('S08-02', '2797'),
('S08-03', '2797'),
('V01-01', '2797'),
('V02-01', '2797'),
('V03-02', '2797'),
('V04-01', '2797'),
('V06-01', '2797'),
('V28-01', '2797'),
('V28-02', '2797'),
('V28-03', '2797'),
('V28-04', '2797'),
('V28-05', '2797'),
('E01-01', '2799'),
('E02-01', '2799'),
('S01-01', '2799'),
('S02-02', '2799'),
('S03-01', '2799'),
('S08-01', '2799'),
('S08-02', '2799'),
('S08-03', '2799'),
('V01-01', '2799'),
('V02-01', '2799'),
('V03-02', '2799'),
('V04-01', '2799'),
('V04-12', '2799'),
('V04-13', '2799'),
('V04-14', '2799'),
('E03-01', '2799'),
('E04-01', '2799'),
('E05-01', '2799'),
('E30-01', '2799'),
('E36-01', '2799'),
('E36-02', '2799'),
('S04-03', '2799'),
('S04-04', '2799'),
('S07-04', '2799'),
('S09-02', '2799'),
('S11-01', '2799'),
('V12-02', '2799'),
('V13-01', '2799'),
('E06-01', '2799'),
('E07-01', '2799'),
('E07-02', '2799'),
('E07-03', '2799'),
('E07-04', '2799'),
('E07-05', '2799'),
('E30-03', '2799'),
('E33-01', '2799'),
('S09-01', '2799'),
('V36-01', '2799'),
('E01-01', '3353'),
('E02-01', '3353'),
('S01-01', '3353'),
('S02-02', '3353'),
('S03-01', '3353'),
('S08-01', '3353'),
('S08-02', '3353'),
('S08-03', '3353'),
('V01-01', '3353'),
('V02-01', '3353'),
('V03-02', '3353'),
('V04-01', '3353'),
('V04-05', '3353'),
('E03-01', '3353'),
('E04-01', '3353'),
('E05-01', '3353'),
('E09-01', '3353'),
('E13-01', '3353'),
('E28-01', '3353'),
('E33-03', '3353'),
('E36-01', '3353'),
('E37-01', '3353'),
('E37-03', '3353'),
('G01-01', '3353'),
('G02-01', '3353'),
('S04-03', '3353'),
('S04-04', '3353'),
('S05-02', '3353'),
('S07-04', '3353'),
('S11-01', '3353'),
('S13-01', '3353'),
('S15-01', '3353'),
('S15-02', '3353'),
('V12-02', '3353'),
('V13-01', '3353'),
('V17-01', '3353'),
('V24-01', '3353'),
('V28-01', '3353'),
('V28-02', '3353'),
('V28-03', '3353'),
('E03-04', '3353'),
('E03-05', '3353'),
('E06-01', '3353'),
('E09-04', '3353'),
('E09-05', '3353'),
('E28-02', '3353'),
('E28-03', '3353'),
('E28-04', '3353'),
('E33-01', '3353'),
('S05-04', '3353'),
('V05-03', '3353'),
('V28-04', '3353'),
('V28-05', '3353'),
('E01-01', '3355'),
('E02-01', '3355'),
('S01-01', '3355'),
('S02-02', '3355'),
('S03-01', '3355'),
('S08-01', '3355'),
('S08-02', '3355'),
('S08-03', '3355'),
('V01-01', '3355'),
('V02-01', '3355'),
('V03-02', '3355'),
('V04-01', '3355'),
('V04-05', '3355'),
('V04-12', '3355'),
('V04-13', '3355'),
('V04-14', '3355'),
('E03-01', '3355'),
('E04-01', '3355'),
('E05-01', '3355'),
('E09-01', '3355'),
('E28-01', '3355'),
('G01-01', '3355'),
('S04-03', '3355'),
('S04-04', '3355'),
('S07-04', '3355'),
('S11-01', '3355'),
('V05-02', '3355'),
('V06-01', '3355'),
('V12-02', '3355'),
('V13-01', '3355'),
('V24-01', '3355'),
('V28-01', '3355'),
('V28-02', '3355'),
('V28-03', '3355'),
('E03-04', '3355'),
('E03-05', '3355'),
('E06-01', '3355'),
('E09-02', '3355'),
('E09-04', '3355'),
('E09-05', '3355'),
('E13-07', '3355'),
('E22-01', '3355'),
('E23-02', '3355'),
('E28-02', '3355'),
('E28-03', '3355'),
('E28-04', '3355'),
('E33-01', '3355'),
('V05-01', '3355'),
('V06-02', '3355'),
('V28-04', '3355'),
('V28-05', '3355'),
('E01-01', '3357'),
('E02-01', '3357'),
('S01-01', '3357'),
('S02-02', '3357'),
('S03-01', '3357'),
('S08-01', '3357'),
('S08-02', '3357'),
('S08-03', '3357'),
('V01-01', '3357'),
('V02-01', '3357'),
('V03-02', '3357'),
('V04-01', '3357'),
('V04-05', '3357'),
('V04-12', '3357'),
('V04-13', '3357'),
('V04-14', '3357'),
('E03-01', '3357'),
('E04-01', '3357'),
('E05-01', '3357'),
('E09-01', '3357'),
('E28-01', '3357'),
('G01-01', '3357'),
('S04-03', '3357'),
('S04-04', '3357'),
('S07-04', '3357'),
('S09-02', '3357'),
('S11-01', '3357'),
('V06-01', '3357'),
('V12-02', '3357'),
('V13-01', '3357'),
('V24-01', '3357'),
('V28-01', '3357'),
('V28-02', '3357'),
('V28-03', '3357'),
('E03-04', '3357'),
('E03-05', '3357'),
('E06-01', '3357'),
('E09-02', '3357'),
('E09-03', '3357'),
('E09-04', '3357'),
('E09-05', '3357'),
('E14-01', '3357'),
('E14-02', '3357'),
('E22-01', '3357'),
('E23-01', '3357'),
('E23-02', '3357'),
('E28-02', '3357'),
('E28-03', '3357'),
('E28-04', '3357'),
('E33-01', '3357'),
('S05-04', '3357'),
('V05-03', '3357'),
('V28-04', '3357'),
('V28-05', '3357'),
('E01-01', '3533'),
('E02-01', '3533'),
('S01-01', '3533'),
('S02-02', '3533'),
('S03-01', '3533'),
('S08-01', '3533'),
('S08-02', '3533'),
('S08-03', '3533'),
('V01-01', '3533'),
('V02-01', '3533'),
('V03-02', '3533'),
('V04-01', '3533'),
('V04-12', '3533'),
('V04-13', '3533'),
('E03-01', '3533'),
('E04-01', '3533'),
('E05-01', '3533'),
('E10-01', '3533'),
('E10-02', '3533'),
('E15-01', '3533'),
('E28-01', '3533'),
('E31-01', '3533'),
('S07-04', '3533'),
('V06-01', '3533'),
('V13-01', '3533'),
('V24-01', '3533'),
('V28-01', '3533'),
('V28-02', '3533'),
('V28-03', '3533'),
('E10-03', '3533'),
('E10-04', '3533'),
('E10-05', '3533'),
('E28-02', '3533'),
('E28-03', '3533'),
('E33-01', '3533'),
('V05-03', '3533'),
('V28-04', '3533'),
('V28-05', '3533'),
('E01-01', '3535'),
('E02-01', '3535'),
('S01-01', '3535'),
('S02-02', '3535'),
('S03-01', '3535'),
('S08-01', '3535'),
('S08-02', '3535'),
('S08-03', '3535'),
('V01-01', '3535'),
('V02-01', '3535'),
('V03-02', '3535'),
('V04-01', '3535'),
('V04-12', '3535'),
('V04-13', '3535'),
('E03-01', '3535'),
('E04-01', '3535'),
('E05-01', '3535'),
('E10-01', '3535'),
('E10-02', '3535'),
('E15-01', '3535'),
('E28-01', '3535'),
('E31-01', '3535'),
('S07-04', '3535'),
('V06-01', '3535'),
('V13-01', '3535'),
('V24-01', '3535'),
('V28-01', '3535'),
('V28-02', '3535'),
('V28-03', '3535'),
('E10-03', '3535'),
('E10-04', '3535'),
('E10-05', '3535'),
('E28-02', '3535'),
('E28-03', '3535'),
('E33-01', '3535'),
('V05-03', '3535'),
('V28-04', '3535'),
('V28-05', '3535'),
('E01-01', '3537'),
('E02-01', '3537'),
('S01-01', '3537'),
('S02-02', '3537'),
('S03-01', '3537'),
('S08-01', '3537'),
('S08-02', '3537'),
('S08-03', '3537'),
('V01-01', '3537'),
('V02-01', '3537'),
('V03-02', '3537'),
('V04-01', '3537'),
('V04-12', '3537'),
('V04-13', '3537'),
('E03-01', '3537'),
('E04-01', '3537'),
('E05-01', '3537'),
('E10-01', '3537'),
('E10-02', '3537'),
('E15-01', '3537'),
('E28-01', '3537'),
('E31-01', '3537'),
('S07-04', '3537'),
('V06-01', '3537'),
('V24-01', '3537'),
('V28-01', '3537'),
('V28-02', '3537'),
('V28-03', '3537'),
('E10-03', '3537'),
('E10-04', '3537'),
('E10-05', '3537'),
('E14-01', '3537'),
('E14-02', '3537'),
('E28-02', '3537'),
('E28-03', '3537'),
('E33-01', '3537'),
('V05-03', '3537'),
('V28-04', '3537'),
('V28-05', '3537'),
('E01-01', '3573'),
('E02-01', '3573'),
('S01-01', '3573'),
('S02-02', '3573'),
('S03-01', '3573'),
('S08-01', '3573'),
('S08-02', '3573'),
('S08-03', '3573'),
('V01-01', '3573'),
('V02-01', '3573'),
('V03-02', '3573'),
('V04-01', '3573'),
('V04-12', '3573'),
('V04-13', '3573'),
('E03-01', '3573'),
('E04-01', '3573'),
('E05-01', '3573'),
('E15-01', '3573'),
('E28-01', '3573'),
('E29-03', '3573'),
('E29-04', '3573'),
('E31-01', '3573'),
('E31-02', '3573'),
('E31-03', '3573'),
('S07-04', '3573'),
('S11-01', '3573'),
('V05-02', '3573'),
('V06-01', '3573'),
('V12-02', '3573'),
('E19-01', '3573'),
('E19-03', '3573'),
('E19-05', '3573'),
('E19-07', '3573'),
('E20-01', '3573'),
('E20-02', '3573'),
('E20-04', '3573'),
('E28-02', '3573'),
('E28-03', '3573'),
('E30-03', '3573'),
('V05-03', '3573'),
('E01-01', '3577'),
('E02-01', '3577'),
('S01-01', '3577'),
('S02-02', '3577'),
('S03-01', '3577'),
('S08-01', '3577'),
('S08-02', '3577'),
('S08-03', '3577'),
('V01-01', '3577'),
('V02-01', '3577'),
('V03-02', '3577'),
('V04-01', '3577'),
('V04-12', '3577'),
('V04-13', '3577'),
('E03-01', '3577'),
('E04-01', '3577'),
('E05-01', '3577'),
('E15-01', '3577'),
('E28-01', '3577'),
('E31-01', '3577'),
('E31-02', '3577'),
('E31-03', '3577'),
('S07-04', '3577'),
('S11-01', '3577'),
('V06-01', '3577'),
('V12-02', '3577'),
('V28-01', '3577'),
('V28-02', '3577'),
('V28-03', '3577'),
('E19-01', '3577'),
('E19-03', '3577'),
('E19-05', '3577'),
('E19-07', '3577'),
('E28-02', '3577'),
('E28-03', '3577'),
('S09-01', '3577'),
('V05-03', '3577'),
('V28-04', '3577'),
('V28-05', '3577'),
('E01-01', '3722'),
('E02-01', '3722'),
('S01-01', '3722'),
('S02-02', '3722'),
('S03-01', '3722'),
('S08-01', '3722'),
('S08-02', '3722'),
('S08-03', '3722'),
('V01-01', '3722'),
('V02-01', '3722'),
('V03-02', '3722'),
('V04-01', '3722'),
('V04-12', '3722'),
('V04-13', '3722'),
('E03-01', '3722'),
('E04-01', '3722'),
('E05-01', '3722'),
('E09-01', '3722'),
('E10-01', '3722'),
('E10-02', '3722'),
('E13-01', '3722'),
('E28-01', '3722'),
('E33-02', '3722'),
('G01-01', '3722'),
('S04-03', '3722'),
('S04-04', '3722'),
('S07-04', '3722'),
('S09-02', '3722'),
('S11-01', '3722'),
('V06-01', '3722'),
('V12-02', '3722'),
('V13-01', '3722'),
('V17-01', '3722'),
('V24-01', '3722'),
('V28-01', '3722'),
('V28-02', '3722'),
('V28-03', '3722'),
('E06-01', '3722'),
('E09-02', '3722'),
('E09-03', '3722'),
('E09-04', '3722'),
('E09-05', '3722'),
('E10-03', '3722'),
('E10-04', '3722'),
('E10-05', '3722'),
('E14-01', '3722'),
('E14-02', '3722'),
('E28-02', '3722'),
('E33-01', '3722'),
('S06-03', '3722'),
('V05-03', '3722'),
('V28-04', '3722'),
('V28-05', '3722'),
('E01-01', '3724'),
('E02-01', '3724'),
('S01-01', '3724'),
('S02-02', '3724'),
('S03-01', '3724'),
('S08-01', '3724'),
('S08-02', '3724'),
('S08-03', '3724'),
('V01-01', '3724'),
('V02-01', '3724'),
('V03-02', '3724'),
('V04-01', '3724'),
('V04-12', '3724'),
('V04-13', '3724'),
('E03-01', '3724'),
('E04-01', '3724'),
('E05-01', '3724'),
('E09-01', '3724'),
('E10-01', '3724'),
('E10-02', '3724'),
('E28-01', '3724'),
('S04-03', '3724'),
('S04-04', '3724'),
('S07-04', '3724'),
('S11-01', '3724'),
('V12-02', '3724'),
('V13-01', '3724'),
('V28-01', '3724'),
('V28-02', '3724'),
('V28-03', '3724'),
('E03-09', '3724'),
('E03-10', '3724'),
('E06-01', '3724'),
('E09-02', '3724'),
('E09-03', '3724'),
('E09-04', '3724'),
('E09-05', '3724'),
('E10-03', '3724'),
('E10-04', '3724'),
('E10-05', '3724'),
('E14-01', '3724'),
('E14-02', '3724'),
('E28-02', '3724'),
('E28-03', '3724'),
('V28-04', '3724'),
('V28-05', '3724'),
('E01-01', '3726'),
('E02-01', '3726'),
('S01-01', '3726'),
('S02-02', '3726'),
('S03-01', '3726'),
('S08-01', '3726'),
('S08-02', '3726'),
('S08-03', '3726'),
('V01-01', '3726'),
('V02-01', '3726'),
('V03-02', '3726'),
('V04-01', '3726'),
('V04-11', '3726'),
('V04-12', '3726'),
('V04-13', '3726'),
('V04-14', '3726'),
('E04-01', '3726'),
('E05-01', '3726'),
('E09-01', '3726'),
('E10-01', '3726'),
('E10-02', '3726'),
('E28-01', '3726'),
('E31-04', '3726'),
('E33-02', '3726'),
('G01-01', '3726'),
('S07-01', '3726'),
('S07-02', '3726'),
('S07-03', '3726'),
('S09-02', '3726'),
('S11-01', '3726'),
('V06-01', '3726'),
('V13-01', '3726'),
('V17-01', '3726'),
('V24-01', '3726'),
('V28-01', '3726'),
('V28-02', '3726'),
('V28-03', '3726'),
('E06-01', '3726'),
('E09-02', '3726'),
('E09-03', '3726'),
('E09-04', '3726'),
('E09-05', '3726'),
('E10-03', '3726'),
('E10-04', '3726'),
('E10-05', '3726'),
('E28-02', '3726'),
('E33-01', '3726'),
('V05-03', '3726'),
('V28-04', '3726'),
('V28-05', '3726'),
('E01-01', '3728'),
('E02-01', '3728'),
('S01-01', '3728'),
('S02-02', '3728'),
('S03-01', '3728'),
('S08-01', '3728'),
('S08-02', '3728'),
('S08-03', '3728'),
('V01-01', '3728'),
('V02-01', '3728'),
('V03-02', '3728'),
('V04-01', '3728'),
('V04-12', '3728'),
('V04-13', '3728'),
('V04-14', '3728'),
('E03-01', '3728'),
('E04-01', '3728'),
('E05-01', '3728'),
('E13-01', '3728'),
('E28-01', '3728'),
('G01-01', '3728'),
('S04-03', '3728'),
('S04-04', '3728'),
('S07-04', '3728'),
('S09-02', '3728'),
('S11-01', '3728'),
('V06-01', '3728'),
('V12-02', '3728'),
('V13-01', '3728'),
('V17-01', '3728'),
('V28-01', '3728'),
('V28-02', '3728'),
('V28-03', '3728'),
('E06-01', '3728'),
('E28-02', '3728'),
('E28-03', '3728'),
('E28-04', '3728'),
('S05-03', '3728'),
('V05-03', '3728'),
('V28-04', '3728'),
('V28-05', '3728'),
('E01-01', '3743'),
('E02-01', '3743'),
('S01-01', '3743'),
('S02-02', '3743'),
('S03-01', '3743'),
('S08-01', '3743'),
('S08-02', '3743'),
('S08-03', '3743'),
('V01-01', '3743'),
('V02-01', '3743'),
('V03-02', '3743'),
('V04-01', '3743'),
('V04-05', '3743'),
('V04-12', '3743'),
('V04-13', '3743'),
('E03-01', '3743'),
('E04-01', '3743'),
('E05-01', '3743'),
('E09-01', '3743'),
('E10-01', '3743'),
('E10-02', '3743'),
('E13-01', '3743'),
('E28-01', '3743'),
('G01-01', '3743'),
('S05-01', '3743'),
('S06-03', '3743'),
('S07-04', '3743'),
('S09-02', '3743'),
('S11-01', '3743'),
('V06-01', '3743'),
('V12-02', '3743'),
('V13-01', '3743'),
('V17-01', '3743'),
('V24-01', '3743'),
('V28-01', '3743'),
('V28-02', '3743'),
('V28-03', '3743'),
('E03-04', '3743'),
('E03-05', '3743'),
('E03-09', '3743'),
('E03-10', '3743'),
('E06-01', '3743'),
('E09-02', '3743'),
('E09-03', '3743'),
('E09-04', '3743'),
('E09-05', '3743'),
('E10-03', '3743'),
('E10-04', '3743'),
('E10-05', '3743'),
('E14-01', '3743'),
('E14-02', '3743'),
('E28-02', '3743'),
('E28-03', '3743'),
('E28-04', '3743'),
('E33-01', '3743'),
('E33-02', '3743'),
('S05-02', '3743'),
('S05-03', '3743'),
('V05-03', '3743'),
('V28-04', '3743'),
('V28-05', '3743'),
('E01-01', '3745'),
('E02-01', '3745'),
('S01-01', '3745'),
('S02-02', '3745'),
('S03-01', '3745'),
('S08-01', '3745'),
('S08-02', '3745'),
('S08-03', '3745'),
('V01-01', '3745'),
('V02-01', '3745'),
('V03-02', '3745'),
('V04-01', '3745'),
('V04-05', '3745'),
('V04-12', '3745'),
('V04-13', '3745'),
('E03-01', '3745'),
('E04-01', '3745'),
('E05-01', '3745'),
('E09-01', '3745'),
('E10-01', '3745'),
('E10-02', '3745'),
('E13-01', '3745'),
('E28-01', '3745'),
('G01-01', '3745'),
('S05-01', '3745'),
('S07-04', '3745'),
('S09-02', '3745'),
('S11-01', '3745'),
('V06-01', '3745'),
('V12-02', '3745'),
('V13-01', '3745'),
('V17-01', '3745'),
('V24-01', '3745'),
('V28-01', '3745'),
('V28-02', '3745'),
('V28-03', '3745'),
('E03-04', '3745'),
('E03-05', '3745'),
('E03-09', '3745'),
('E03-10', '3745'),
('E06-01', '3745'),
('E09-02', '3745'),
('E09-03', '3745'),
('E09-04', '3745'),
('E09-05', '3745'),
('E10-03', '3745'),
('E10-04', '3745'),
('E10-05', '3745'),
('E14-01', '3745'),
('E14-02', '3745'),
('E28-02', '3745'),
('E28-03', '3745'),
('E28-04', '3745'),
('E33-01', '3745'),
('E33-02', '3745'),
('S05-02', '3745'),
('S05-03', '3745'),
('S06-03', '3745'),
('V05-03', '3745'),
('V28-04', '3745'),
('V28-05', '3745'),
('E01-01', '3747'),
('E02-01', '3747'),
('S01-01', '3747'),
('S02-02', '3747'),
('S03-01', '3747'),
('S08-01', '3747'),
('S08-02', '3747'),
('S08-03', '3747'),
('V01-01', '3747'),
('V02-01', '3747'),
('V03-02', '3747'),
('V04-01', '3747'),
('V04-05', '3747'),
('V04-12', '3747'),
('V04-13', '3747'),
('E03-01', '3747'),
('E04-01', '3747'),
('E05-01', '3747'),
('E09-01', '3747'),
('E10-01', '3747'),
('E10-02', '3747'),
('G01-01', '3747'),
('S04-01', '3747'),
('S04-02', '3747'),
('S05-01', '3747'),
('S05-02', '3747'),
('S07-04', '3747'),
('S09-02', '3747'),
('S11-01', '3747'),
('V06-01', '3747'),
('V13-01', '3747'),
('V17-01', '3747'),
('V24-01', '3747'),
('V28-01', '3747'),
('V28-02', '3747'),
('V28-03', '3747'),
('E09-02', '3747'),
('E09-03', '3747'),
('E09-04', '3747'),
('E09-05', '3747'),
('E10-03', '3747'),
('E10-04', '3747'),
('E10-05', '3747'),
('E13-03', '3747'),
('E13-04', '3747'),
('E13-05', '3747'),
('E13-07', '3747'),
('E33-01', '3747'),
('E33-02', '3747'),
('V05-03', '3747'),
('V28-04', '3747'),
('V28-05', '3747'),
('E01-01', '3763'),
('E02-01', '3763'),
('S01-01', '3763'),
('S02-02', '3763'),
('S03-01', '3763'),
('S08-01', '3763'),
('S08-02', '3763'),
('S08-03', '3763'),
('V01-01', '3763'),
('V02-01', '3763'),
('V03-02', '3763'),
('V04-01', '3763'),
('V04-12', '3763'),
('V04-13', '3763'),
('E04-01', '3763'),
('E05-01', '3763'),
('E28-01', '3763'),
('E31-05', '3763'),
('S07-04', '3763'),
('S11-01', '3763'),
('V13-01', '3763'),
('V24-01', '3763'),
('V28-01', '3763'),
('V28-02', '3763'),
('V28-03', '3763'),
('E03-09', '3763'),
('E03-10', '3763'),
('E28-02', '3763'),
('E28-03', '3763'),
('E28-04', '3763'),
('E33-01', '3763'),
('V28-04', '3763'),
('V28-05', '3763'),
('E01-01', '3765'),
('E02-01', '3765'),
('S01-01', '3765'),
('S02-02', '3765'),
('S03-01', '3765'),
('S08-01', '3765'),
('S08-02', '3765'),
('S08-03', '3765'),
('V01-01', '3765'),
('V02-01', '3765'),
('V03-02', '3765'),
('V04-01', '3765'),
('V04-12', '3765'),
('V04-13', '3765'),
('E04-01', '3765'),
('E05-01', '3765'),
('S05-01', '3765'),
('S07-04', '3765'),
('V13-01', '3765'),
('V24-01', '3765'),
('V28-01', '3765'),
('V28-02', '3765'),
('V28-03', '3765'),
('E03-09', '3765'),
('E03-10', '3765'),
('E33-01', '3765'),
('S05-02', '3765'),
('V28-04', '3765'),
('V28-05', '3765'),
('E01-01', '3767'),
('E02-01', '3767'),
('S01-01', '3767'),
('S02-02', '3767'),
('S03-01', '3767'),
('S08-01', '3767'),
('S08-02', '3767'),
('S08-03', '3767'),
('V01-01', '3767'),
('V02-01', '3767'),
('V03-02', '3767'),
('V04-01', '3767'),
('V04-05', '3767'),
('V04-12', '3767'),
('V04-13', '3767'),
('E03-01', '3767'),
('E04-01', '3767'),
('E10-01', '3767'),
('E10-02', '3767'),
('S07-04', '3767'),
('V13-01', '3767'),
('V28-01', '3767'),
('V28-02', '3767'),
('V28-03', '3767'),
('E03-09', '3767'),
('E03-10', '3767'),
('E06-01', '3767'),
('E10-03', '3767'),
('E10-04', '3767'),
('E10-05', '3767'),
('E13-03', '3767'),
('E13-04', '3767'),
('E13-05', '3767'),
('E13-06', '3767'),
('E33-01', '3767'),
('V05-03', '3767'),
('V28-04', '3767'),
('V28-05', '3767'),
('E01-01', '3785'),
('E02-01', '3785'),
('S01-01', '3785'),
('S02-02', '3785'),
('S03-01', '3785'),
('S08-01', '3785'),
('S08-02', '3785'),
('S08-03', '3785'),
('V01-01', '3785'),
('V02-01', '3785'),
('V03-02', '3785'),
('V04-01', '3785'),
('V04-12', '3785'),
('V04-13', '3785'),
('V04-14', '3785'),
('E03-01', '3785'),
('E04-01', '3785'),
('E05-01', '3785'),
('E15-01', '3785'),
('E28-01', '3785'),
('G01-01', '3785'),
('G02-01', '3785'),
('S07-04', '3785'),
('S11-01', '3785'),
('V24-01', '3785'),
('E19-05', '3785'),
('E19-07', '3785'),
('E28-02', '3785'),
('E28-03', '3785'),
('S09-01', '3785'),
('E01-01', '4533'),
('E02-01', '4533'),
('S01-01', '4533'),
('S02-02', '4533'),
('S03-01', '4533'),
('S08-01', '4533'),
('S08-02', '4533'),
('S08-03', '4533'),
('V01-01', '4533'),
('V02-01', '4533'),
('V03-02', '4533'),
('V04-01', '4533'),
('V04-13', '4533'),
('E04-01', '4533'),
('E05-01', '4533'),
('E05-02', '4533'),
('E05-03', '4533'),
('E28-01', '4533'),
('G02-01', '4533'),
('S04-03', '4533'),
('S04-04', '4533'),
('S07-04', '4533'),
('S11-01', '4533'),
('S24-01', '4533'),
('V28-01', '4533'),
('V28-02', '4533'),
('V28-03', '4533'),
('E06-01', '4533'),
('S10-01', '4533'),
('S10-02', '4533'),
('S10-03', '4533'),
('S23-02', '4533'),
('S23-03', '4533'),
('V28-04', '4533'),
('V28-05', '4533'),
('E01-01', '4535'),
('E02-01', '4535'),
('S01-01', '4535'),
('S02-02', '4535'),
('S03-01', '4535'),
('S08-01', '4535'),
('S08-02', '4535'),
('S08-03', '4535'),
('V01-01', '4535'),
('V02-01', '4535'),
('V03-02', '4535'),
('V04-01', '4535'),
('V04-03', '4535'),
('V04-05', '4535'),
('V04-09', '4535'),
('V04-13', '4535'),
('E03-01', '4535'),
('E04-01', '4535'),
('E05-01', '4535'),
('E09-01', '4535'),
('G03-01', '4535'),
('S04-03', '4535'),
('S04-04', '4535'),
('S05-01', '4535'),
('S05-02', '4535'),
('S07-04', '4535'),
('V06-01', '4535'),
('V12-02', '4535'),
('V13-01', '4535'),
('V28-01', '4535'),
('V28-02', '4535'),
('V28-03', '4535'),
('E03-04', '4535'),
('E03-05', '4535'),
('E03-09', '4535'),
('E03-10', '4535'),
('E06-01', '4535'),
('E08-01', '4535'),
('E08-02', '4535'),
('E08-03', '4535'),
('E08-04', '4535'),
('E09-02', '4535'),
('E09-03', '4535'),
('E09-04', '4535'),
('E09-05', '4535'),
('E13-03', '4535'),
('E13-04', '4535'),
('E13-05', '4535'),
('E13-06', '4535'),
('E13-07', '4535'),
('E33-01', '4535'),
('S05-03', '4535'),
('V05-03', '4535'),
('V28-04', '4535'),
('V28-05', '4535'),
('E01-01', '4537'),
('E02-01', '4537'),
('S01-01', '4537'),
('S02-02', '4537'),
('S03-01', '4537'),
('S08-01', '4537'),
('S08-02', '4537'),
('S08-03', '4537'),
('V01-01', '4537'),
('V02-01', '4537'),
('V03-02', '4537'),
('V04-01', '4537'),
('V04-05', '4537'),
('V04-12', '4537'),
('V04-13', '4537'),
('E03-01', '4537'),
('E04-01', '4537'),
('E05-01', '4537'),
('G03-01', '4537'),
('S05-01', '4537'),
('S05-02', '4537'),
('V06-01', '4537'),
('V13-01', '4537'),
('V28-01', '4537'),
('V28-02', '4537'),
('V28-03', '4537'),
('E03-04', '4537'),
('E03-05', '4537'),
('E03-09', '4537'),
('E03-10', '4537'),
('E06-01', '4537'),
('E09-04', '4537'),
('E09-05', '4537'),
('E13-03', '4537'),
('E13-04', '4537'),
('E13-05', '4537'),
('E13-06', '4537'),
('E13-07', '4537'),
('E33-01', '4537'),
('S05-03', '4537'),
('V05-03', '4537'),
('V28-04', '4537'),
('V28-05', '4537'),
('E01-01', '4573'),
('E02-01', '4573'),
('S01-01', '4573'),
('S02-02', '4573'),
('S03-01', '4573'),
('S08-01', '4573'),
('S08-02', '4573'),
('S08-03', '4573'),
('V01-01', '4573'),
('V02-01', '4573'),
('V03-02', '4573'),
('V04-01', '4573'),
('V04-03', '4573'),
('V04-05', '4573'),
('V04-12', '4573'),
('V04-13', '4573'),
('E28-01', '4573'),
('G01-01', '4573'),
('G03-01', '4573'),
('S05-01', '4573'),
('V13-01', '4573'),
('V28-01', '4573'),
('V28-02', '4573'),
('V28-03', '4573'),
('E06-01', '4573'),
('E08-01', '4573'),
('E08-02', '4573'),
('E08-03', '4573'),
('E08-04', '4573'),
('E13-08', '4573'),
('E23-01', '4573'),
('E23-02', '4573'),
('E33-01', '4573'),
('V28-04', '4573'),
('V28-05', '4573'),
('V29-01', '4573'),
('V30-01', '4573'),
('E01-01', '4577'),
('E02-01', '4577'),
('S01-01', '4577'),
('S02-02', '4577'),
('S03-01', '4577'),
('S08-01', '4577'),
('S08-02', '4577'),
('S08-03', '4577'),
('V01-01', '4577'),
('V02-01', '4577'),
('V03-02', '4577'),
('V04-01', '4577'),
('V04-03', '4577'),
('V04-05', '4577'),
('V04-12', '4577'),
('V04-13', '4577'),
('E28-01', '4577'),
('G01-01', '4577'),
('G03-01', '4577'),
('S04-03', '4577'),
('S04-04', '4577'),
('S05-01', '4577'),
('S05-02', '4577'),
('V13-01', '4577'),
('V28-01', '4577'),
('V28-02', '4577'),
('V28-03', '4577'),
('E06-01', '4577'),
('E13-08', '4577'),
('E23-01', '4577'),
('E23-02', '4577'),
('E28-02', '4577'),
('E28-03', '4577'),
('E28-04', '4577'),
('E33-01', '4577'),
('V05-03', '4577'),
('V28-04', '4577'),
('V28-05', '4577'),
('V29-01', '4577'),
('V30-01', '4577'),
('E01-01', '5333'),
('E02-01', '5333'),
('S01-01', '5333'),
('S02-02', '5333'),
('S03-01', '5333'),
('S08-01', '5333'),
('S08-02', '5333'),
('S08-03', '5333'),
('V01-01', '5333'),
('V02-01', '5333'),
('V03-02', '5333'),
('V04-01', '5333'),
('V04-12', '5333'),
('V04-13', '5333'),
('E10-01', '5333'),
('E10-02', '5333'),
('E16-01', '5333'),
('E16-03', '5333'),
('E16-05', '5333'),
('E16-07', '5333'),
('V06-01', '5333'),
('V28-01', '5333'),
('V28-02', '5333'),
('V28-03', '5333'),
('E10-03', '5333'),
('E10-04', '5333'),
('E10-05', '5333'),
('V05-03', '5333'),
('V28-04', '5333'),
('V28-05', '5333'),
('E01-01', '5337'),
('E02-01', '5337'),
('S01-01', '5337'),
('S02-02', '5337'),
('S03-01', '5337'),
('S08-01', '5337'),
('S08-02', '5337'),
('S08-03', '5337'),
('V01-01', '5337'),
('V02-01', '5337'),
('V03-02', '5337'),
('V04-01', '5337'),
('V04-12', '5337'),
('V04-13', '5337'),
('E04-01', '5337'),
('E05-01', '5337'),
('E10-01', '5337'),
('E10-02', '5337'),
('E15-01', '5337'),
('E16-03', '5337'),
('E16-05', '5337'),
('E16-07', '5337'),
('E16-07', '5337'),
('E27-01', '5337'),
('E28-01', '5337'),
('E31-01', '5337'),
('E31-02', '5337'),
('E31-03', '5337'),
('V06-01', '5337'),
('V28-01', '5337'),
('V28-02', '5337'),
('V28-03', '5337'),
('E06-01', '5337'),
('E10-03', '5337'),
('E10-04', '5337'),
('E10-05', '5337'),
('E40-01', '5337'),
('V05-03', '5337'),
('V28-04', '5337'),
('V28-05', '5337'),
('E01-01', '5371'),
('E02-01', '5371'),
('S01-01', '5371'),
('S02-02', '5371'),
('S03-01', '5371'),
('S08-01', '5371'),
('S08-02', '5371'),
('S08-03', '5371'),
('V01-01', '5371'),
('V02-01', '5371'),
('V03-02', '5371'),
('V04-01', '5371'),
('V04-12', '5371'),
('V04-13', '5371'),
('E04-01', '5371'),
('E10-01', '5371'),
('E10-02', '5371'),
('E16-03', '5371'),
('E16-05', '5371'),
('E16-07', '5371'),
('E16-07', '5371'),
('E27-01', '5371'),
('E28-01', '5371'),
('V06-01', '5371'),
('V28-01', '5371'),
('V28-02', '5371'),
('V28-03', '5371'),
('E10-03', '5371'),
('E10-04', '5371'),
('E10-05', '5371'),
('V05-03', '5371'),
('V28-04', '5371'),
('V28-05', '5371'),
('E01-01', '5373'),
('E02-01', '5373'),
('S01-01', '5373'),
('S02-02', '5373'),
('S03-01', '5373'),
('S08-01', '5373'),
('S08-02', '5373'),
('S08-03', '5373'),
('V01-01', '5373'),
('V02-01', '5373'),
('V03-02', '5373'),
('V04-01', '5373'),
('V04-12', '5373'),
('V04-13', '5373'),
('E04-01', '5373'),
('E10-01', '5373'),
('E10-04', '5373'),
('E15-01', '5373'),
('E16-01', '5373'),
('E16-03', '5373'),
('E16-05', '5373'),
('E16-07', '5373'),
('E27-01', '5373'),
('E31-01', '5373'),
('E31-02', '5373'),
('E31-03', '5373'),
('E40-01', '5373'),
('V06-01', '5373'),
('V28-01', '5373'),
('V28-02', '5373'),
('V28-03', '5373'),
('E28-01', '5373'),
('V05-03', '5373'),
('E10-02', '5373'),
('E10-03', '5373'),
('E10-05', '5373'),
('V28-04', '5373'),
('V28-05', '5373'),
('E01-01', '5375'),
('E02-01', '5375'),
('S01-01', '5375'),
('S02-02', '5375'),
('S03-01', '5375'),
('S08-01', '5375'),
('S08-02', '5375'),
('S08-03', '5375'),
('V01-01', '5375'),
('V02-01', '5375'),
('V03-02', '5375'),
('V04-01', '5375'),
('V04-12', '5375'),
('V04-13', '5375'),
('V04-14', '5375'),
('E04-01', '5375'),
('E10-01', '5375'),
('E10-02', '5375'),
('E16-01', '5375'),
('E16-03', '5375'),
('E16-05', '5375'),
('E16-07', '5375'),
('E27-01', '5375'),
('E28-01', '5375'),
('V06-01', '5375'),
('V28-01', '5375'),
('V28-02', '5375'),
('V28-03', '5375'),
('E10-03', '5375'),
('E10-04', '5375'),
('E10-05', '5375'),
('V28-04', '5375'),
('V28-05', '5375'),
('E01-01', '5377'),
('E02-01', '5377'),
('S01-01', '5377'),
('S02-02', '5377'),
('S03-01', '5377'),
('S08-01', '5377'),
('S08-02', '5377'),
('S08-03', '5377'),
('V01-01', '5377'),
('V02-01', '5377'),
('V03-02', '5377'),
('V04-01', '5377'),
('V04-12', '5377'),
('V04-13', '5377'),
('E04-01', '5377'),
('E10-01', '5377'),
('E10-02', '5377'),
('E15-01', '5377'),
('E16-01', '5377'),
('E16-03', '5377'),
('E16-05', '5377'),
('E16-07', '5377'),
('E27-01', '5377'),
('E28-01', '5377'),
('E31-01', '5377'),
('E31-02', '5377'),
('E31-03', '5377'),
('V05-02', '5377'),
('V06-01', '5377'),
('V28-01', '5377'),
('V28-02', '5377'),
('V28-03', '5377'),
('E10-03', '5377'),
('E10-04', '5377'),
('E10-05', '5377'),
('V05-01', '5377'),
('V05-03', '5377'),
('V06-02', '5377'),
('V28-04', '5377'),
('V28-05', '5377'),
('E01-01', '5379'),
('E02-01', '5379'),
('S01-01', '5379'),
('S02-02', '5379'),
('S03-01', '5379'),
('S08-01', '5379'),
('S08-02', '5379'),
('S08-03', '5379'),
('V01-01', '5379'),
('V02-01', '5379'),
('V03-02', '5379'),
('V04-01', '5379'),
('V04-12', '5379'),
('V04-13', '5379'),
('E04-01', '5379'),
('E10-01', '5379'),
('E10-02', '5379'),
('E15-01', '5379'),
('E16-01', '5379'),
('E16-03', '5379'),
('E16-05', '5379'),
('E16-07', '5379'),
('E27-01', '5379'),
('E28-01', '5379'),
('E31-01', '5379'),
('E31-02', '5379'),
('E31-03', '5379'),
('V06-01', '5379'),
('V28-01', '5379'),
('V28-02', '5379'),
('V28-03', '5379'),
('E10-03', '5379'),
('E10-04', '5379'),
('E10-05', '5379'),
('V05-03', '5379'),
('V28-04', '5379'),
('V28-05', '5379'),
('E01-01', '5553'),
('E02-01', '5553'),
('S01-01', '5553'),
('S02-02', '5553'),
('S03-01', '5553'),
('S08-01', '5553'),
('S08-02', '5553'),
('S08-03', '5553'),
('V01-01', '5553'),
('V02-01', '5553'),
('V03-02', '5553'),
('V04-01', '5553'),
('V04-12', '5553'),
('V04-13', '5553'),
('S19-01', '5553'),
('V24-01', '5553'),
('S10-01', '5553'),
('S10-02', '5553'),
('S10-03', '5553'),
('E01-01', '5555'),
('E02-01', '5555'),
('S01-01', '5555'),
('S02-02', '5555'),
('S03-01', '5555'),
('S08-01', '5555'),
('S08-02', '5555'),
('S08-03', '5555'),
('V01-01', '5555'),
('V02-01', '5555'),
('V03-02', '5555'),
('V04-01', '5555'),
('V04-12', '5555'),
('V04-13', '5555'),
('S19-01', '5555'),
('V24-01', '5555'),
('S10-01', '5555'),
('S10-02', '5555'),
('S10-03', '5555'),
('E01-01', '5557'),
('E02-01', '5557'),
('S01-01', '5557'),
('S02-02', '5557'),
('S03-01', '5557'),
('S08-01', '5557'),
('S08-02', '5557'),
('S08-03', '5557'),
('V01-01', '5557'),
('V02-01', '5557'),
('V03-02', '5557'),
('V04-01', '5557'),
('V04-12', '5557'),
('V04-13', '5557'),
('E28-01', '5557'),
('S19-01', '5557'),
('V13-01', '5557'),
('V24-01', '5557'),
('V28-01', '5557'),
('V28-02', '5557'),
('V28-03', '5557'),
('E06-01', '5557'),
('E28-02', '5557'),
('E28-04', '5557'),
('S10-01', '5557'),
('S10-02', '5557'),
('S10-03', '5557'),
('V28-04', '5557'),
('V28-05', '5557'),
('E01-01', '5751'),
('E02-01', '5751'),
('S01-01', '5751'),
('S02-02', '5751'),
('S03-01', '5751'),
('S08-01', '5751'),
('S08-02', '5751'),
('S08-03', '5751'),
('V01-01', '5751'),
('V02-01', '5751'),
('V03-02', '5751'),
('V04-01', '5751'),
('V04-12', '5751'),
('V04-13', '5751'),
('V04-14', '5751'),
('E03-01', '5751'),
('E04-01', '5751'),
('E21-05', '5751'),
('E30-01', '5751'),
('E38-01', '5751'),
('E38-02', '5751'),
('E38-03', '5751'),
('V27-02', '5751'),
('V28-01', '5751'),
('V28-02', '5751'),
('V28-03', '5751'),
('E30-03', '5751'),
('V13-08', '5751'),
('V13-09', '5751'),
('V21-06', '5751'),
('V27-01', '5751'),
('V28-04', '5751'),
('V28-05', '5751'),
('E01-01', '5752'),
('E02-01', '5752'),
('S01-01', '5752'),
('S02-02', '5752'),
('S03-01', '5752'),
('S08-01', '5752'),
('S08-02', '5752'),
('S08-03', '5752'),
('V01-01', '5752'),
('V02-01', '5752'),
('V03-02', '5752'),
('V04-01', '5752'),
('V04-12', '5752'),
('V04-13', '5752'),
('E16-01', '5752'),
('E16-03', '5752'),
('E16-05', '5752'),
('E16-07', '5752'),
('E27-01', '5752'),
('V06-01', '5752'),
('V28-01', '5752'),
('V28-02', '5752'),
('V28-03', '5752'),
('V28-04', '5752'),
('V28-05', '5752'),
('E01-01', '5753'),
('E02-01', '5753'),
('S01-01', '5753'),
('S02-02', '5753'),
('S03-01', '5753'),
('S08-01', '5753'),
('S08-02', '5753');
INSERT INTO `kpi_subsector` (`kpi_id`, `subsector_id`) VALUES
('S08-03', '5753'),
('V01-01', '5753'),
('V02-01', '5753'),
('V03-02', '5753'),
('V04-01', '5753'),
('V04-12', '5753'),
('V04-13', '5753'),
('E04-01', '5753'),
('E16-01', '5753'),
('E16-03', '5753'),
('E16-05', '5753'),
('E16-07', '5753'),
('E27-01', '5753'),
('E28-01', '5753'),
('E29-05', '5753'),
('S24-02', '5753'),
('V06-01', '5753'),
('V12-02', '5753'),
('V28-01', '5753'),
('V28-02', '5753'),
('V28-03', '5753'),
('S23-01', '5753'),
('V28-04', '5753'),
('V28-05', '5753'),
('V37-01', '5753'),
('E01-01', '5755'),
('E02-01', '5755'),
('S01-01', '5755'),
('S02-02', '5755'),
('S03-01', '5755'),
('S08-01', '5755'),
('S08-02', '5755'),
('S08-03', '5755'),
('V01-01', '5755'),
('V02-01', '5755'),
('V03-02', '5755'),
('V04-01', '5755'),
('V04-12', '5755'),
('V04-13', '5755'),
('V04-14', '5755'),
('E03-01', '5755'),
('E04-01', '5755'),
('E05-01', '5755'),
('E30-04', '5755'),
('E38-04', '5755'),
('V28-01', '5755'),
('V28-02', '5755'),
('V28-03', '5755'),
('E06-01', '5755'),
('E28-05', '5755'),
('E28-06', '5755'),
('E30-03', '5755'),
('V21-05', '5755'),
('V28-04', '5755'),
('V28-05', '5755'),
('E01-01', '5755'),
('E02-01', '5755'),
('S01-01', '5755'),
('S02-02', '5755'),
('S03-01', '5755'),
('S08-01', '5755'),
('S08-02', '5755'),
('S08-03', '5755'),
('V01-01', '5755'),
('V02-01', '5755'),
('V03-02', '5755'),
('V04-01', '5755'),
('V04-12', '5755'),
('V04-13', '5755'),
('E04-01', '5755'),
('E05-01', '5755'),
('E16-01', '5755'),
('E16-03', '5755'),
('E16-05', '5755'),
('E16-07', '5755'),
('E27-01', '5755'),
('V06-01', '5755'),
('V24-01', '5755'),
('V28-01', '5755'),
('V28-02', '5755'),
('V28-03', '5755'),
('V28-04', '5755'),
('V28-05', '5755'),
('V34-01', '5755'),
('V34-02', '5755'),
('E01-01', '5757'),
('E02-01', '5757'),
('S01-01', '5757'),
('S02-02', '5757'),
('S03-01', '5757'),
('S08-01', '5757'),
('S08-02', '5757'),
('S08-03', '5757'),
('V01-01', '5757'),
('V02-01', '5757'),
('V03-02', '5757'),
('V04-01', '5757'),
('V04-12', '5757'),
('V04-13', '5757'),
('E04-01', '5757'),
('E05-01', '5757'),
('E16-01', '5757'),
('E16-03', '5757'),
('E16-05', '5757'),
('E16-07', '5757'),
('E27-01', '5757'),
('V06-01', '5757'),
('V24-01', '5757'),
('V28-01', '5757'),
('V28-02', '5757'),
('V28-03', '5757'),
('V28-04', '5757'),
('V28-05', '5757'),
('E01-01', '5759'),
('E02-01', '5759'),
('S01-01', '5759'),
('S02-02', '5759'),
('S03-01', '5759'),
('S08-01', '5759'),
('S08-02', '5759'),
('S08-03', '5759'),
('V01-01', '5759'),
('V02-01', '5759'),
('V03-02', '5759'),
('V04-01', '5759'),
('V04-12', '5759'),
('V04-13', '5759'),
('E16-01', '5759'),
('E16-03', '5759'),
('E16-05', '5759'),
('E16-07', '5759'),
('E27-01', '5759'),
('E29-05', '5759'),
('V24-01', '5759'),
('V28-01', '5759'),
('V28-02', '5759'),
('V28-03', '5759'),
('V28-04', '5759'),
('V28-05', '5759'),
('E01-01', '6535'),
('E02-01', '6535'),
('S01-01', '6535'),
('S02-02', '6535'),
('S03-01', '6535'),
('S08-01', '6535'),
('S08-02', '6535'),
('S08-03', '6535'),
('V01-01', '6535'),
('V02-01', '6535'),
('V03-02', '6535'),
('V04-01', '6535'),
('V04-05', '6535'),
('V04-12', '6535'),
('V04-13', '6535'),
('E04-01', '6535'),
('E05-01', '6535'),
('E09-01', '6535'),
('E16-01', '6535'),
('E16-03', '6535'),
('E16-05', '6535'),
('E16-07', '6535'),
('E27-01', '6535'),
('V06-01', '6535'),
('V08-01', '6535'),
('V28-01', '6535'),
('V28-02', '6535'),
('V28-03', '6535'),
('E09-02', '6535'),
('E09-03', '6535'),
('E09-04', '6535'),
('E09-05', '6535'),
('E14-01', '6535'),
('E14-02', '6535'),
('V05-03', '6535'),
('V06-03', '6535'),
('V28-04', '6535'),
('V28-05', '6535'),
('E01-01', '6575'),
('E02-01', '6575'),
('S01-01', '6575'),
('S02-02', '6575'),
('S03-01', '6575'),
('S08-01', '6575'),
('S08-02', '6575'),
('S08-03', '6575'),
('V01-01', '6575'),
('V02-01', '6575'),
('V03-02', '6575'),
('V04-01', '6575'),
('V04-05', '6575'),
('V04-12', '6575'),
('V04-13', '6575'),
('E04-01', '6575'),
('E05-01', '6575'),
('E09-01', '6575'),
('E16-01', '6575'),
('E16-03', '6575'),
('E16-05', '6575'),
('E16-07', '6575'),
('E27-01', '6575'),
('V05-02', '6575'),
('V06-01', '6575'),
('V08-01', '6575'),
('V28-01', '6575'),
('V28-02', '6575'),
('V28-03', '6575'),
('E09-02', '6575'),
('E09-03', '6575'),
('E09-04', '6575'),
('E09-05', '6575'),
('E14-01', '6575'),
('E14-02', '6575'),
('V05-01', '6575'),
('V05-03', '6575'),
('V06-02', '6575'),
('V06-03', '6575'),
('V28-04', '6575'),
('V28-05', '6575'),
('E01-01', '7535'),
('E02-01', '7535'),
('S01-01', '7535'),
('S02-02', '7535'),
('S03-01', '7535'),
('S08-01', '7535'),
('S08-02', '7535'),
('S08-03', '7535'),
('V01-01', '7535'),
('V02-01', '7535'),
('V03-02', '7535'),
('V04-01', '7535'),
('V04-03', '7535'),
('V04-12', '7535'),
('V04-13', '7535'),
('E03-01', '7535'),
('E03-02', '7535'),
('E04-01', '7535'),
('E05-01', '7535'),
('E08-01', '7535'),
('E08-02', '7535'),
('E08-03', '7535'),
('E08-04', '7535'),
('E08-05', '7535'),
('E08-06', '7535'),
('E11-01', '7535'),
('E12-01', '7535'),
('E12-03', '7535'),
('E26-01', '7535'),
('E28-01', '7535'),
('G01-01', '7535'),
('G02-01', '7535'),
('V06-01', '7535'),
('V10-01', '7535'),
('V10-02', '7535'),
('V10-03', '7535'),
('V11-02', '7535'),
('V12-02', '7535'),
('V13-01', '7535'),
('V27-02', '7535'),
('V28-01', '7535'),
('V28-02', '7535'),
('V28-03', '7535'),
('E03-03', '7535'),
('E03-04', '7535'),
('E03-05', '7535'),
('E06-01', '7535'),
('E07-01', '7535'),
('E07-02', '7535'),
('E12-05', '7535'),
('E28-03', '7535'),
('E28-04', '7535'),
('E33-01', '7535'),
('V05-03', '7535'),
('V21-04', '7535'),
('V26-01', '7535'),
('V27-01', '7535'),
('V27-03', '7535'),
('V28-04', '7535'),
('V28-05', '7535'),
('E01-01', '7535'),
('E02-01', '7535'),
('S01-01', '7535'),
('S02-02', '7535'),
('S03-01', '7535'),
('S08-01', '7535'),
('S08-02', '7535'),
('S08-03', '7535'),
('V01-01', '7535'),
('V02-01', '7535'),
('V03-02', '7535'),
('V04-01', '7535'),
('V04-03', '7535'),
('V04-12', '7535'),
('V04-13', '7535'),
('E03-01', '7535'),
('E03-02', '7535'),
('E03-03', '7535'),
('E04-01', '7535'),
('E05-01', '7535'),
('G02-01', '7535'),
('V06-01', '7535'),
('V10-01', '7535'),
('V10-02', '7535'),
('V10-03', '7535'),
('V11-02', '7535'),
('V12-02', '7535'),
('V13-01', '7535'),
('V27-02', '7535'),
('V28-01', '7535'),
('V28-02', '7535'),
('V28-03', '7535'),
('E06-01', '7535'),
('E07-01', '7535'),
('E07-02', '7535'),
('V05-03', '7535'),
('V21-04', '7535'),
('V26-01', '7535'),
('V27-01', '7535'),
('V27-03', '7535'),
('V28-04', '7535'),
('V28-05', '7535'),
('E01-01', '7573'),
('E02-01', '7573'),
('S01-01', '7573'),
('S02-02', '7573'),
('S03-01', '7573'),
('S08-01', '7573'),
('S08-02', '7573'),
('S08-03', '7573'),
('V01-01', '7573'),
('V02-01', '7573'),
('V03-02', '7573'),
('V04-01', '7573'),
('V04-03', '7573'),
('V04-12', '7573'),
('V04-13', '7573'),
('E03-01', '7573'),
('E03-03', '7573'),
('E04-01', '7573'),
('E05-01', '7573'),
('E12-01', '7573'),
('E12-03', '7573'),
('E24-01', '7573'),
('E28-01', '7573'),
('G01-01', '7573'),
('G02-01', '7573'),
('V06-01', '7573'),
('V11-02', '7573'),
('V12-02', '7573'),
('V13-01', '7573'),
('V27-02', '7573'),
('V28-01', '7573'),
('V28-02', '7573'),
('V28-03', '7573'),
('E03-02', '7573'),
('E03-04', '7573'),
('E03-05', '7573'),
('E06-01', '7573'),
('E07-01', '7573'),
('E07-02', '7573'),
('E12-05', '7573'),
('E24-02', '7573'),
('E24-03', '7573'),
('E28-03', '7573'),
('E28-04', '7573'),
('E33-01', '7573'),
('V05-03', '7573'),
('V21-04', '7573'),
('V26-01', '7573'),
('V27-01', '7573'),
('V27-03', '7573'),
('V28-04', '7573'),
('V28-05', '7573'),
('E01-01', '7575'),
('E02-01', '7575'),
('S01-01', '7575'),
('S02-02', '7575'),
('S03-01', '7575'),
('S08-01', '7575'),
('S08-02', '7575'),
('S08-03', '7575'),
('V01-01', '7575'),
('V02-01', '7575'),
('V03-02', '7575'),
('V04-01', '7575'),
('V04-03', '7575'),
('V04-12', '7575'),
('V04-13', '7575'),
('E03-01', '7575'),
('E04-01', '7575'),
('E05-01', '7575'),
('E08-02', '7575'),
('E08-03', '7575'),
('E08-04', '7575'),
('E08-05', '7575'),
('E08-06', '7575'),
('E11-01', '7575'),
('E12-01', '7575'),
('E24-02', '7575'),
('E26-01', '7575'),
('E28-01', '7575'),
('E28-04', '7575'),
('G01-01', '7575'),
('G02-01', '7575'),
('V06-01', '7575'),
('V10-01', '7575'),
('V10-02', '7575'),
('V10-03', '7575'),
('V11-02', '7575'),
('V12-02', '7575'),
('V13-01', '7575'),
('V27-02', '7575'),
('E03-02', '7575'),
('E03-03', '7575'),
('E03-04', '7575'),
('E03-05', '7575'),
('E07-01', '7575'),
('E07-02', '7575'),
('E12-03', '7575'),
('E12-05', '7575'),
('E24-01', '7575'),
('E24-03', '7575'),
('E28-03', '7575'),
('E33-01', '7575'),
('V05-03', '7575'),
('V11-01', '7575'),
('V21-04', '7575'),
('V26-01', '7575'),
('V27-01', '7575'),
('E01-01', '7577'),
('E02-01', '7577'),
('S01-01', '7577'),
('S02-02', '7577'),
('S03-01', '7577'),
('S08-01', '7577'),
('S08-02', '7577'),
('S08-03', '7577'),
('V01-01', '7577'),
('V02-01', '7577'),
('V03-02', '7577'),
('V04-01', '7577'),
('V04-03', '7577'),
('V04-12', '7577'),
('V04-13', '7577'),
('E04-01', '7577'),
('E05-01', '7577'),
('E24-01', '7577'),
('G01-01', '7577'),
('V06-01', '7577'),
('V11-02', '7577'),
('V12-02', '7577'),
('V13-01', '7577'),
('V27-02', '7577'),
('V28-01', '7577'),
('V28-02', '7577'),
('V28-03', '7577'),
('E06-01', '7577'),
('E24-02', '7577'),
('E24-03', '7577'),
('E28-03', '7577'),
('E28-04', '7577'),
('V05-03', '7577'),
('V27-01', '7577'),
('V28-04', '7577'),
('V28-05', '7577'),
('E01-01', '8355'),
('E02-01', '8355'),
('S01-01', '8355'),
('S02-02', '8355'),
('S03-01', '8355'),
('S08-01', '8355'),
('S08-02', '8355'),
('S08-03', '8355'),
('V01-01', '8355'),
('V02-01', '8355'),
('V03-02', '8355'),
('V04-13', '8355'),
('E18-01', '8355'),
('E18-02', '8355'),
('G01-01', '8355'),
('G02-01', '8355'),
('V06-01', '8355'),
('V14-01', '8355'),
('V15-01', '8355'),
('V15-02', '8355'),
('V15-03', '8355'),
('V16-01', '8355'),
('V18-01', '8355'),
('V18-02', '8355'),
('V19-01', '8355'),
('S10-01', '8355'),
('S10-02', '8355'),
('S10-03', '8355'),
('S12-01', '8355'),
('S12-02', '8355'),
('S16-01', '8355'),
('V14-02', '8355'),
('E01-01', '8532'),
('E02-01', '8532'),
('S01-01', '8532'),
('S02-02', '8532'),
('S03-01', '8532'),
('S08-01', '8532'),
('S08-02', '8532'),
('S08-03', '8532'),
('V01-01', '8532'),
('V02-01', '8532'),
('V03-02', '8532'),
('V04-13', '8532'),
('E18-01', '8532'),
('E18-02', '8532'),
('G01-01', '8532'),
('G02-01', '8532'),
('V06-01', '8532'),
('V14-01', '8532'),
('V15-01', '8532'),
('V15-02', '8532'),
('V15-03', '8532'),
('V18-01', '8532'),
('V18-02', '8532'),
('V19-01', '8532'),
('S10-01', '8532'),
('S10-02', '8532'),
('S10-03', '8532'),
('S16-01', '8532'),
('S18-01', '8532'),
('S18-02', '8532'),
('S18-03', '8532'),
('V14-02', '8532'),
('E01-01', '8534'),
('E02-01', '8534'),
('S01-01', '8534'),
('S02-02', '8534'),
('S03-01', '8534'),
('S08-01', '8534'),
('S08-02', '8534'),
('S08-03', '8534'),
('V01-01', '8534'),
('V02-01', '8534'),
('V03-02', '8534'),
('V04-01', '8534'),
('V04-13', '8534'),
('V06-01', '8534'),
('S10-01', '8534'),
('S10-02', '8534'),
('S10-03', '8534'),
('S16-01', '8534'),
('E01-01', '8536'),
('E02-01', '8536'),
('S01-01', '8536'),
('S02-02', '8536'),
('S03-01', '8536'),
('S08-01', '8536'),
('S08-02', '8536'),
('S08-03', '8536'),
('V01-01', '8536'),
('V02-01', '8536'),
('V03-02', '8536'),
('V04-13', '8536'),
('E18-01', '8536'),
('E18-02', '8536'),
('G01-01', '8536'),
('G02-01', '8536'),
('V06-01', '8536'),
('V14-01', '8536'),
('V15-01', '8536'),
('V15-02', '8536'),
('V15-03', '8536'),
('V16-01', '8536'),
('V18-01', '8536'),
('V18-02', '8536'),
('V19-01', '8536'),
('S10-01', '8536'),
('S10-02', '8536'),
('S10-03', '8536'),
('S16-01', '8536'),
('S18-01', '8536'),
('S18-02', '8536'),
('S18-03', '8536'),
('V14-02', '8536'),
('E01-01', '8538'),
('E02-01', '8538'),
('S01-01', '8538'),
('S02-02', '8538'),
('S03-01', '8538'),
('S08-01', '8538'),
('S08-02', '8538'),
('S08-03', '8538'),
('V01-01', '8538'),
('V02-01', '8538'),
('V03-02', '8538'),
('V04-13', '8538'),
('E18-01', '8538'),
('E18-02', '8538'),
('G01-01', '8538'),
('G02-01', '8538'),
('V06-01', '8538'),
('V14-01', '8538'),
('V15-01', '8538'),
('V15-02', '8538'),
('V15-03', '8538'),
('V16-01', '8538'),
('V18-01', '8538'),
('V18-02', '8538'),
('V19-01', '8538'),
('S10-01', '8538'),
('S10-02', '8538'),
('S10-03', '8538'),
('S12-01', '8538'),
('S12-02', '8538'),
('S16-01', '8538'),
('V14-02', '8538'),
('E01-01', '8575'),
('E02-01', '8575'),
('S01-01', '8575'),
('S02-02', '8575'),
('S03-01', '8575'),
('S08-01', '8575'),
('S08-02', '8575'),
('S08-03', '8575'),
('V01-01', '8575'),
('V02-01', '8575'),
('V03-02', '8575'),
('V04-13', '8575'),
('E18-01', '8575'),
('E18-02', '8575'),
('G01-01', '8575'),
('G02-01', '8575'),
('V06-01', '8575'),
('V14-01', '8575'),
('V15-01', '8575'),
('V15-02', '8575'),
('V15-03', '8575'),
('V16-01', '8575'),
('V18-01', '8575'),
('V18-02', '8575'),
('V19-01', '8575'),
('S10-01', '8575'),
('S10-02', '8575'),
('S10-03', '8575'),
('S16-01', '8575'),
('S18-01', '8575'),
('S18-02', '8575'),
('S18-03', '8575'),
('V14-02', '8575'),
('E01-01', '8633'),
('E02-01', '8633'),
('S01-01', '8633'),
('S02-02', '8633'),
('S03-01', '8633'),
('S08-01', '8633'),
('S08-02', '8633'),
('S08-03', '8633'),
('V01-01', '8633'),
('V02-01', '8633'),
('V03-02', '8633'),
('V04-01', '8633'),
('V04-12', '8633'),
('V04-13', '8633'),
('E04-01', '8633'),
('E11-01', '8633'),
('E11-02', '8633'),
('E16-01', '8633'),
('E16-03', '8633'),
('E16-05', '8633'),
('E16-07', '8633'),
('E27-01', '8633'),
('E28-01', '8633'),
('V22-01', '8633'),
('V22-02', '8633'),
('V11-02', '8633'),
('V12-02', '8633'),
('E28-03', '8633'),
('E01-01', '8637'),
('E02-01', '8637'),
('S01-01', '8637'),
('S02-02', '8637'),
('S03-01', '8637'),
('S08-01', '8637'),
('S08-02', '8637'),
('S08-03', '8637'),
('V01-01', '8637'),
('V02-01', '8637'),
('V03-02', '8637'),
('V04-13', '8637'),
('E04-01', '8637'),
('E01-01', '8671'),
('E02-01', '8671'),
('S01-01', '8671'),
('S02-02', '8671'),
('S03-01', '8671'),
('S08-01', '8671'),
('S08-02', '8671'),
('S08-03', '8671'),
('V01-01', '8671'),
('V02-01', '8671'),
('V03-02', '8671'),
('V04-01', '8671'),
('V04-12', '8671'),
('V04-13', '8671'),
('E04-01', '8671'),
('E11-01', '8671'),
('E11-02', '8671'),
('E16-01', '8671'),
('E16-03', '8671'),
('E16-05', '8671'),
('E16-07', '8671'),
('E27-01', '8671'),
('E28-01', '8671'),
('V11-02', '8671'),
('V12-02', '8671'),
('V22-01', '8671'),
('V22-02', '8671'),
('E28-03', '8671'),
('V35-01', '8671'),
('E01-01', '8672'),
('E02-01', '8672'),
('S01-01', '8672'),
('S02-02', '8672'),
('S03-01', '8672'),
('S08-01', '8672'),
('S08-02', '8672'),
('S08-03', '8672'),
('V01-01', '8672'),
('V02-01', '8672'),
('V03-02', '8672'),
('V04-01', '8672'),
('V04-12', '8672'),
('V04-13', '8672'),
('E04-01', '8672'),
('E11-01', '8672'),
('E11-02', '8672'),
('E16-01', '8672'),
('E16-03', '8672'),
('E16-05', '8672'),
('E16-07', '8672'),
('E27-01', '8672'),
('E28-01', '8672'),
('V11-02', '8672'),
('V12-02', '8672'),
('V22-01', '8672'),
('V22-02', '8672'),
('E28-03', '8672'),
('V35-01', '8672'),
('E01-01', '8673'),
('E02-01', '8673'),
('S01-01', '8673'),
('S02-02', '8673'),
('S03-01', '8673'),
('S08-01', '8673'),
('S08-02', '8673'),
('S08-03', '8673'),
('V01-01', '8673'),
('V02-01', '8673'),
('V03-02', '8673'),
('V04-01', '8673'),
('V04-12', '8673'),
('V04-13', '8673'),
('E04-01', '8673'),
('E11-01', '8673'),
('E11-02', '8673'),
('E16-01', '8673'),
('E16-03', '8673'),
('E16-05', '8673'),
('E16-07', '8673'),
('E27-01', '8673'),
('E28-01', '8673'),
('V11-02', '8673'),
('V12-02', '8673'),
('V22-01', '8673'),
('V22-02', '8673'),
('E28-03', '8673'),
('V35-01', '8673'),
('E01-01', '8674'),
('E02-01', '8674'),
('S01-01', '8674'),
('S02-02', '8674'),
('S03-01', '8674'),
('S08-01', '8674'),
('S08-02', '8674'),
('S08-03', '8674'),
('V01-01', '8674'),
('V02-01', '8674'),
('V03-02', '8674'),
('V04-01', '8674'),
('V04-12', '8674'),
('V04-13', '8674'),
('E04-01', '8674'),
('E11-01', '8674'),
('E11-02', '8674'),
('E16-01', '8674'),
('E16-03', '8674'),
('E16-05', '8674'),
('E16-07', '8674'),
('E27-01', '8674'),
('E28-01', '8674'),
('V11-02', '8674'),
('V12-02', '8674'),
('V22-01', '8674'),
('V22-02', '8674'),
('E28-03', '8674'),
('V35-01', '8674'),
('E01-01', '8675'),
('E02-01', '8675'),
('S01-01', '8675'),
('S02-02', '8675'),
('S03-01', '8675'),
('S08-01', '8675'),
('S08-02', '8675'),
('S08-03', '8675'),
('V01-01', '8675'),
('V02-01', '8675'),
('V03-02', '8675'),
('V04-01', '8675'),
('V04-12', '8675'),
('V04-13', '8675'),
('E04-01', '8675'),
('E11-01', '8675'),
('E11-02', '8675'),
('E16-01', '8675'),
('E16-03', '8675'),
('E16-05', '8675'),
('E16-07', '8675'),
('E27-01', '8675'),
('E28-01', '8675'),
('V11-02', '8675'),
('V12-02', '8675'),
('V22-01', '8675'),
('V22-02', '8675'),
('E28-03', '8675'),
('V35-01', '8675'),
('E01-01', '8676'),
('E02-01', '8676'),
('S01-01', '8676'),
('S02-02', '8676'),
('S03-01', '8676'),
('S08-01', '8676'),
('S08-02', '8676'),
('S08-03', '8676'),
('V01-01', '8676'),
('V02-01', '8676'),
('V03-02', '8676'),
('V04-01', '8676'),
('V04-12', '8676'),
('V04-13', '8676'),
('E04-01', '8676'),
('E11-01', '8676'),
('E11-02', '8676'),
('E16-01', '8676'),
('E16-03', '8676'),
('E16-05', '8676'),
('E16-07', '8676'),
('E27-01', '8676'),
('E28-01', '8676'),
('V11-02', '8676'),
('V12-02', '8676'),
('V22-01', '8676'),
('V22-02', '8676'),
('E28-03', '8676'),
('V35-01', '8676'),
('E01-01', '8677'),
('E02-01', '8677'),
('S01-01', '8677'),
('S02-02', '8677'),
('S03-01', '8677'),
('S08-01', '8677'),
('S08-02', '8677'),
('S08-03', '8677'),
('V01-01', '8677'),
('V02-01', '8677'),
('V03-02', '8677'),
('V04-01', '8677'),
('V04-12', '8677'),
('V04-13', '8677'),
('E04-01', '8677'),
('E11-01', '8677'),
('E11-02', '8677'),
('E16-01', '8677'),
('E16-03', '8677'),
('E16-05', '8677'),
('E16-07', '8677'),
('E27-01', '8677'),
('E28-01', '8677'),
('V11-02', '8677'),
('V12-02', '8677'),
('V22-01', '8677'),
('V22-02', '8677'),
('E28-03', '8677'),
('V35-01', '8677'),
('E01-01', '8771'),
('E02-01', '8771'),
('S01-01', '8771'),
('S02-02', '8771'),
('S03-01', '8771'),
('S08-01', '8771'),
('S08-02', '8771'),
('S08-03', '8771'),
('V01-01', '8771'),
('V02-01', '8771'),
('V03-02', '8771'),
('V04-09', '8771'),
('V04-12', '8771'),
('V04-13', '8771'),
('E18-01', '8771'),
('E18-02', '8771'),
('G01-01', '8771'),
('G02-01', '8771'),
('V06-01', '8771'),
('V15-03', '8771'),
('V16-01', '8771'),
('V18-01', '8771'),
('V19-01', '8771'),
('S10-01', '8771'),
('S10-02', '8771'),
('S10-03', '8771'),
('S12-01', '8771'),
('S12-02', '8771'),
('S16-01', '8771'),
('E01-01', '8773'),
('E02-01', '8773'),
('S01-01', '8773'),
('S02-02', '8773'),
('S03-01', '8773'),
('S08-01', '8773'),
('S08-02', '8773'),
('S08-03', '8773'),
('V01-01', '8773'),
('V02-01', '8773'),
('V03-02', '8773'),
('V04-09', '8773'),
('V04-12', '8773'),
('V04-13', '8773'),
('E01-01', '8775'),
('E02-01', '8775'),
('S01-01', '8775'),
('S02-02', '8775'),
('S03-01', '8775'),
('S08-01', '8775'),
('S08-02', '8775'),
('S08-03', '8775'),
('V01-01', '8775'),
('V02-01', '8775'),
('V03-02', '8775'),
('V04-09', '8775'),
('V04-12', '8775'),
('V04-13', '8775'),
('E18-01', '8775'),
('E18-02', '8775'),
('G01-01', '8775'),
('G02-01', '8775'),
('S12-01', '8775'),
('S12-02', '8775'),
('V06-01', '8775'),
('V15-03', '8775'),
('V16-01', '8775'),
('V18-01', '8775'),
('V18-02', '8775'),
('V19-01', '8775'),
('S10-01', '8775'),
('S10-02', '8775'),
('S10-03', '8775'),
('S16-01', '8775'),
('E01-01', '8777'),
('E02-01', '8777'),
('S01-01', '8777'),
('S02-02', '8777'),
('S03-01', '8777'),
('S08-01', '8777'),
('S08-02', '8777'),
('S08-03', '8777'),
('V01-01', '8777'),
('V02-01', '8777'),
('V03-02', '8777'),
('V04-09', '8777'),
('V04-12', '8777'),
('V04-13', '8777'),
('G01-01', '8777'),
('G02-01', '8777'),
('S20-01', '8777'),
('S21-01', '8777'),
('S22-01', '8777'),
('V06-01', '8777'),
('V15-03', '8777'),
('S10-01', '8777'),
('S10-02', '8777'),
('S10-03', '8777'),
('S12-03', '8777'),
('S16-01', '8777'),
('E01-01', '8779'),
('E02-01', '8779'),
('S01-01', '8779'),
('S02-02', '8779'),
('S03-01', '8779'),
('S08-01', '8779'),
('S08-02', '8779'),
('S08-03', '8779'),
('V01-01', '8779'),
('V02-01', '8779'),
('V03-02', '8779'),
('V04-09', '8779'),
('V04-12', '8779'),
('V04-13', '8779'),
('G01-01', '8779'),
('G02-01', '8779'),
('V06-01', '8779'),
('V14-01', '8779'),
('V14-02', '8779'),
('V15-01', '8779'),
('V15-02', '8779'),
('V15-03', '8779'),
('V16-01', '8779'),
('V18-01', '8779'),
('V18-02', '8779'),
('V19-01', '8779'),
('V19-01', '8779'),
('S10-01', '8779'),
('S10-02', '8779'),
('S10-03', '8779'),
('S12-01', '8779'),
('S12-02', '8779'),
('S16-01', '8779'),
('E01-01', '8985'),
('E02-01', '8985'),
('S01-01', '8985'),
('S02-02', '8985'),
('S03-01', '8985'),
('S08-01', '8985'),
('S08-02', '8985'),
('S08-03', '8985'),
('V01-01', '8985'),
('V02-01', '8985'),
('V03-02', '8985'),
('V04-09', '8985'),
('V04-12', '8985'),
('V04-13', '8985'),
('E18-01', '8985'),
('E18-02', '8985'),
('G01-01', '8985'),
('G02-01', '8985'),
('V06-01', '8985'),
('V15-03', '8985'),
('V16-01', '8985'),
('V18-01', '8985'),
('V19-01', '8985'),
('V19-01', '8985'),
('S10-01', '8985'),
('S10-02', '8985'),
('S10-03', '8985'),
('S12-01', '8985'),
('S12-02', '8985'),
('S16-01', '8985'),
('E01-01', '8995'),
('E02-01', '8995'),
('S01-01', '8995'),
('S02-02', '8995'),
('S03-01', '8995'),
('S08-01', '8995'),
('S08-02', '8995'),
('S08-03', '8995'),
('V01-01', '8995'),
('V02-01', '8995'),
('V03-02', '8995'),
('V04-09', '8995'),
('V04-12', '8995'),
('V04-13', '8995'),
('E18-01', '8995'),
('E18-02', '8995'),
('G01-01', '8995'),
('G02-01', '8995'),
('V06-01', '8995'),
('V15-03', '8995'),
('V16-01', '8995'),
('V18-01', '8995'),
('V19-01', '8995'),
('V19-01', '8995'),
('S10-01', '8995'),
('S10-02', '8995'),
('S10-03', '8995'),
('S12-01', '8995'),
('S12-02', '8995'),
('S16-01', '8995'),
('E01-01', '9533'),
('E02-01', '9533'),
('S01-01', '9533'),
('S02-02', '9533'),
('S03-01', '9533'),
('S08-01', '9533'),
('S08-02', '9533'),
('S08-03', '9533'),
('V01-01', '9533'),
('V02-01', '9533'),
('V03-02', '9533'),
('V04-01', '9533'),
('V04-12', '9533'),
('V04-13', '9533'),
('G01-01', '9533'),
('V06-01', '9533'),
('V12-02', '9533'),
('S11-01', '9533'),
('V27-01', '9533'),
('S09-01', '9533'),
('E04-01', '9533'),
('V27-02', '9533'),
('E01-01', '9535'),
('E02-01', '9535'),
('S01-01', '9535'),
('S02-02', '9535'),
('S03-01', '9535'),
('S08-01', '9535'),
('S08-02', '9535'),
('S08-03', '9535'),
('V01-01', '9535'),
('V02-01', '9535'),
('V03-02', '9535'),
('V04-01', '9535'),
('V04-12', '9535'),
('V04-13', '9535'),
('G01-01', '9535'),
('S09-01', '9535'),
('V05-03', '9535'),
('V06-01', '9535'),
('V07-06', '9535'),
('V12-02', '9535'),
('V27-01', '9535'),
('V27-02', '9535'),
('E01-01', '9537'),
('E02-01', '9537'),
('S01-01', '9537'),
('S02-02', '9537'),
('S03-01', '9537'),
('S08-01', '9537'),
('S08-02', '9537'),
('S08-03', '9537'),
('V01-01', '9537'),
('V02-01', '9537'),
('V03-02', '9537'),
('V04-01', '9537'),
('V04-02', '9537'),
('V04-05', '9537'),
('V04-06', '9537'),
('V04-12', '9537'),
('V04-13', '9537'),
('G01-01', '9537'),
('S09-01', '9537'),
('V05-03', '9537'),
('V06-01', '9537'),
('V07-05', '9537'),
('V07-06', '9537'),
('V12-02', '9537'),
('E01-01', '9572'),
('E02-01', '9572'),
('S01-01', '9572'),
('S02-02', '9572'),
('S03-01', '9572'),
('S08-01', '9572'),
('S08-02', '9572'),
('S08-03', '9572'),
('V01-01', '9572'),
('V02-01', '9572'),
('V03-02', '9572'),
('V04-01', '9572'),
('V04-05', '9572'),
('V04-06', '9572'),
('V04-12', '9572'),
('V04-13', '9572'),
('E03-01', '9572'),
('E04-01', '9572'),
('E05-01', '9572'),
('E09-01', '9572'),
('E10-01', '9572'),
('E10-02', '9572'),
('E13-01', '9572'),
('E28-01', '9572'),
('G01-01', '9572'),
('S05-01', '9572'),
('S06-01', '9572'),
('S06-02', '9572'),
('S06-03', '9572'),
('S07-04', '9572'),
('S09-02', '9572'),
('V06-01', '9572'),
('V12-02', '9572'),
('V17-01', '9572'),
('V24-01', '9572'),
('V28-01', '9572'),
('V28-02', '9572'),
('E03-04', '9572'),
('E03-05', '9572'),
('E03-09', '9572'),
('E03-10', '9572'),
('E06-01', '9572'),
('E09-02', '9572'),
('E09-03', '9572'),
('E09-04', '9572'),
('E09-05', '9572'),
('E10-03', '9572'),
('E10-04', '9572'),
('E10-05', '9572'),
('E14-01', '9572'),
('E14-02', '9572'),
('E28-02', '9572'),
('E28-03', '9572'),
('E28-04', '9572'),
('E33-01', '9572'),
('E33-02', '9572'),
('S05-02', '9572'),
('S05-03', '9572'),
('V05-03', '9572'),
('V13-01', '9572'),
('V21-02', '9572'),
('V28-03', '9572'),
('V28-04', '9572'),
('V28-05', '9572'),
('E01-01', '9574'),
('E02-01', '9574'),
('S01-01', '9574'),
('S02-02', '9574'),
('S03-01', '9574'),
('S08-01', '9574'),
('S08-02', '9574'),
('S08-03', '9574'),
('V01-01', '9574'),
('V02-01', '9574'),
('V03-02', '9574'),
('V04-01', '9574'),
('V04-05', '9574'),
('V04-06', '9574'),
('V04-12', '9574'),
('V04-13', '9574'),
('E03-01', '9574'),
('E04-01', '9574'),
('E05-01', '9574'),
('E09-01', '9574'),
('E10-01', '9574'),
('E10-02', '9574'),
('E13-01', '9574'),
('E28-01', '9574'),
('G01-01', '9574'),
('S05-01', '9574'),
('S06-01', '9574'),
('S06-02', '9574'),
('S06-03', '9574'),
('S07-04', '9574'),
('S09-02', '9574'),
('V06-01', '9574'),
('V12-02', '9574'),
('V17-01', '9574'),
('V24-01', '9574'),
('V28-01', '9574'),
('V28-02', '9574'),
('E03-04', '9574'),
('E03-05', '9574'),
('E03-09', '9574'),
('E03-10', '9574'),
('E06-01', '9574'),
('E09-02', '9574'),
('E09-03', '9574'),
('E09-04', '9574'),
('E09-05', '9574'),
('E10-03', '9574'),
('E10-04', '9574'),
('E10-05', '9574'),
('E14-01', '9574'),
('E14-02', '9574'),
('E28-02', '9574'),
('E28-03', '9574'),
('E28-04', '9574'),
('E33-01', '9574'),
('E33-02', '9574'),
('S05-02', '9574'),
('S05-03', '9574'),
('V05-03', '9574'),
('V13-01', '9574'),
('V21-02', '9574'),
('V28-03', '9574'),
('V28-04', '9574'),
('V28-05', '9574'),
('E01-01', '9576'),
('E02-01', '9576'),
('S01-01', '9576'),
('S02-02', '9576'),
('S03-01', '9576'),
('S08-01', '9576'),
('S08-02', '9576'),
('S08-03', '9576'),
('V01-01', '9576'),
('V02-01', '9576'),
('V03-02', '9576'),
('V04-01', '9576'),
('V04-05', '9576'),
('V04-06', '9576'),
('V04-12', '9576'),
('V04-13', '9576'),
('E04-01', '9576'),
('E05-01', '9576'),
('E13-01', '9576'),
('E33-01', '9576'),
('S06-01', '9576'),
('S06-02', '9576'),
('S06-03', '9576'),
('S09-02', '9576'),
('V05-03', '9576'),
('V06-01', '9576'),
('V12-02', '9576'),
('V17-01', '9576'),
('V24-01', '9576'),
('V28-01', '9576'),
('V28-02', '9576'),
('E06-01', '9576'),
('E09-04', '9576'),
('E09-05', '9576'),
('E13-03', '9576'),
('E13-04', '9576'),
('E13-05', '9576'),
('E13-06', '9576'),
('E13-07', '9576'),
('E14-01', '9576'),
('E14-02', '9576'),
('E22-01', '9576'),
('E23-01', '9576'),
('E23-02', '9576'),
('V13-01', '9576'),
('V21-02', '9576'),
('V28-03', '9576'),
('V28-04', '9576'),
('V28-05', '9576'),
('E01-01', '9578'),
('E02-01', '9578'),
('S01-01', '9578'),
('S02-02', '9578'),
('S03-01', '9578'),
('S08-01', '9578'),
('S08-02', '9578'),
('S08-03', '9578'),
('V01-01', '9578'),
('V02-01', '9578'),
('V03-02', '9578'),
('V04-01', '9578'),
('V04-05', '9578'),
('V04-06', '9578'),
('V04-12', '9578'),
('V04-13', '9578'),
('E03-01', '9578'),
('E04-01', '9578'),
('E05-01', '9578'),
('E09-01', '9578'),
('E10-01', '9578'),
('E10-02', '9578'),
('E13-01', '9578'),
('E28-01', '9578'),
('G01-01', '9578'),
('S05-01', '9578'),
('S06-01', '9578'),
('S06-02', '9578'),
('S06-03', '9578'),
('S07-04', '9578'),
('S09-02', '9578'),
('V06-01', '9578'),
('V12-02', '9578'),
('V17-01', '9578'),
('V24-01', '9578'),
('V28-01', '9578'),
('V28-02', '9578'),
('E03-04', '9578'),
('E03-05', '9578'),
('E03-09', '9578'),
('E03-10', '9578'),
('E06-01', '9578'),
('E09-02', '9578'),
('E09-03', '9578'),
('E09-04', '9578'),
('E09-05', '9578'),
('E10-03', '9578'),
('E10-04', '9578'),
('E10-05', '9578'),
('E14-01', '9578'),
('E14-02', '9578'),
('E28-02', '9578'),
('E28-03', '9578'),
('E28-04', '9578'),
('E33-01', '9578'),
('E33-02', '9578'),
('S05-02', '9578'),
('S05-03', '9578'),
('V05-03', '9578'),
('V13-01', '9578'),
('V21-02', '9578'),
('V28-03', '9578'),
('V28-04', '9578');

-- --------------------------------------------------------

--
-- Table structure for table `locales`
--

CREATE TABLE IF NOT EXISTS `locales` (
  `id` int(11) NOT NULL AUTO_INCREMENT,
  `code` varchar(7) NOT NULL,
  `name` varchar(255) NOT NULL,
  `currency_name` varchar(255) NOT NULL,
  `currency_code` varchar(3) NOT NULL,
  PRIMARY KEY (`id`),
  UNIQUE KEY `code` (`code`)
) ENGINE=InnoDB  DEFAULT CHARSET=latin1 AUTO_INCREMENT=100 ;

--
-- Dumping data for table `locales`
--

INSERT INTO `locales` (`id`, `code`, `name`, `currency_name`, `currency_code`) VALUES
(1, 'ar_AE', 'Arabic (United Arab Emirates)', 'UAE Dirham', 'AED'),
(2, 'ar_BH', 'Arabic (Bahrain)', 'Bahraini Dinar', 'BHD'),
(3, 'ar_JO', 'Arabic (Jordan)', 'Jordanian Dinar', 'JOD'),
(4, 'ar_KW', 'Arabic (Kuwait)', 'Kuwaiti Dinar', 'KWD'),
(5, 'ar_LB', 'Arabic (Lebanon)', 'Lebanese Pound', 'LBP'),
(6, 'ar_SA', 'Arabic (Saudi Arabia)', 'Saudi Arabian Riyal', 'SAR'),
(7, 'bg_BG', 'Bulgarian (Bulgaria)', 'Bulgaria Lev', 'BGN'),
(8, 'ca_ES', 'Catalan (Spain)', 'Euro', 'EUR'),
(9, 'cs_CZ', 'Czech (Czech Republic)', 'Czech Koruna', 'CZK'),
(10, 'da_DK', 'Danish (Denmark)', 'Danish Krone', 'DKK'),
(11, 'de_AT', 'German (Austria)', 'Euro', 'EUR'),
(12, 'de_CH', 'German (Switzerland)', 'Swiss Franc', 'CHF'),
(13, 'de_DE', 'German (Germany)', 'Euro', 'EUR'),
(14, 'de_LU', 'German (Luxembourg)', 'Euro', 'EUR'),
(15, 'el_GR', 'Greek (Greece)', 'Euro', 'EUR'),
(16, 'en_AU', 'English (Australia)', 'Australian Dollar', 'AUD'),
(17, 'en_BB', 'English (Barbados)', 'Barbados Dollar', 'BBD'),
(18, 'en_BM', 'English (Bermuda)', 'Bermuda Dollar', 'BMD'),
(19, 'en_CA', 'English (Canada)', 'Canadian Dollar', 'CAD'),
(20, 'en_GB', 'English (United Kingdom)', 'British Pound', 'GBP'),
(21, 'en_GH', 'English (Ghana)', 'Ghanian Cedi (New)', 'GHS'),
(22, 'en_ID', 'English (Indonesia)', 'Indonesian Rupiah', 'IDR'),
(23, 'en_IE', 'English (Ireland)', 'Euro', 'EUR'),
(24, 'en_IN', 'English (India)', 'Indian rupee', 'INR'),
(25, 'en_MY', 'English (Malaysia)', 'Malaysian Dollar (Ringgit)', 'MYR'),
(26, 'en_NG', 'English (Nigeria)', 'Nigerian Naira', 'NGN'),
(27, 'en_NZ', 'English (New Zealand)', 'New Zealand Dollar', 'NZD'),
(28, 'en_PH', 'English (Philippines)', 'Philippines Peso', 'PHP'),
(29, 'en_SG', 'English (Singapore)', 'Singapore Dollar', 'SGD'),
(30, 'en_US', 'English (United States)', 'U.S. Dollar', 'USD'),
(31, 'en_ZA', 'English (South Africa)', 'South African Rand', 'ZAR'),
(32, 'es_AR', 'Spanish (Argentina)', 'Argentine Peso', 'ARS'),
(33, 'es_BO', 'Spanish (Bolivia)', 'Bolivian Boliviano', 'BOB'),
(34, 'es_CL', 'Spanish (Chile)', 'Chilean Peso', 'CLP'),
(35, 'es_CO', 'Spanish (Colombia)', 'Colombian Peso', 'COP'),
(36, 'es_CR', 'Spanish (Costa Rica)', 'Costa Rica Colon', 'CRC'),
(37, 'es_DO', 'Spanish (Dominican Republic)', 'Dominican Republic Peso', 'DOP'),
(38, 'es_EC', 'Spanish (Ecuador)', 'CFA Franc (BEAC)', 'XAF'),
(39, 'es_ES', 'Spanish (Spain)', 'Euro', 'EUR'),
(40, 'es_GT', 'Spanish (Guatemala)', 'Guatemala Quetzal', 'GTQ'),
(41, 'es_HN', 'Spanish (Honduras)', 'Honduras Lempira', 'HNL'),
(42, 'es_MX', 'Spanish (Mexico)', 'Mexican Unidad de Inversion (UDI)', 'MXV'),
(43, 'es_PA', 'Spanish (Panama)', 'Panama Balboa', 'PAB'),
(44, 'es_PE', 'Spanish (Peru)', 'Peruvian Nuevo Sol', 'PEN'),
(45, 'es_PR', 'Spanish (Puerto Rico)', 'U.S. Dollar', 'USD'),
(46, 'es_PY', 'Spanish (Paraguay)', 'Paraguayan Guarani', 'PYG'),
(47, 'es_SVUS', 'Spanish (El Salvador)', 'U.S. Dollar', 'USD'),
(48, 'es_UY', 'Spanish (Uruguay)', 'Uruguayan New Peso', 'UYU'),
(49, 'es_VE', 'Spanish (Venezuela)', 'Venezuelan Bolivar Fuerte', 'VEF'),
(50, 'et_EE', 'Estonian (Estonia)', 'Estonian Kroon', 'EEK'),
(51, 'fi_FI', 'Finnish (Finland)', 'Euro', 'EUR'),
(52, 'fr_BE', 'French (Belgium)', 'Euro', 'EUR'),
(53, 'fr_CA', 'French (Canada)', 'Canadian Dollar', 'CAD'),
(54, 'fr_CH', 'French (Switzerland)', 'Swiss Franc', 'CHF'),
(55, 'fr_FR', 'French (France)', 'Euro', 'EUR'),
(56, 'fr_LU', 'French (Luxembourg)', 'Euro', 'EUR'),
(57, 'fr_MC', 'French (Monaco)', 'Moroccan Dirham', 'MAD'),
(58, 'ga_IE', 'Irish (Ireland)', 'Euro', 'EUR'),
(59, 'hr_HR', 'Croatian (Croatia)', 'Croatian Kuna', 'HRK'),
(60, 'hu_HU', 'Hungarian (Hungary)', 'Hungarian Forint', 'HUF'),
(61, 'hy_AM', 'Armenian (Armenia)', 'Armenian Dram', 'AMD'),
(62, 'in_ID', 'Indonesian (Indonesia)', 'Indonesian Rupiah', 'IDR'),
(63, 'is_IS', 'Icelandic (Iceland)', 'Iceland Krona', 'ISK'),
(64, 'it_CH', 'Italian (Switzerland)', 'Swiss Franc', 'CHF'),
(65, 'it_IT', 'Italian (Italy)', 'Euro', 'EUR'),
(66, 'iw_IL', 'Hebrew (Israel)', 'Israeli Shekel', 'ILS'),
(67, 'ja_JP', 'Japanese (Japan)', 'Japanese Yen', 'JPY'),
(68, 'ka_GE', 'Georgian (Georgia)', 'Georgian Lari', 'GEL'),
(69, 'kk_KZ', 'Kazakh (Kazakhstan)', 'Kazakhstan Tenge', 'KZT'),
(70, 'km_KH', 'Khmer (Cambodia)', 'Cambodia Riel', 'KHR'),
(71, 'ko_KR', 'Korean (South Korea)', 'Korean Won', 'KRW'),
(72, 'lt_LT', 'Lithuanian (Lithuania)', 'Lithuanian Lita', 'LTL'),
(73, 'lv_LV', 'Latvian (Latvia)', 'Latvian Lat', 'LVL'),
(74, 'ms_MY', 'Malay (Malaysia)', 'Malaysian Ringgit', 'MYR'),
(75, 'nl_BE', 'Dutch (Belgium)', 'Euro', 'EUR'),
(76, 'nl_NL', 'Dutch (Netherlands)', 'Euro', 'EUR'),
(77, 'nl_SR', 'Dutch (Suriname)', 'Surinam Dollar', 'SRD'),
(78, 'no_NO', 'Norwegian (Norway)', 'Norwegian Krone', 'NOK'),
(79, 'pt_AO', 'Portuguese (Angola)', 'Angola Kwanza', 'AOA'),
(80, 'pt_BR', 'Portuguese (Brazil)', 'Brazilian Real', 'BRL'),
(81, 'pt_PT', 'Portuguese (Portugal)', 'Euro', 'EUR'),
(82, 'ro_RO', 'Romanian (Romania)', 'Romanian Leu (New)', 'RON'),
(83, 'ru_RU', 'Russian (Russia)', 'Russian Rouble', 'RUB'),
(84, 'sh_BA', 'Serbian (Latin) (Bosnia and Herzegovina)', 'Convertible Mark', 'BAM'),
(85, 'sh_CS', 'Serbian (Latin) (Serbia and Montenegro)', 'Serbian Dinar (Serbia)', 'RSD'),
(86, 'sk_SK', 'Slovak (Slovakia)', 'Euro', 'EUR'),
(87, 'sl_SI', 'Slovenian (Slovenia)', 'Euro', 'EUR'),
(88, 'sr_BA', 'Serbian (Bosnia and Herzegovina)', 'Convertible Mark', 'BAM'),
(89, 'sr_CS', 'Serbian (Serbia and Montenegro)', 'Serbian Dinar (Serbia)', 'RSD'),
(90, 'sv_SE', 'Swedish (Sweden)', 'Swedish Krona', 'SEK'),
(91, 'th_TH', 'Thai (Thailand)', 'Thai Baht', 'THB'),
(92, 'tl_PH', 'Tagalog (Philippines)', 'Philippines Peso', 'PHP'),
(93, 'tr_TR', 'Turkish (Turkey)', 'Turkish Lira', 'TRY'),
(94, 'uk_UA', 'Ukrainian (Ukraine)', 'Ukraine Hryvnia', 'UAH'),
(95, 'ur_PK', 'Urdu (Pakistan)', 'Pakistani Rupee', 'PKR'),
(96, 'vi_VN', 'Vietnamese (Vietnam)', 'Vietnam Dong', 'VND'),
(97, 'zh_CN', 'Chinese (China)', 'Chinese Yuan', 'CNY'),
(98, 'zh_HK', 'Chinese (Hong Kong)', 'Hong Kong Dollar', 'HKD'),
(99, 'zh_TW', 'Chinese (Taiwan)', 'Taiwan Dollar', 'TWD');

-- --------------------------------------------------------

--
-- Table structure for table `logs`
--

CREATE TABLE IF NOT EXISTS `logs` (
  `lid` int(11) NOT NULL AUTO_INCREMENT,
  `uid` int(11) NOT NULL DEFAULT '0',
  `ip_address` char(20) NOT NULL DEFAULT '0',
  `created` varchar(25) NOT NULL DEFAULT '',
  `log` varchar(254) NOT NULL DEFAULT '0',
  PRIMARY KEY (`lid`)
) ENGINE=InnoDB  DEFAULT CHARSET=latin1 AUTO_INCREMENT=55 ;

--
-- Dumping data for table `logs`
--

INSERT INTO `logs` (`lid`, `uid`, `ip_address`, `created`, `log`) VALUES
(1, 1, '127.0.0.1', '2013-05-14T10:25:11-04:00', 'has logged in.'),
(2, 1, '127.0.0.1', '2013-05-14T10:25:25-04:00', 'has logged in.'),
(3, 1, '127.0.0.1', '2013-05-14T10:26:21-04:00', 'has logged in.'),
(4, 1, '127.0.0.1', '2013-05-14T10:29:23-04:00', 'has logged in.'),
(5, 232, '127.0.0.1', '2013-05-14T10:30:20-04:00', 'has logged in.'),
(6, 232, '127.0.0.1', '2013-05-14T11:03:32-04:00', 'Company deleted: 1'),
(7, 232, '127.0.0.1', '2013-05-14T11:04:25-04:00', 'Company deleted: 157'),
(8, 232, '127.0.0.1', '2013-05-14T11:09:17-04:00', 'Company deleted: 157'),
(9, 232, '127.0.0.1', '2013-05-14T11:10:25-04:00', 'Company deleted: 242'),
(10, 232, '127.0.0.1', '2013-05-14T11:15:47-04:00', 'Company deleted: 160'),
(11, 232, '127.0.0.1', '2013-05-14T11:16:38-04:00', 'Company deleted: 2'),
(12, 232, '127.0.0.1', '2013-05-14T11:19:46-04:00', 'Company deleted: 159'),
(13, 232, '127.0.0.1', '2013-05-14T11:21:07-04:00', 'Company deleted: 1'),
(14, 232, '127.0.0.1', '2013-05-14T11:21:27-04:00', 'Company deleted: 158'),
(15, 232, '127.0.0.1', '2013-05-14T11:22:45-04:00', 'Company deleted: 157'),
(16, 232, '127.0.0.1', '2013-05-14T11:23:34-04:00', 'Company deleted: 160'),
(17, 232, '127.0.0.1', '2013-05-14T11:24:20-04:00', 'Company deleted: 2'),
(18, 232, '127.0.0.1', '2013-05-14T11:24:56-04:00', 'Company deleted: 159'),
(19, 232, '127.0.0.1', '2013-05-14T11:25:26-04:00', 'Company deleted: 1'),
(20, 232, '127.0.0.1', '2013-05-14T11:28:17-04:00', 'Company deleted: 157'),
(21, 232, '127.0.0.1', '2013-05-14T11:29:03-04:00', 'Company deleted: 160'),
(22, 232, '127.0.0.1', '2013-05-14T11:34:56-04:00', 'Fund deleted: 52'),
(23, 232, '127.0.0.1', '2013-05-14T11:35:13-04:00', 'Fund deleted: 54'),
(24, 232, '127.0.0.1', '2013-05-14T11:35:59-04:00', 'Fund deleted: 53'),
(25, 232, '127.0.0.1', '2013-05-14T11:36:07-04:00', 'Fund deleted: 51'),
(26, 232, '127.0.0.1', '2013-05-14T11:37:24-04:00', 'Fund deleted: 1'),
(27, 232, '127.0.0.1', '2013-05-14T11:41:53-04:00', 'Company deleted: 160'),
(28, 232, '127.0.0.1', '2013-05-14T11:42:06-04:00', 'Fund deleted: 51'),
(29, 232, '127.0.0.1', '2013-05-14T11:42:17-04:00', 'Fund deleted: 54'),
(30, 232, '127.0.0.1', '2013-05-14T11:43:19-04:00', 'Fund deleted: 52'),
(31, 232, '127.0.0.1', '2013-05-14T11:45:04-04:00', 'Fund deleted: 1'),
(32, 232, '127.0.0.1', '2013-05-14T11:45:25-04:00', 'Fund deleted: 53'),
(33, 232, '127.0.0.1', '2013-05-14T11:46:51-04:00', 'Fund deleted: 1'),
(34, 232, '127.0.0.1', '2013-05-14T11:54:15-04:00', 'Company deleted: 242'),
(35, 232, '127.0.0.1', '2013-05-14T11:55:05-04:00', 'Company deleted: 160'),
(36, 232, '127.0.0.1', '2013-05-14T12:00:03-04:00', 'Fund deleted: 52'),
(37, 232, '127.0.0.1', '2013-05-14T12:00:07-04:00', 'Fund deleted: 54'),
(38, 261, '127.0.0.1', '2013-05-14T12:16:08-04:00', 'has logged in.'),
(39, 246, 'fe80::1', '2013-05-14T12:19:43-04:00', 'has logged in.'),
(40, 246, 'fe80::1', '2013-05-14T12:20:02-04:00', 'Company deleted: 111'),
(41, 1, '127.0.0.1', '2013-05-14T12:34:41-04:00', 'has logged in.'),
(42, 232, '127.0.0.1', '2013-05-14T12:34:59-04:00', 'has logged in.'),
(43, 1, '127.0.0.1', '2013-05-14T13:06:31-04:00', 'has logged in.'),
(44, 260, '127.0.0.1', '2013-05-14T13:06:42-04:00', 'has logged in.'),
(45, 261, '127.0.0.1', '2013-05-14T13:10:42-04:00', 'has logged in.'),
(46, 1, '127.0.0.1', '2013-05-14T13:12:04-04:00', 'has logged in.'),
(47, 232, '127.0.0.1', '2013-05-14T13:15:04-04:00', 'has logged in.'),
(48, 1, '127.0.0.1', '2013-05-14T13:41:37-04:00', 'has logged in.'),
(49, 232, '127.0.0.1', '2013-05-14T15:32:03-04:00', 'has logged in.'),
(50, 260, '127.0.0.1', '2013-05-14T15:36:06-04:00', 'has logged in.'),
(51, 261, '127.0.0.1', '2013-05-14T15:36:35-04:00', 'has logged in.'),
(52, 232, '127.0.0.1', '2013-05-14T15:38:21-04:00', 'has logged in.'),
(53, 1, '127.0.0.1', '2013-05-14T15:43:29-04:00', 'has logged in.'),
(54, 1, '127.0.0.1', '2013-05-14T16:26:36-04:00', 'has logged in.');

-- --------------------------------------------------------

--
-- Table structure for table `question`
--

CREATE TABLE IF NOT EXISTS `question` (
  `id` int(20) NOT NULL AUTO_INCREMENT,
  `assessment_id` varchar(45) NOT NULL,
  `indicator_id` varchar(10) NOT NULL,
  `resp_value` varchar(20) DEFAULT NULL,
  `resp_comments` text,
  `weight` varchar(10) NOT NULL,
  PRIMARY KEY (`id`)
) ENGINE=InnoDB  DEFAULT CHARSET=latin1 AUTO_INCREMENT=18862 ;

--
-- Dumping data for table `question`
--

INSERT INTO `question` (`id`, `assessment_id`, `indicator_id`, `resp_value`, `resp_comments`, `weight`) VALUES
(1, '1', 'G.1.1', 'no', NULL, '7.50'),
(2, '1', 'G.1.3', 'no', NULL, '7.50'),
(3, '1', 'G.1.4', 'no', NULL, '7.50'),
(4, '1', 'G.1.5', 'no', NULL, '15.00'),
(5, '1', 'G.2.1', 'no', NULL, '5.56'),
(6, '1', 'G.2.2', 'no', NULL, '5.56'),
(7, '1', 'G.2.6', 'no', NULL, '5.56'),
(8, '1', 'G.2.7', '54', NULL, '5.56'),
(9, '1', 'G.2.9', 'yes', NULL, '5.56'),
(10, '1', 'G.2.13', 'pl', NULL, '13.89'),
(11, '1', 'G.3.2', 'pl', NULL, '10.40'),
(12, '1', 'G.3.4', NULL, NULL, '10.41'),
(13, '1', 'S.1.3', 'no', NULL, '9.26'),
(14, '1', 'S.1.5', '21', NULL, '4.63'),
(15, '1', 'S.1.5.1', '76', NULL, '9.26'),
(16, '1', 'S.1.7', '40', NULL, '18.52'),
(17, '1', 'S.2.1', 'nofollow', NULL, '1.19'),
(18, '1', 'S.2.2', 'no', NULL, '3.57'),
(19, '1', 'S.2.3', 'no', NULL, '3.57'),
(20, '1', 'S.3.1.3', 'no', NULL, '17.86'),
(21, '1', 'S.3.3', '55', 'test', '23.81'),
(22, '1', 'S.4.3', 'no', NULL, '8.33'),
(23, '1', 'E.1.2', 'no', NULL, '9.15'),
(24, '1', 'E.1.5', 'no', NULL, '2.29'),
(25, '1', 'E.1.6', 'Scope2', NULL, '2.29'),
(26, '1', 'E.1.7', 'no', NULL, '4.58'),
(27, '1', 'E.1.9', '2', NULL, '2.29'),
(28, '1', 'E.1.10', 'negative', NULL, '2.29'),
(29, '1', 'E.1.11', '0', NULL, '2.29'),
(30, '1', 'E.1.12', 'no', NULL, '13.73'),
(31, '1', 'E.2.1', 'no', NULL, '2.78'),
(32, '1', 'E.2.1.1', 'no', NULL, '5.56'),
(33, '1', 'E.2.1.2', 'no', NULL, '5.56'),
(34, '1', 'E.2.1.7', '71', NULL, '15.28'),
(35, '1', 'E.2.1.8', '0', NULL, '15.28'),
(36, '1', 'E.2.1.10', 'yes', NULL, '16.63'),
(74, '3', 'G.1.1', 'yes', NULL, '6.67'),
(75, '3', 'G.1.3', NULL, NULL, '6.67'),
(76, '3', 'G.1.3.5', 'no', NULL, '13.33'),
(77, '3', 'G.1.5', NULL, NULL, '13.33'),
(78, '3', 'G.2.1', 'yes', NULL, '4.57'),
(79, '3', 'G.2.2', NULL, NULL, '4.57'),
(80, '3', 'G.2.5', 'no', NULL, '9.14'),
(81, '3', 'G.2.6', NULL, NULL, '9.14'),
(82, '3', 'G.2.8', 'yes', NULL, '4.58'),
(83, '3', 'G.2.13', NULL, NULL, '16.00'),
(84, '3', 'G.3.2', 'pl', NULL, '6.00'),
(85, '3', 'G.3.4', NULL, NULL, '6.00'),
(86, '3', 'S.1.5', '36', NULL, '6.56'),
(87, '3', 'S.1.6.5', '0', NULL, '26.25'),
(88, '3', 'S.1.7', '68', NULL, '19.69'),
(89, '3', 'S.2.1', 'Scope2', NULL, '3.22'),
(90, '3', 'S.2.2', NULL, NULL, '9.64'),
(91, '3', 'S.2.3', NULL, NULL, '9.64'),
(92, '3', 'S.3.2.1', 'yes', NULL, '7.50'),
(93, '3', 'S.3.3', '0', NULL, '7.50'),
(94, '3', 'S.4.1', 'pl', NULL, '5.00'),
(95, '3', 'S.4.3', 'yes', NULL, '5.00'),
(96, '3', 'E.1.1', 'no', NULL, '4.93'),
(97, '3', 'E.1.2', NULL, NULL, '7.39'),
(98, '3', 'E.1.3', 'no', NULL, '7.39'),
(99, '3', 'E.1.5', NULL, NULL, '2.46'),
(100, '3', 'E.1.6', 'Scope3', NULL, '2.46'),
(101, '3', 'E.1.7', NULL, NULL, '4.93'),
(102, '3', 'E.1.8', 'yes', NULL, '2.46'),
(103, '3', 'E.1.9', NULL, NULL, '2.46'),
(104, '3', 'E.1.10', 'negative', NULL, '2.46'),
(105, '3', 'E.1.11', '43', NULL, '2.46'),
(106, '3', 'E.1.12', NULL, NULL, '23.42'),
(107, '3', 'E.2.1', 'yes', NULL, '7.14'),
(108, '3', 'E.2.2', NULL, NULL, '7.04'),
(109, '3', 'E.3.1.5', NULL, NULL, '14.00'),
(110, '3', 'E.3.2', NULL, NULL, '9.00'),
(111, '4', 'G.1.1', 'no', NULL, '4.00'),
(112, '4', 'G.1.2', NULL, NULL, '8.00'),
(113, '4', 'G.1.3', 'yes', NULL, '4.00'),
(114, '4', 'G.1.4', 'yes', NULL, '8.00'),
(115, '4', 'G.1.5', NULL, NULL, '16.00'),
(116, '4', 'G.2.5', 'no', NULL, '12.00'),
(117, '4', 'G.2.6', 'no', NULL, '12.00'),
(118, '4', 'G.2.8', 'pl', NULL, '6.00'),
(119, '4', 'G.2.13', NULL, NULL, '18.00'),
(120, '4', 'G.3.2', 'yes', NULL, '4.00'),
(121, '4', 'G.3.4', NULL, NULL, '8.00'),
(122, '4', 'S.1.5', '51', NULL, '4.90'),
(123, '4', 'S.1.6.2', 'no', NULL, '7.35'),
(124, '4', 'S.1.6.5', '54', NULL, '7.35'),
(125, '4', 'S.1.7', '12', NULL, '14.69'),
(126, '4', 'S.2.1', 'Scope1', NULL, '2.14'),
(127, '4', 'S.2.1.1', NULL, NULL, '2.14'),
(128, '4', 'S.2.1.2', 'yes', NULL, '2.14'),
(129, '4', 'S.2.2', 'no', NULL, '4.29'),
(130, '4', 'S.2.2.1', 'pl', NULL, '4.29'),
(131, '4', 'S.2.2.2', NULL, NULL, '6.43'),
(132, '4', 'S.2.2.3', NULL, NULL, '4.29'),
(133, '4', 'S.2.3', NULL, NULL, '17.14'),
(134, '4', 'S.3.2.1', NULL, NULL, '5.71'),
(135, '4', 'S.3.3', '0', NULL, '5.71'),
(136, '4', 'S.4.1', 'yes', NULL, '2.86'),
(137, '4', 'S.4.3', NULL, NULL, '8.57'),
(138, '4', 'E.1.2', 'no', NULL, '7.00'),
(139, '4', 'E.1.3', 'no', NULL, '8.00'),
(140, '4', 'E.1.3.2', 'yes', NULL, '5.29'),
(141, '4', 'E.1.5', 'yes', NULL, '3.00'),
(142, '4', 'E.1.6', 'Scope1', NULL, '3.00'),
(143, '4', 'E.1.7', 'pl', NULL, '4.00'),
(144, '4', 'E.1.8', 'yes', NULL, '1.76'),
(145, '4', 'E.1.9', NULL, NULL, '4.00'),
(146, '4', 'E.1.10', NULL, NULL, '3.00'),
(147, '4', 'E.1.11', '42', NULL, '1.75'),
(148, '4', 'E.1.12', 'yes', NULL, '22.70'),
(149, '4', 'E.2.1', NULL, NULL, '2.50'),
(150, '4', 'E.2.1.2', 'no', NULL, '5.00'),
(151, '4', 'E.2.2', NULL, NULL, '9.00'),
(152, '4', 'E.3.1.6', 'yes', NULL, '5.00'),
(153, '4', 'E.3.1.7', 'no', NULL, '7.50'),
(154, '4', 'E.3.2', 'yes', NULL, '7.50'),
(155, '5', 'G.1.1', 'pl', NULL, '8.82'),
(156, '5', 'G.1.3', 'yes', NULL, '8.82'),
(157, '5', 'G.1.4', NULL, NULL, '17.65'),
(158, '5', 'G.1.5', 'no', NULL, '17.65'),
(159, '5', 'G.2.6', NULL, NULL, '19.62'),
(160, '5', 'G.2.13', NULL, NULL, '9.80'),
(161, '5', 'G.3.3.1', 'no', NULL, '8.82'),
(162, '5', 'G.3.4', NULL, NULL, '8.82'),
(163, '5', 'S.1.5', '48', NULL, '8.62'),
(164, '5', 'S.1.6.5', '22', NULL, '12.93'),
(165, '5', 'S.1.6.6', '5', NULL, '12.93'),
(166, '5', 'S.1.7', '42', NULL, '17.24'),
(167, '5', 'S.4.2.1', NULL, NULL, '9.66'),
(168, '5', 'S.4.2.2', NULL, NULL, '19.31'),
(169, '5', 'S.4.3', 'yes', NULL, '19.31'),
(170, '5', 'E.1.1', 'no', NULL, '4.76'),
(171, '5', 'E.1.2', 'yes', NULL, '4.76'),
(172, '5', 'E.1.3.3', 'pl', NULL, '7.14'),
(173, '5', 'E.1.3.5', 'no', NULL, '14.29'),
(174, '5', 'E.1.5', NULL, NULL, '2.38'),
(175, '5', 'E.1.7', NULL, NULL, '7.14'),
(176, '5', 'E.1.9', NULL, NULL, '10.00'),
(177, '5', 'E.1.10', NULL, NULL, '7.13'),
(178, '5', 'E.1.11', '0', NULL, '4.30'),
(179, '5', 'E.1.12', 'yes', NULL, '38.10'),
(299, '10', 'G.1.1', 'no', NULL, '6.67'),
(300, '10', 'G.1.3', NULL, NULL, '6.67'),
(301, '10', 'G.1.3.5', 'yes', NULL, '13.33'),
(302, '10', 'G.1.5', NULL, NULL, '13.33'),
(303, '10', 'G.2.1', 'no', NULL, '4.57'),
(304, '10', 'G.2.2', NULL, NULL, '4.57'),
(305, '10', 'G.2.5', 'yes', NULL, '9.14'),
(306, '10', 'G.2.6', NULL, NULL, '9.14'),
(307, '10', 'G.2.8', NULL, NULL, '4.58'),
(308, '10', 'G.2.13', NULL, NULL, '16.00'),
(309, '10', 'G.3.2', '0', NULL, '6.00'),
(310, '10', 'G.3.4', NULL, NULL, '6.00'),
(311, '10', 'S.1.5', '0', NULL, '6.56'),
(312, '10', 'S.1.6.5', '0', NULL, '26.25'),
(313, '10', 'S.1.7', '0', NULL, '19.69'),
(314, '10', 'S.2.1', 'Scope2', NULL, '3.22'),
(315, '10', 'S.2.2', NULL, NULL, '9.64'),
(316, '10', 'S.2.3', 'no', NULL, '9.64'),
(317, '10', 'S.3.2.1', 'pl', NULL, '7.50'),
(318, '10', 'S.3.3', '0', NULL, '7.50'),
(319, '10', 'S.4.1', NULL, NULL, '5.00'),
(320, '10', 'S.4.3', NULL, NULL, '5.00'),
(321, '10', 'E.1.1', 'yes', NULL, '4.93'),
(322, '10', 'E.1.2', NULL, NULL, '7.39'),
(323, '10', 'E.1.3', NULL, NULL, '7.39'),
(324, '10', 'E.1.5', NULL, NULL, '2.46'),
(325, '10', 'E.1.6', NULL, NULL, '2.46'),
(326, '10', 'E.1.7', NULL, NULL, '4.93'),
(327, '10', 'E.1.8', NULL, NULL, '2.46'),
(328, '10', 'E.1.9', NULL, NULL, '2.46'),
(329, '10', 'E.1.10', NULL, NULL, '2.46'),
(330, '10', 'E.1.11', '0', NULL, '2.46'),
(331, '10', 'E.1.12', NULL, NULL, '23.42'),
(332, '10', 'E.2.1', NULL, NULL, '7.14'),
(333, '10', 'E.2.2', NULL, NULL, '7.04'),
(334, '10', 'E.3.1.5', NULL, NULL, '14.00'),
(335, '10', 'E.3.2', NULL, NULL, '9.00'),
(341, '11', 'G.1.1', 'yes', 'Every employee is aware of the company''s policy concerning bribery and corruption.', '5.00'),
(351, '11', 'G.1.3', 'pl', 'We are settling a QSE (Quality, Security and Environment) Branch in the company. We could sign the Global Compact in the next 1,5 year', '5.00'),
(361, '11', 'G.1.4', 'yes', NULL, '10.00'),
(371, '11', 'G.1.5', 'no', NULL, '20.00'),
(381, '11', 'G.2.5', 'pl', NULL, '14.86'),
(391, '11', 'G.2.6', 'yes', 'As far as the results of the company are linked to the efficiency of our ESG policy.', '14.86'),
(401, '11', 'G.2.8', 'yes', NULL, '7.42'),
(411, '11', 'G.2.13', 'no', NULL, '14.86'),
(421, '11', 'G.3.4', 'no', NULL, '8.00'),
(431, '11', 'S.1.1', 'yes', 'Of course, we respect every association which could enter our company and its subsidiaries. In the same time, our company is built on a lot of small independant teams in which the social dialogue between managers and each employee is very easy.', '8.13'),
(441, '11', 'S.1.4', '100', 'Annual bargaining is managed by our national trade union every year.', '8.13'),
(451, '11', 'S.1.5', '4', 'Calculated on workers.', '4.06'),
(461, '11', 'S.1.7', '0', NULL, '12.18'),
(471, '11', 'S.2.1', 'planned', NULL, '3.00'),
(481, '11', 'S.2.1.1', 'planned', NULL, '6.00'),
(491, '11', 'S.2.2', 'pl', NULL, '6.00'),
(501, '11', 'S.2.2.1', 'pl', 'We will integrate social audits through our purchasing entity', '6.00'),
(511, '11', 'S.2.2.4', 'no', NULL, '9.00'),
(521, '11', 'S.2.3', 'no', NULL, '15.00'),
(531, '11', 'S.3.1.9', 'yes', 'Fresh Fish is very good for health', '6.25'),
(541, '11', 'S.3.3', '0', 'Not calculated, but very small anyway. Our customers are very satisfied overall.', '6.25'),
(551, '11', 'S.4.1', 'no', NULL, '2.50'),
(561, '11', 'S.4.3', 'no', NULL, '7.50'),
(571, '11', 'E.1.2', 'pl', NULL, '6.26'),
(581, '11', 'E.1.2.7', 'negative', 'We have recently started controlling water consumption.', '7.82'),
(591, '11', 'E.1.3', 'pl', 'Our QSE Manager objectives'' will integrate environmental considerations for the next fiscal years, the final objective is to reach ISO 14000 by 2015 in our major subsidiaries.', '6.26'),
(601, '11', 'E.1.3.4', 'pl', 'This issue has been addressed in our IFS policy.', '6.26'),
(611, '11', 'E.1.5', 'no', NULL, '1.56'),
(621, '11', 'E.1.7', 'pl', 'Our major GHG emissions is connected to transportation of goods. We always organise our transportations in a way to optimise the load per lorry.', '3.14'),
(631, '11', 'E.1.7.1', 'yes', 'Same as above.', '3.13'),
(641, '11', 'E.1.7.2', 'yes', 'Complying french regulation : R22 will be banned starting end of 2014', '2.00'),
(651, '11', 'E.1.8', 'no', NULL, '1.56'),
(661, '11', 'E.1.9', '0', 'Our carbon print has not been evaluated', '1.56'),
(671, '11', 'E.1.10', 'negative', 'Our growth enables us to optimize our logistics', '1.56'),
(681, '11', 'E.1.11', '0', 'No idea', '1.56'),
(691, '11', 'E.1.12', 'no', NULL, '21.90'),
(701, '11', 'E.2.1', 'yes', 'We have specifications concerning organic prawns.', '6.00'),
(711, '11', 'E.2.2', 'no', NULL, '6.00'),
(721, '11', 'E.3.1.8', 'yes', 'Prawns.', '11.43'),
(731, '11', 'E.3.1.9', 'no', NULL, '3.00'),
(741, '11', 'E.3.2', 'no', NULL, '9.00'),
(751, '21', 'G.1.1', 'yes', NULL, '3.33'),
(761, '21', 'G.1.3', 'no', NULL, '3.33'),
(771, '21', 'G.1.4', 'yes', NULL, '6.67'),
(781, '21', 'G.1.4.3', 'no', NULL, '10.00'),
(791, '21', 'G.1.5', 'no', NULL, '16.67'),
(801, '21', 'G.2.5', 'yes', NULL, '13.87'),
(811, '21', 'G.2.6', 'no', NULL, '13.87'),
(821, '21', 'G.2.8', 'yes', NULL, '6.93'),
(831, '21', 'G.2.13', 'no', NULL, '17.33'),
(841, '21', 'G.3.4', 'no', NULL, '8.00'),
(851, '21', 'S.1.1.1', 'yes', 'Employee handbook sets out employee terms and conditions', '4.17'),
(861, '21', 'S.1.2', 'yes', NULL, '4.17'),
(871, '21', 'S.1.3', 'no', NULL, '4.17'),
(881, '21', 'S.1.5', '10', NULL, '2.08'),
(891, '21', 'S.1.6.2', 'yes', NULL, '6.25'),
(901, '21', 'S.1.7', '0', 'Don''t know - not measured', '16.67'),
(911, '21', 'S.2.1', NULL, 'Don''t know - not aware of the standard', '2.94'),
(921, '21', 'S.2.1.1', NULL, 'We are planning to perform Sedex Members Ethical Trade Audits (SMETA) audits of our suppliers', '5.88'),
(931, '21', 'S.2.2', 'yes', 'Informal at this stage', '8.82'),
(941, '21', 'S.2.2.1', 'pl', NULL, '5.88'),
(951, '21', 'S.2.2.2', 'pl', NULL, '2.94'),
(961, '21', 'S.2.2.3', 'pl', NULL, '5.88'),
(971, '21', 'S.2.2.4', 'yes', NULL, '17.65'),
(981, '21', 'S.3.3', '0', 'Don''t know - not measured', '7.50'),
(991, '21', 'S.4.1', 'no', NULL, '2.50'),
(1001, '21', 'S.4.3', 'no', NULL, '2.50'),
(1011, '21', 'E.1.2.7', 'same', NULL, '5.11'),
(1021, '21', 'E.1.3', 'yes', 'Compliance with Environmental Waste and Packaging Regulations', '5.11'),
(1031, '21', 'E.1.3.5', 'yes', 'Full recycling program', '5.11'),
(1041, '21', 'E.1.7', 'no', NULL, '5.11'),
(1051, '21', 'E.1.8', 'no', NULL, '2.56'),
(1061, '21', 'E.1.9', '0', 'Don''t know - not measured', '2.56'),
(1071, '21', 'E.1.10', 'same', NULL, '2.56'),
(1081, '21', 'E.1.11', '0', 'Don''t know - not measured', '2.56'),
(1091, '21', 'E.1.12', 'no', NULL, '17.89'),
(1101, '21', 'E.2.1', 'no', NULL, '3.57'),
(1111, '21', 'E.2.1.1', 'no', NULL, '7.14'),
(1121, '21', 'E.2.1.2', 'no', NULL, '7.14'),
(1131, '21', 'E.2.2', 'no', NULL, '10.71'),
(1141, '21', 'E.3.1.1', 'no', NULL, '5.71'),
(1151, '21', 'E.3.1.6', 'no', NULL, '4.29'),
(1161, '21', 'E.3.1.7', 'no', NULL, '4.29'),
(1171, '21', 'E.3.2', 'no', NULL, '8.58'),
(1181, '31', 'G.1.1', 'pl', NULL, '7.14'),
(1191, '31', 'G.1.3', 'no', NULL, '7.14'),
(1201, '31', 'G.1.4', 'yes', NULL, '14.30'),
(1211, '31', 'G.1.5', 'no', NULL, '21.43'),
(1221, '31', 'G.2.1', 'no', NULL, '4.44'),
(1231, '31', 'G.2.2', 'no', NULL, '4.44'),
(1241, '31', 'G.2.5', 'no', NULL, '4.44'),
(1251, '31', 'G.2.6', 'no', NULL, '8.89'),
(1261, '31', 'G.2.13', 'no', NULL, '17.78'),
(1271, '31', 'G.3.4', 'no', NULL, '10.00'),
(1281, '31', 'S.1.5', '0', NULL, '4.10'),
(1291, '31', 'S.1.6.2', 'no', NULL, '6.00'),
(1301, '31', 'S.1.7', '0', NULL, '12.00'),
(1311, '31', 'S.2.1', 'nofollow', NULL, '1.70'),
(1321, '31', 'S.2.1.1', 'noimplemented', NULL, '1.70'),
(1331, '31', 'S.2.2', 'no', NULL, '4.00'),
(1341, '31', 'S.2.2.1', 'no', NULL, '3.40'),
(1351, '31', 'S.2.2.2', 'no', NULL, '5.00'),
(1361, '31', 'S.2.2.3', 'no', NULL, '5.10'),
(1371, '31', 'S.2.3', 'no', NULL, '9.00'),
(1381, '31', 'S.3.1.3', 'no', NULL, '6.00'),
(1391, '31', 'S.3.1.4', 'no', NULL, '6.00'),
(1401, '31', 'S.3.3', '0', 'n/a', '11.10'),
(1411, '31', 'S.4.1', 'no', NULL, '5.00'),
(1421, '31', 'S.4.2.1', 'no', NULL, '5.90'),
(1431, '31', 'S.4.2.12', 'no', NULL, '6.00'),
(1441, '31', 'S.4.3', 'no', NULL, '8.00'),
(1451, '31', 'E.1.2', 'no', NULL, '8.57'),
(1461, '31', 'E.1.3.2', 'no', NULL, '5.71'),
(1471, '31', 'E.1.5', 'no', NULL, '2.86'),
(1481, '31', 'E.1.6', 'Scope1', 'Have only chosen Scope 1 are there is no N/A option. ', '2.86'),
(1491, '31', 'E.1.7', 'no', NULL, '5.71'),
(1501, '31', 'E.1.8', 'no', NULL, '2.86'),
(1511, '31', 'E.1.9', '0', NULL, '2.86'),
(1521, '31', 'E.1.10', 'na', NULL, '2.86'),
(1531, '31', 'E.1.11', '0', NULL, '2.86'),
(1541, '31', 'E.1.12', 'no', NULL, '22.86'),
(1551, '31', 'E.2.1', 'no', NULL, '5.71'),
(1561, '31', 'E.2.2', 'no', NULL, '5.80'),
(1571, '31', 'E.3.1.6', 'no', NULL, '7.00'),
(1581, '31', 'E.3.1.7', 'no', NULL, '10.71'),
(1591, '31', 'E.3.2', 'no', NULL, '10.77'),
(1601, '41', 'G.1.1', NULL, NULL, '5.71'),
(1611, '41', 'G.1.3', NULL, NULL, '5.71'),
(1621, '41', 'G.1.4', NULL, NULL, '11.43'),
(1631, '41', 'G.1.5', NULL, NULL, '17.14'),
(1641, '41', 'G.2.5', NULL, NULL, '11.56'),
(1651, '41', 'G.2.6', NULL, NULL, '11.56'),
(1661, '41', 'G.2.8', NULL, NULL, '11.56'),
(1671, '41', 'G.2.13', NULL, NULL, '17.33'),
(1681, '41', 'G.3.4', NULL, NULL, '8.00'),
(1691, '41', 'S.1.1.1', NULL, NULL, '4.69'),
(1701, '41', 'S.1.2', NULL, NULL, '4.69'),
(1711, '41', 'S.1.3', NULL, NULL, '4.69'),
(1721, '41', 'S.1.5', NULL, NULL, '4.69'),
(1731, '41', 'S.1.5.1', NULL, NULL, '4.70'),
(1741, '41', 'S.1.7', NULL, NULL, '14.06'),
(1751, '41', 'S.2.1', NULL, NULL, '3.21'),
(1761, '41', 'S.2.1.1', NULL, NULL, '6.43'),
(1771, '41', 'S.2.2', NULL, NULL, '9.64'),
(1781, '41', 'S.2.2.1', NULL, NULL, '3.21'),
(1791, '41', 'S.2.2.2', NULL, NULL, '3.21'),
(1801, '41', 'S.2.2.3', NULL, NULL, '3.21'),
(1811, '41', 'S.2.3', NULL, NULL, '16.07'),
(1821, '41', 'S.3.3', NULL, NULL, '5.00'),
(1831, '41', 'S.4.1', NULL, NULL, '4.17'),
(1841, '41', 'S.4.3', NULL, NULL, '8.33'),
(1851, '41', 'E.1.2', NULL, NULL, '10.00'),
(1861, '41', 'E.1.4', NULL, NULL, '5.00'),
(1871, '41', 'E.1.5', NULL, NULL, '2.50'),
(1881, '41', 'E.1.6', NULL, NULL, '2.50'),
(1891, '41', 'E.1.7', NULL, NULL, '5.00'),
(1901, '41', 'E.1.7.1', NULL, NULL, '10.00'),
(1911, '41', 'E.1.8', NULL, NULL, '2.50'),
(1921, '41', 'E.1.9', NULL, NULL, '2.50'),
(1931, '41', 'E.1.10', NULL, NULL, '2.50'),
(1941, '41', 'E.1.11', NULL, NULL, '2.50'),
(1951, '41', 'E.1.12', NULL, NULL, '15.00'),
(1961, '41', 'E.2.1', NULL, NULL, '6.67'),
(1971, '41', 'E.2.2', NULL, NULL, '13.33'),
(1981, '41', 'E.3.1.1', NULL, NULL, '10.00'),
(1991, '41', 'E.3.2', NULL, NULL, '10.00'),
(2001, '51', 'G.1.1', 'yes', NULL, '5.00'),
(2011, '51', 'G.1.3', 'no', NULL, '5.00'),
(2021, '51', 'G.1.4', 'yes', NULL, '10.00'),
(2031, '51', 'G.1.5', 'yes', 'In accordance with the laws prevailing in the countries where we have operations.', '20.00'),
(2041, '51', 'G.2.5', 'no', NULL, '14.86'),
(2051, '51', 'G.2.6', 'no', NULL, '14.86'),
(2061, '51', 'G.2.8', 'yes', NULL, '7.42'),
(2071, '51', 'G.2.13', 'no', NULL, '14.86'),
(2081, '51', 'G.3.4', 'no', NULL, '8.00'),
(2091, '51', 'S.1.1', 'yes', NULL, '8.13'),
(2101, '51', 'S.1.4', '34', 'Chaucerfoods France is covered with CBA', '8.13'),
(2111, '51', 'S.1.5', '11', '1% CFF\r\n5% CFL\r\n25% CFQ', '4.06'),
(2121, '51', 'S.1.7', '3', 'Trend is stable / downward and relates purely to production worker accidents.', '12.18'),
(2131, '51', 'S.2.1', 'follow', 'Sedex Global', '3.00'),
(2141, '51', 'S.2.1.1', 'implemented', NULL, '6.00'),
(2151, '51', 'S.2.2', 'yes', NULL, '6.00'),
(2161, '51', 'S.2.2.1', 'yes', NULL, '6.00'),
(2171, '51', 'S.2.2.4', 'yes', 'As and when requested / required by the customer.', '9.00'),
(2181, '51', 'S.2.3', 'yes', 'We discuss report internally, we do not report to any third parties or associations, bodies unless required to do so by law.', '15.00'),
(2191, '51', 'S.3.1.9', 'no', ' We do refer to the health aspects of our products in customer presentations, particularly FD fruits and vegetables.  We are currently conducting an FD nutritional stability study with an UK university ', '6.25'),
(2201, '51', 'S.3.3', '0', NULL, '6.25'),
(2211, '51', 'S.4.1', 'no', NULL, '2.50'),
(2221, '51', 'S.4.3', 'no', NULL, '7.50'),
(2231, '51', 'E.1.2', 'no', 'Program framework to be developed to address key areas of process where EMS would be meaningful.', '6.26'),
(2241, '51', 'E.1.2.7', NULL, NULL, '7.82'),
(2251, '51', 'E.1.3', 'no', NULL, '6.26'),
(2261, '51', 'E.1.3.4', 'pl', 'Program to be developed to address process wash facilities.', '6.26'),
(2271, '51', 'E.1.5', 'no', NULL, '1.56'),
(2281, '51', 'E.1.7', 'yes', NULL, '3.14'),
(2291, '51', 'E.1.7.1', 'no', 'CF Group uses external logistics to meet its needs.', '3.13'),
(2301, '51', 'E.1.7.2', 'yes', 'Managed through our plant maintenance program with our service provider.', '2.00'),
(2311, '51', 'E.1.8', 'no', 'At this stage our energy providers do not offer supplies from renewable sources.', '1.56'),
(2321, '51', 'E.1.9', '0', NULL, '1.56'),
(2331, '51', 'E.1.10', 'negative', 'CF Trend has shown decreases year on year through specific initiatives aimed at production cycle optimisation / reduction.', '1.56'),
(2341, '51', 'E.1.11', '0', 'As per E1.8', '1.56'),
(2351, '51', 'E.1.12', 'yes', 'We are required by to report in accordance with local laws on any controversy or incident.', '21.90'),
(2361, '51', 'E.2.1', 'no', NULL, '6.00'),
(2371, '51', 'E.2.2', 'yes', 'We do so internally within our own organization.', '6.00'),
(2381, '51', 'E.3.1.8', 'yes', 'NOP certified.', '11.43'),
(2391, '51', 'E.3.1.9', 'no', 'We do not use GMO products within our supply base or process.', '3.00'),
(2401, '51', 'E.3.2', 'yes', 'We do so in-accordance with laws as required and also internally within the CF group.', '9.00'),
(2411, '61', 'G.1.1', 'yes', NULL, '5.72'),
(2421, '61', 'G.1.1.1', 'yes', NULL, '5.71'),
(2431, '61', 'G.1.4', 'yes', NULL, '11.43'),
(2441, '61', 'G.1.5', 'no', NULL, '17.14'),
(2451, '61', 'G.2.5', 'yes', NULL, '12.80'),
(2461, '61', 'G.2.6', 'yes', NULL, '12.80'),
(2471, '61', 'G.2.8', 'yes', NULL, '6.40'),
(2481, '61', 'G.2.13', 'no', NULL, '16.00'),
(2491, '61', 'G.3.2', 'no', NULL, '6.00'),
(2501, '61', 'G.3.4', 'no', NULL, '6.00'),
(2511, '61', 'S.1.5', '3', NULL, '2.33'),
(2521, '61', 'S.1.6.2', 'yes', NULL, '7.00'),
(2531, '61', 'S.1.6.4', 'yes', 'legal requirements', '4.67'),
(2541, '61', 'S.1.6.5', '2', NULL, '2.33'),
(2551, '61', 'S.1.6.6', '0', NULL, '4.67'),
(2561, '61', 'S.1.7', '3', NULL, '14.00'),
(2571, '61', 'S.2.1', 'follow', NULL, '3.46'),
(2581, '61', 'S.2.1.2', 'no', NULL, '3.46'),
(2591, '61', 'S.2.2', 'no', NULL, '6.92'),
(2601, '61', 'S.2.2.1', 'no', NULL, '3.46'),
(2611, '61', 'S.2.2.2', 'yes', NULL, '3.46'),
(2621, '61', 'S.2.2.3', 'yes', 'ISO, reach...', '6.92'),
(2631, '61', 'S.2.3', 'no', NULL, '17.31'),
(2641, '61', 'S.3.2.1', 'yes', NULL, '4.17'),
(2651, '61', 'S.3.3', '2', NULL, '8.33'),
(2661, '61', 'S.4.1', 'yes', NULL, '1.88'),
(2671, '61', 'S.4.3', 'no', NULL, '5.63'),
(2681, '61', 'E.1.1.1', 'pl', NULL, '3.04'),
(2691, '61', 'E.1.2', 'yes', 'By site of production. Not at holding level', '6.07'),
(2701, '61', 'E.1.3', 'yes', 'Countries legal requirements and ISO', '6.07'),
(2711, '61', 'E.1.3.5', 'no', NULL, '3.60'),
(2721, '61', 'E.1.5', 'no', NULL, '1.52'),
(2731, '61', 'E.1.6', 'Scope3', NULL, '1.52'),
(2741, '61', 'E.1.7', 'no', NULL, '3.04'),
(2751, '61', 'E.1.8', 'yes', 'Only in one production site', '1.52'),
(2761, '61', 'E.1.9', '0', NULL, '1.52'),
(2771, '61', 'E.1.10', 'same', NULL, '1.52'),
(2781, '61', 'E.1.11', '10', NULL, '1.52'),
(2791, '61', 'E.1.12', 'no', NULL, '19.00'),
(2801, '61', 'E.2.1', 'yes', 'European regulations', '2.86'),
(2811, '61', 'E.2.1.1', 'yes', 'Oeko-tex, Reach, ISO and CE regulations', '6.00'),
(2821, '61', 'E.2.1.2', 'yes', 'Only on Oeko-tex, Reach, ISO and CE regulations', '8.30'),
(2831, '61', 'E.3.1.1', 'pl', 'Part of some products are.', '9.00'),
(2841, '61', 'E.3.1.6', 'pl', 'Some done but not systematic', '6.00'),
(2851, '61', 'E.3.1.7', 'pl', NULL, '6.00'),
(2861, '61', 'E.3.2', 'no', NULL, '11.90'),
(2871, '71', 'G.1.1', 'yes', NULL, '4.35'),
(2881, '71', 'G.1.3', 'no', NULL, '4.35'),
(2891, '71', 'G.1.4', 'yes', NULL, '8.70'),
(2901, '71', 'G.1.4.3', 'no', NULL, '13.04'),
(2911, '71', 'G.1.5', 'no', NULL, '17.39'),
(2921, '71', 'G.2.1', 'yes', NULL, '13.04'),
(2931, '71', 'G.2.6', 'yes', NULL, '13.04'),
(2941, '71', 'G.2.13', 'no', NULL, '13.04'),
(2951, '71', 'G.3.2', 'no', NULL, '4.35'),
(2961, '71', 'G.3.3.1', 'no', NULL, '8.70'),
(2971, '71', 'S.1.5', '3', NULL, '3.21'),
(2981, '71', 'S.1.6.2', 'yes', NULL, '9.62'),
(2991, '71', 'S.1.6.4', 'no', NULL, '9.62'),
(3001, '71', 'S.1.6.5', '1', '3.5 accident per million of worked hours', '6.41'),
(3011, '71', 'S.1.6.6', '0', 'No fatalities in the last three decades at least', '9.62'),
(3021, '71', 'S.1.7', '0', 'Incidents are strongly decreasing', '19.23'),
(3031, '71', 'S.2.1', 'follow', NULL, '3.85'),
(3041, '71', 'S.2.2', 'yes', NULL, '3.83'),
(3051, '71', 'S.3.2.1', 'yes', NULL, '13.46'),
(3061, '71', 'S.3.3', '4', NULL, '13.46'),
(3071, '71', 'S.4.3', 'no', NULL, '7.69'),
(3081, '71', 'E.1.2', 'yes', 'IS014001', '3.70'),
(3091, '71', 'E.1.2.7', 'na', NULL, '5.56'),
(3101, '71', 'E.1.3.2', 'yes', NULL, '7.41'),
(3111, '71', 'E.1.3.3', 'yes', NULL, '5.56'),
(3121, '71', 'E.1.5', 'no', NULL, '1.85'),
(3131, '71', 'E.1.6', NULL, 'Not Applicable ', '1.85'),
(3141, '71', 'E.1.7', 'yes', NULL, '3.70'),
(3151, '71', 'E.1.8', 'no', NULL, '3.70'),
(3161, '71', 'E.1.9', '0', 'Not Applicable', '3.70'),
(3171, '71', 'E.1.10', NULL, NULL, '3.70'),
(3181, '71', 'E.1.11', '0', 'Not Applicable', '3.70'),
(3191, '71', 'E.1.12', 'yes', NULL, '22.22'),
(3201, '71', 'E.2.1', 'yes', 'SHE Policy', '2.59'),
(3211, '71', 'E.2.1.1', 'no', NULL, '5.79'),
(3221, '71', 'E.2.1.2', 'no', NULL, '5.19'),
(3231, '71', 'E.2.2', 'no', NULL, '2.00'),
(3241, '71', 'E.3.1.1', 'no', NULL, '5.08'),
(3251, '71', 'E.3.1.6', 'yes', NULL, '7.62'),
(3261, '71', 'E.3.2', 'yes', NULL, '5.08'),
(3271, '81', 'G.1.1', 'yes', NULL, '5.00'),
(3281, '81', 'G.1.3', 'no', NULL, '5.00'),
(3291, '81', 'G.1.4', 'yes', NULL, '10.00'),
(3301, '81', 'G.1.5', 'no', NULL, '20.00'),
(3311, '81', 'G.2.5', 'yes', NULL, '14.86'),
(3321, '81', 'G.2.6', 'no', NULL, '14.86'),
(3331, '81', 'G.2.8', 'yes', NULL, '7.42'),
(3341, '81', 'G.2.13', 'no', NULL, '14.86'),
(3351, '81', 'G.3.4', 'no', NULL, '8.00'),
(3361, '81', 'S.1.1', 'yes', NULL, '8.13'),
(3371, '81', 'S.1.4', '100', NULL, '8.13'),
(3381, '81', 'S.1.5', '12', NULL, '4.06'),
(3391, '81', 'S.1.7', '0', NULL, '12.18'),
(3401, '81', 'S.2.1', 'nofollow', NULL, '3.00'),
(3411, '81', 'S.2.1.1', 'noimplemented', NULL, '6.00'),
(3421, '81', 'S.2.2', 'yes', NULL, '6.00'),
(3431, '81', 'S.2.2.1', 'no', NULL, '6.00'),
(3441, '81', 'S.2.2.4', 'yes', NULL, '9.00'),
(3451, '81', 'S.2.3', 'no', NULL, '15.00'),
(3461, '81', 'S.3.1.9', 'yes', NULL, '6.25'),
(3471, '81', 'S.3.3', '0', NULL, '6.25'),
(3481, '81', 'S.4.1', 'no', NULL, '2.50'),
(3491, '81', 'S.4.3', 'no', NULL, '7.50'),
(3501, '81', 'E.1.2', 'no', NULL, '6.26'),
(3511, '81', 'E.1.2.7', 'same', NULL, '7.82'),
(3521, '81', 'E.1.3', 'no', NULL, '6.26'),
(3531, '81', 'E.1.3.4', 'yes', NULL, '6.26'),
(3541, '81', 'E.1.5', 'no', NULL, '1.56'),
(3551, '81', 'E.1.7', 'pl', NULL, '3.14'),
(3561, '81', 'E.1.7.1', 'yes', NULL, '3.13'),
(3571, '81', 'E.1.7.2', 'no', NULL, '2.00'),
(3581, '81', 'E.1.8', 'no', NULL, '1.56'),
(3591, '81', 'E.1.9', '0', NULL, '1.56'),
(3601, '81', 'E.1.10', 'same', NULL, '1.56'),
(3611, '81', 'E.1.11', '0', NULL, '1.56'),
(3621, '81', 'E.1.12', 'no', NULL, '21.90'),
(3631, '81', 'E.2.1', 'yes', 'Politique mise en place pour supprimer progressivement les colorants artificiels afin d''adopter des colorants naturels', '6.00'),
(3641, '81', 'E.2.2', 'no', NULL, '6.00'),
(3651, '81', 'E.3.1.8', 'yes', NULL, '11.43'),
(3661, '81', 'E.3.1.9', 'no', NULL, '3.00'),
(3671, '81', 'E.3.2', 'no', NULL, '9.00'),
(3681, '91', 'G.1.1', 'yes', NULL, '5.71'),
(3691, '91', 'G.1.3', 'no', NULL, '5.71'),
(3701, '91', 'G.1.4', 'yes', NULL, '11.43'),
(3711, '91', 'G.1.5', 'no', NULL, '17.15'),
(3721, '91', 'G.2.5', 'yes', NULL, '10.00'),
(3731, '91', 'G.2.6', 'no', NULL, '10.00'),
(3741, '91', 'G.2.8', 'yes', NULL, '5.00'),
(3751, '91', 'G.2.13', 'no', NULL, '15.00'),
(3761, '91', 'G.3.1', 'no', NULL, '5.00'),
(3771, '91', 'G.3.2', 'no', '0%', '5.00'),
(3781, '91', 'G.3.4', 'no', NULL, '10.00'),
(3791, '91', 'S.1.5', '2', NULL, '2.38'),
(3801, '91', 'S.1.6.4', 'yes', NULL, '9.52'),
(3811, '91', 'S.1.6.5', '6', NULL, '4.76'),
(3821, '91', 'S.1.6.6', '0', NULL, '7.14'),
(3831, '91', 'S.1.7', '1', NULL, '19.05'),
(3841, '91', 'S.2.1', 'follow', NULL, '3.43'),
(3851, '91', 'S.2.1.1', 'planned', NULL, '1.71'),
(3861, '91', 'S.2.2', 'yes', NULL, '5.14'),
(3871, '91', 'S.2.3', 'no', NULL, '6.86'),
(3881, '91', 'S.3.2.1', 'no', NULL, '5.71'),
(3891, '91', 'S.3.3', '3', NULL, '5.71'),
(3901, '91', 'S.4.1', 'no', NULL, '5.71'),
(3911, '91', 'S.4.2.1', 'yes', NULL, '11.45'),
(3921, '91', 'S.4.3', 'no', NULL, '11.43'),
(3931, '91', 'E.1.1.1', 'yes', NULL, '2.65'),
(3941, '91', 'E.1.3', 'no', NULL, '3.54'),
(3951, '91', 'E.1.3.2', 'yes', NULL, '5.31'),
(3961, '91', 'E.1.3.3', 'yes', NULL, '5.31'),
(3971, '91', 'E.1.3.4', 'no', NULL, '6.19'),
(3981, '91', 'E.1.5', 'no', NULL, '1.77'),
(3991, '91', 'E.1.6', 'Scope1', NULL, '1.77'),
(4001, '91', 'E.1.7', 'pl', NULL, '1.77'),
(4011, '91', 'E.1.9', '0', 'data not available', '1.77'),
(4021, '91', 'E.1.10', 'na', NULL, '1.77'),
(4031, '91', 'E.1.11', '100', NULL, '1.80'),
(4041, '91', 'E.1.12', 'no', NULL, '20.35'),
(4051, '91', 'E.2.1', 'no', NULL, '3.00'),
(4061, '91', 'E.2.1.1', 'no', NULL, '5.00'),
(4071, '91', 'E.2.1.2', 'no', NULL, '5.00'),
(4081, '91', 'E.2.2', 'no', NULL, '6.00'),
(4091, '91', 'E.3.1.2', '85', NULL, '9.00'),
(4101, '91', 'E.3.1.6', 'yes', NULL, '4.00'),
(4111, '91', 'E.3.1.7', 'pl', NULL, '4.00'),
(4121, '91', 'E.3.2', 'no', NULL, '10.00'),
(4131, '101', 'G.1.1', 'yes', NULL, '5.72'),
(4141, '101', 'G.1.3', 'no', NULL, '5.72'),
(4151, '101', 'G.1.4', 'yes', NULL, '11.43'),
(4161, '101', 'G.1.5', 'no', 'n.a.', '17.14'),
(4171, '101', 'G.2.5', 'pl', NULL, '13.71'),
(4181, '101', 'G.2.6', 'no', NULL, '13.71'),
(4191, '101', 'G.2.8', 'yes', NULL, '6.86'),
(4201, '101', 'G.2.13', 'no', NULL, '13.71'),
(4211, '101', 'G.3.1', 'no', NULL, '3.00'),
(4221, '101', 'G.3.2', 'no', NULL, '3.00'),
(4231, '101', 'G.3.4', 'no', NULL, '6.00'),
(4241, '101', 'S.1.1.1', 'yes', NULL, '4.76'),
(4251, '101', 'S.1.4', '0', 'we are not bound to collective bargaining agreements', '4.76'),
(4261, '101', 'S.1.5', '14', NULL, '4.76'),
(4271, '101', 'S.1.6.2', 'yes', NULL, '2.38'),
(4281, '101', 'S.1.7', '0', 'There was one controversy this year - approx. 0.5%', '12.00'),
(4291, '101', 'S.2.1', 'nofollow', 'n.a.', '2.00'),
(4301, '101', 'S.2.1.1', 'planned', 'n.a.', '4.22'),
(4311, '101', 'S.2.1.2', 'no', NULL, '2.11'),
(4321, '101', 'S.2.1.3', 'no', 'What do you mean bei "coltan" - columbite-tantalite? Then: no n.a.', '4.00'),
(4331, '101', 'S.2.2', 'yes', NULL, '4.22'),
(4341, '101', 'S.2.2.1', 'yes', NULL, '4.22'),
(4351, '101', 'S.2.2.2', 'no', 'n.a.', '4.22'),
(4361, '101', 'S.2.2.3', 'no', NULL, '2.10'),
(4371, '101', 'S.2.3', 'no', 'n.a.', '21.12'),
(4381, '101', 'S.3.2.1', 'yes', NULL, '5.71'),
(4391, '101', 'S.3.3', '5', 'No incidents or controversies only warranty issues', '5.71'),
(4401, '101', 'S.4.1', 'no', NULL, '1.90'),
(4411, '101', 'S.4.2.12', 'no', NULL, '3.81'),
(4421, '101', 'S.4.3', 'no', 'n.a.', '6.00'),
(4431, '101', 'E.1.1', 'pl', NULL, '3.00'),
(4441, '101', 'E.1.3', 'pl', NULL, '6.00'),
(4451, '101', 'E.1.3.2', 'yes', NULL, '5.00'),
(4461, '101', 'E.1.3.4', 'yes', NULL, '3.00'),
(4471, '101', 'E.1.5', 'no', 'n.a.', '3.00'),
(4481, '101', 'E.1.6', NULL, 'n.a.', '2.00'),
(4491, '101', 'E.1.7', 'no', 'n.a.', '3.00'),
(4501, '101', 'E.1.8', 'yes', NULL, '2.00'),
(4511, '101', 'E.1.9', '0', 'n.a.', '3.00'),
(4521, '101', 'E.1.10', 'na', NULL, '3.00'),
(4531, '101', 'E.1.11', '13', NULL, '2.00'),
(4541, '101', 'E.1.12', 'no', NULL, '23.00'),
(4551, '101', 'E.2.1', 'yes', NULL, '3.00'),
(4561, '101', 'E.2.1.1', 'no', NULL, '5.00'),
(4571, '101', 'E.2.1.2', 'no', NULL, '5.00'),
(4581, '101', 'E.2.2', 'no', NULL, '8.00'),
(4591, '101', 'E.3.1.6', 'yes', NULL, '5.00'),
(4601, '101', 'E.3.1.7', 'yes', NULL, '8.00'),
(4611, '101', 'E.3.2', 'no', NULL, '8.00'),
(4621, '111', 'G.1.1', 'yes', 'Hess AG''s compliance policy, which is available on the company''s homepage interdicts any forms of bribery or corruption.', '2.22'),
(4631, '111', 'G.1.2', 'yes', 'Everyone in contact with the company is encouraged to report any offenses against the compliance policy to the compliance officer.', '4.44'),
(4641, '111', 'G.1.3', 'yes', NULL, '2.22'),
(4651, '111', 'G.1.3.4', 'no', NULL, '8.90'),
(4661, '111', 'G.1.4', 'yes', 'Taxes paid is a part of the annual report.', '4.44'),
(4671, '111', 'G.1.5', 'yes', 'There were no conflicts related to business ethics.', '17.78'),
(4681, '111', 'G.2.5', 'yes', 'Responsible for sustainability is the CEO, who gets assisted by a sustainability officer.', '12.00'),
(4691, '111', 'G.2.6', 'no', NULL, '12.00'),
(4701, '111', 'G.2.8', 'yes', NULL, '6.00'),
(4711, '111', 'G.2.13', 'yes', 'There were no controversies or incidents related to Governance so far.', '18.00'),
(4721, '111', 'G.3.2', 'pl', NULL, '4.00'),
(4731, '111', 'G.3.4', 'yes', 'The Hess AG''s compliance policy is publicly avaiable via the companies homepage and gives advice about the companies ethic guidlines as well as to whom to report in cases of disrespect.', '8.00'),
(4741, '111', 'S.1.2', 'yes', 'Hess AG has a compliance policy, which is given to every employee togehter with the employment contract. Moreover it is available on the company''s homepage. The compliance policy interdicts any form of discrimination, may it be due to religion, ethnic origin, gender, age, sexual orientation or any other reason. The compliance officer is responsible to resolve any incident which is reported to her. ', '1.80'),
(4751, '111', 'S.1.4', '0', NULL, '3.60'),
(4761, '111', 'S.1.5', '1', NULL, '1.80'),
(4771, '111', 'S.1.6.2', 'yes', 'An external counselor for safety at work is regularly visiting the company to   make workplaces as safe as possible.', '5.40'),
(4781, '111', 'S.1.6.4', 'no', NULL, '5.40'),
(4791, '111', 'S.1.6.5', '1', 'Over the last years, the rate of accidents could be decreased successfully. For the year 2010 it was less than 4%, in 2011 even less than 1%.', '5.40'),
(4801, '111', 'S.1.6.6', '0', 'So far, we never had a deadly accident in any of our plants.', '7.20'),
(4811, '111', 'S.1.7', '0', 'In 2011, there was one controversy between two employees reported to the comliance officer, who was able to mediate the conflict.', '17.99'),
(4821, '111', 'S.2.1', 'planned', 'A supply chain policy is currently in progress.', '2.86'),
(4831, '111', 'S.2.1.1', 'planned', NULL, '5.71'),
(4841, '111', 'S.2.2', 'no', NULL, '5.71'),
(4851, '111', 'S.2.2.2', 'no', NULL, '5.71'),
(4861, '111', 'S.2.3', 'yes', 'There were no controversies or incidents related to contractors or suppliers concerning human rights, working conditions or similar.', '14.29'),
(4871, '111', 'S.3.2.1', 'no', NULL, '8.57'),
(4881, '111', 'S.3.3', '2', 'The rate of warrenty is the ratio of costs for repairment to total revenue.', '8.56'),
(4891, '111', 'E.1.1.1', 'yes', 'The enery mix, which the Hess AG is using for the sites in Germany has a comparable low CO2-intensity and contains 53% renewables.', '3.00'),
(4901, '111', 'E.1.2', 'yes', 'Our environmental management system is certified by DIN ISO 14001:2009 and undergoes an annual review.', '6.00'),
(4911, '111', 'E.1.2.7', 'negative', 'Water intensity decreased from 14 m³ per full-time employee to 9.3 m³ per full-time employee from 2010 to 2011. (Data valid for the company''s headquarter)', '4.00'),
(4921, '111', 'E.1.3', 'yes', 'As describes in E.1.2: Certification by DIN ISO 14001:2009', '6.00'),
(4931, '111', 'E.1.3.4', 'no', NULL, '4.00'),
(4941, '111', 'E.1.3.5', 'yes', 'Each year after the annual review and certification of the environmental management system, an environmental management program is launched with aims to be fulfilled within the next year.', '4.00'),
(4951, '111', 'E.1.5', 'no', NULL, '1.00'),
(4961, '111', 'E.1.6', NULL, NULL, '1.31'),
(4971, '111', 'E.1.7', 'pl', 'A sustainability programme will be developed beginning of 2013.', '2.69'),
(4981, '111', 'E.1.8', 'yes', 'The companies headquarter uses a "green mix" for electricity, which has a lowered CO2 emission compared to the average german electricity mix.', '3.00'),
(4991, '111', 'E.1.9', '88', NULL, '3.00'),
(5001, '111', 'E.1.10', 'negative', 'The carbon intensity trend decreased by 28% from 2010 to 2011.', '3.00'),
(5011, '111', 'E.1.11', '53', 'The enery mix, which the Hess AG is using for the sites in Germany has a comparable low CO2-intensity and contains 53% renewables.', '3.00'),
(5021, '111', 'E.1.12', 'yes', NULL, '26.00'),
(5031, '111', 'E.2.1', 'no', NULL, '5.00'),
(5041, '111', 'E.2.2', 'yes', 'Hess AG chooses suppliers close to the production sites in Germany whenever possible. In case ', '7.50'),
(5051, '111', 'E.3.1.1', 'yes', 'Hess AG actively forces the reconstruction from conventionel street lighting to the energy-saving LED-technology. With a hugh choice of LED-lights we help to reduce CO2-emissions and to save money at the same time. Moreover, Hess AG holds several patents and is active in OLED-research.', '10.00'),
(5061, '111', 'E.3.2', 'yes', 'The products or services offered by the Hess AG do normally not lead to any controversies or incidents.', '7.50'),
(5071, '121', 'G.1.1', 'yes', 'The policy clear in our core values to be against bribery and corruption.', '5.42'),
(5081, '121', 'G.1.3', 'no', 'However, we are fully aligned with the principles of the UN Global Compact.', '5.42'),
(5091, '121', 'G.1.4', 'yes', NULL, '10.83'),
(5101, '121', 'G.1.5', 'no', 'Management is not aware of any.', '21.66'),
(5111, '121', 'G.2.5', 'yes', NULL, '7.27'),
(5121, '121', 'G.2.5.1', 'yes', 'All our investments are responsible based on our core values.', '7.27'),
(5131, '121', 'G.2.7', '0', NULL, '7.27'),
(5141, '121', 'G.2.8', 'yes', NULL, '3.64'),
(5151, '121', 'G.2.13', 'no', 'Management is not aware of any.', '14.55'),
(5161, '121', 'G.3.1', 'yes', 'All employees are free to engage in all legal political activity but Mikeva does not subsidize political parties or persons.', '4.17'),
(5171, '121', 'G.3.2', 'no', 'No political contributions.', '4.17'),
(5181, '121', 'G.3.4', 'yes', NULL, '8.33'),
(5191, '121', 'S.1.1', 'yes', 'Legislatory in Finland.', '10.00'),
(5201, '121', 'S.1.3', 'yes', 'Included in certified quality system.', '5.00'),
(5211, '121', 'S.1.5', '8', NULL, '5.00'),
(5221, '121', 'S.1.6.6', '0', 'Management is unaware of any fatalities', '5.00'),
(5231, '121', 'S.1.7', '0', 'Management is not aware of any', '15.00'),
(5241, '121', 'S.2.1', 'follow', NULL, '0.95'),
(5251, '121', 'S.2.2', 'yes', 'All material suppliers'' VAT and tax compliance is checked prior to contract.', '2.86'),
(5261, '121', 'S.2.3', 'no', 'Management is not aware of any', '2.86'),
(5271, '121', 'S.3.2.1', 'yes', NULL, '13.33'),
(5281, '121', 'S.3.3', '0', 'Management is not aware of any', '13.33'),
(5291, '121', 'S.4.1', 'no', 'All business in Finland.', '2.96'),
(5301, '121', 'S.4.2.7', 'yes', 'All employees have access to health care.', '11.85'),
(5311, '121', 'S.4.3', 'no', 'Management is not aware of any', '11.86'),
(5321, '121', 'E.1.2', 'yes', 'Included in certified quality system.', '13.33'),
(5331, '121', 'E.1.3', 'no', NULL, '13.36'),
(5341, '121', 'E.1.3.2', 'yes', 'We have not encountered any problems regarding hazardous waste generation.', '13.33'),
(5351, '121', 'E.1.5', 'no', 'Services only', '3.33'),
(5361, '121', 'E.1.6', 'Scope1', NULL, '3.33'),
(5371, '121', 'E.1.7', 'yes', 'Our environmental management systems aims at keeping all emissions continuously low.', '6.67'),
(5381, '121', 'E.1.8', 'yes', 'Our environmental management systems aims at continuously using as much as possible renewable energy.', '3.33'),
(5391, '121', 'E.1.9', '0', NULL, '3.33'),
(5401, '121', 'E.1.10', 'positive', 'All new units have better and better carbon intensity figures.', '3.33'),
(5411, '121', 'E.1.11', '12', NULL, '3.33'),
(5421, '121', 'E.1.12', 'no', NULL, '33.33'),
(5431, '131', 'G.1.1', 'yes', NULL, '5.71'),
(5441, '131', 'G.1.3', 'no', NULL, '5.72'),
(5451, '131', 'G.1.4', 'yes', NULL, '11.43'),
(5461, '131', 'G.1.5', 'no', NULL, '17.14'),
(5471, '131', 'G.2.5', 'yes', NULL, '12.00'),
(5481, '131', 'G.2.6', 'no', NULL, '12.00'),
(5491, '131', 'G.2.8', 'yes', NULL, '6.00'),
(5501, '131', 'G.2.13', 'no', NULL, '18.00'),
(5511, '131', 'G.3.4', 'yes', NULL, '12.00'),
(5521, '131', 'S.1.1', 'yes', NULL, '11.88'),
(5531, '131', 'S.1.4', '100', NULL, '11.88'),
(5541, '131', 'S.1.5', '8', NULL, '5.94'),
(5551, '131', 'S.1.7', '2', NULL, '17.80'),
(5561, '131', 'S.2.2', 'yes', NULL, '11.25'),
(5571, '131', 'S.2.3', 'no', NULL, '11.25'),
(5581, '131', 'S.3.3', '0', NULL, '10.00'),
(5591, '131', 'S.4.1', 'yes', 'Algeria', '2.50'),
(5601, '131', 'S.4.2.2', 'no', NULL, '7.50'),
(5611, '131', 'S.4.3', 'no', NULL, '10.00'),
(5621, '131', 'E.1.2', 'yes', NULL, '7.18'),
(5631, '131', 'E.1.2.3', 'yes', NULL, '10.76'),
(5641, '131', 'E.1.3.5', 'yes', NULL, '7.18'),
(5651, '131', 'E.1.5', 'no', NULL, '3.59'),
(5661, '131', 'E.1.6', 'Scope2', NULL, '3.59'),
(5671, '131', 'E.1.7', 'yes', NULL, '5.38'),
(5681, '131', 'E.1.8', 'pl', NULL, '3.59'),
(5691, '131', 'E.1.9', '0', 'Under valuation', '3.59'),
(5701, '131', 'E.1.10', 'same', NULL, '3.59'),
(5711, '131', 'E.1.11', '0', NULL, '3.59'),
(5721, '131', 'E.1.12', 'no', NULL, '25.12'),
(5731, '131', 'E.2.1.1', 'pl', NULL, '5.71'),
(5741, '131', 'E.2.2', 'no', NULL, '5.71'),
(5751, '131', 'E.3.1.1', 'no', NULL, '5.71'),
(5761, '131', 'E.3.2', 'no', NULL, '5.71'),
(5771, '141', 'G.1.1', 'yes', NULL, '5.71'),
(5781, '141', 'G.1.3', 'no', NULL, '5.71'),
(5791, '141', 'G.1.4', 'no', NULL, '11.43'),
(5801, '141', 'G.1.5', 'no', NULL, '17.14'),
(5811, '141', 'G.2.5', 'no', NULL, '11.56'),
(5821, '141', 'G.2.6', 'no', NULL, '11.56'),
(5831, '141', 'G.2.8', 'yes', NULL, '11.56'),
(5841, '141', 'G.2.13', 'no', NULL, '17.33'),
(5851, '141', 'G.3.4', 'no', NULL, '8.00'),
(5861, '141', 'S.1.1.1', 'yes', NULL, '4.69'),
(5871, '141', 'S.1.2', 'yes', NULL, '4.69'),
(5881, '141', 'S.1.3', 'no', NULL, '4.69'),
(5891, '141', 'S.1.5', '25', NULL, '4.69'),
(5901, '141', 'S.1.5.1', '5', NULL, '4.70'),
(5911, '141', 'S.1.7', '0', NULL, '14.06'),
(5921, '141', 'S.2.1', 'nofollow', NULL, '3.21'),
(5931, '141', 'S.2.1.1', 'noimplemented', NULL, '6.43'),
(5941, '141', 'S.2.2', 'no', NULL, '9.64'),
(5951, '141', 'S.2.2.1', 'no', NULL, '3.21'),
(5961, '141', 'S.2.2.2', 'no', NULL, '3.21'),
(5971, '141', 'S.2.2.3', 'no', NULL, '3.21'),
(5981, '141', 'S.2.3', 'no', NULL, '16.07'),
(5991, '141', 'S.3.3', '1', NULL, '5.00'),
(6001, '141', 'S.4.1', 'no', NULL, '4.17'),
(6011, '141', 'S.4.3', 'no', NULL, '8.33'),
(6021, '141', 'E.1.2', 'no', NULL, '10.00'),
(6031, '141', 'E.1.4', 'no', NULL, '5.00'),
(6041, '141', 'E.1.5', 'no', NULL, '2.50'),
(6051, '141', 'E.1.6', 'Scope1', NULL, '2.50'),
(6061, '141', 'E.1.7', 'no', NULL, '5.00'),
(6071, '141', 'E.1.7.1', 'no', NULL, '10.00'),
(6081, '141', 'E.1.8', 'no', NULL, '2.50'),
(6091, '141', 'E.1.9', '1', NULL, '2.50'),
(6101, '141', 'E.1.10', 'na', NULL, '2.50'),
(6111, '141', 'E.1.11', '1', NULL, '2.50'),
(6121, '141', 'E.1.12', 'no', NULL, '15.00'),
(6131, '141', 'E.2.1', 'no', NULL, '6.67'),
(6141, '141', 'E.2.2', 'no', NULL, '13.33'),
(6151, '141', 'E.3.1.1', 'no', NULL, '10.00'),
(6161, '141', 'E.3.2', 'no', NULL, '10.00'),
(6171, '151', 'G.1.1', 'yes', 'Liberata''s policy and procedure is implemented in accordance with the legislative requirements of the Bribery Act 2010. The Bribery Act 2010 introduces new criminal offences for bribery for both individuals and companies and came into force on 1 July 2011. The Public Interest Disclosure Act 1998 is also relevant and there are other Liberata policies that supplement this policy. These include: Code of Conduct, Whistle blowing Policy and Procedure, Expenses Policy, Client Fraud Policy and Procedure. \r\n', '5.71'),
(6181, '151', 'G.1.3', 'no', NULL, '5.71'),
(6191, '151', 'G.1.4', 'yes', 'Liberata submits a tax return each year in accordance with the Income and Corporations Taxes Act 1988.', '11.43'),
(6201, '151', 'G.1.5', 'no', NULL, '17.14'),
(6211, '151', 'G.2.5', 'yes', 'Liberata has rigorous reporting in place across the business. Any environmental, social or governance issues are reported at each business group Monthly Operating Board as well as the main Liberata Group Board.', '10.11'),
(6221, '151', 'G.2.6', 'yes', 'Compensation is very much aligned to the overall performance of the company.  ', '10.11'),
(6231, '151', 'G.2.7', '0', NULL, '10.11'),
(6241, '151', 'G.2.8', 'yes', NULL, '5.05'),
(6251, '151', 'G.2.13', 'no', NULL, '12.63'),
(6261, '151', 'G.3.1', 'yes', 'This is governed by the Company''s Delegated Authority and the Company''s Bribery policy.', '4.00'),
(6271, '151', 'G.3.4', 'no', 'However, a structured process is in place within the company to ensure communications are managed by the appropriate business group or at a corporate level. The company employees a Communications Director.', '8.00'),
(6281, '151', 'S.1.1.1', 'yes', 'Liberata has a number of policies on working conditions, for example policies on dignity at work, performance management, drugs and alcohol, grievance, health and well being, absence, maternity etc.', '8.00'),
(6291, '151', 'S.1.2', 'yes', 'Liberata supports the principle of equality of opportunities in employment and opposes all forms of unlawful or unfair discrimination. This includes protection to people with ''protected characteristics''. The list of nine protected characteristics on the grounds of:\r\n\r\n•	age \r\n•	disability \r\n•	gender reassignment \r\n•	marriage and civil partnership \r\n•	pregnancy and maternity \r\n•	race \r\n•	religion or belief \r\n•	sex \r\n•	sexual orientation\r\n\r\nIn addition, we also include:\r\n\r\n•	Trade union activity\r\n\r\nWe believe that it is in the best interests of Liberata and those who work within it to ensure that the talents and skills available from the whole community are considered when employment opportunities arise. To this end, within the framework of the law, we are committed wherever practicable to achieving and maintaining a work force that broadly reflects the local community in which we operate. Liberata will endeavour to ensure that there are no provisions, criteria or practices that put protected persons at a particular disadvantage.\r\n\r\nEvery possible step will be taken to ensure that all employees, whether full time, part time, temporary or contracted, are treated equally and fairly and that decisions on recruitment, selection, training, promotion, career development or employment benefits are based solely on objective and job related criteria. \r\n \r\nLiberata believes that:\r\n•	Equality of opportunity in the workplace is good practice and makes sound business sense\r\n•	Every employee is entitled to a working environment that promotes dignity and respect to all. No form of intimidation, bullying or harassment will be tolerated\r\n•	Breaches of our equal opportunities policy will be regarded as misconduct and could lead to disciplinary proceedings\r\n\r\nThis policy and procedure is supported by Liberata’s leaders, has been agreed with trade unions and employee representatives and will be monitored and reviewed regularly.\r\n', '8.00'),
(6301, '151', 'S.1.3', 'yes', 'Liberata makes every effort to recruit individuals on the basis of their suitability for the position. Examples of things Liberata does to achieve this include:\r\n•	Producing a role description and person specification for each job. These are reviewed by human resources professionals to ensure that ''protected characteristics'' are not placed at a disadvantage by requirements that are not justifiable\r\n•	Selection for interview is on the basis of meeting the requirements for the position, with no discrimination on any grounds. The grounds for non-selection of applicants will be identified to ensure that discrimination has not taken place\r\n•	Wherever practical, interviews will be conducted by employees who are trained in recruitment and selection procedures and are committed to ensuring that discrimination does not occur\r\n•	All vacancies will be advertised internally throughout Liberata. Exceptions to this will be allowed in certain situations e.g. where an employee suitable for the position is under notice of redundancy, where the position has been identified as a development role for an employee or where it is clear that the vacancy cannot be filled internally due to the technical or senior nature of the position\r\n•	Where used, external adverts will ensure that all members of the community have access to the medium and this may include the use of ethnic magazines, newspapers and job centres as appropriate\r\n•	Care will be taken to ensure that advertisements do not contain any requirements that unlawfully discriminate against any particular groups of people\r\n•	External agencies (including PSL''s) will be expected to operate an equality & diversity policy and procedure which is approved by Liberata\r\n•	All applications will be recorded in terms of the nationality, disability and sex of all applicants for the purposes of monitoring only\r\n•	Recruitment activity will be regularly reviewed to monitor the effectiveness of this policy and action will be taken to correct any bias found\r\n•	When considering other selection methods e.g. psychometric, ability or skills tests, care will be taken to ensure that these do not discriminate due to cultural bias or by requiring, for example, an unjustifiable level of English\r\n•	In certain instances, particular groups may be targeted for recruitment. These will be in line with legislation\r\n\r\nSuccession planning as well as the practices outlined in the recruitment policy will be utilised, as well as ensuring that promotion or transfer opportunities are made available to all employees and appointments are based on capability. All employees have the opportunity to discuss their career aspirations in the course of the performance appraisal process.\r\n\r\nLiberata will endeavour to provide every employee, without any bias, benefits from the provision of training and development activities through:\r\n•	Organising training, wherever possible, to take account of the requirements of different groups of employees, so that groups are not prevented from participating. Where practicable, training events will be held locally and within the normal working day\r\n•	Full training and development opportunities will be made available to all employees to help them achieve and maintain a high standard of performance, irrespective of age, and including part time employees or those working in job share arrangements\r\n•	Equal & Diversity training will be made available to leaders and key employees to ensure that all employees are made aware of the equality & diversity policy and procedure\r\n•	The performance appraisal process is the prime source of assessing training needs for existing employees. For new employees, performance reviews will occur within 3 months of employment and this will produce a training needs assessment (refer to performance appraisal policy and procedure)\r\n•	Leaders and employees will receive training or guidance on how to get the most from the performance appraisal process\r\n\r\nLiberata undertakes to provide the required and desirable level of service to all clients, customers and members of the general public in a manner that is non-discriminatory. Any complaints of discrimination towards anyone that we provide a service to will be treated very seriously and will be thoroughly investigated, which may result in disciplinary proceedings.\r\n\r\nSpecific procedures are developed in relation to the variety of services provided by Liberata, and these aim to ensure that discrimination does not occur in the provision of those services.\r\n\r\nWhere a client, customer or member of the general public acts in a manner that is discriminatory, Liberata will offer support and, where possible, take action to reduce or eliminate the problem.\r\n', '5.00'),
(6311, '151', 'S.1.4', '25', 'The company estimates that less than 25% of its employees are covered by collective bargaining agreements.', '5.00'),
(6321, '151', 'S.1.5', '4', 'The annual turnover rate is less than 4%.', '5.00'),
(6331, '151', 'S.1.5.1', '2', '2.1%', '5.00'),
(6341, '151', 'S.1.7', '1', 'Less than 1% p.a.', '24.00');
INSERT INTO `question` (`id`, `assessment_id`, `indicator_id`, `resp_value`, `resp_comments`, `weight`) VALUES
(6351, '151', 'S.2.2', 'yes', 'The company has a procurement policy which covers the supply of goods and services. The company uses Safe Contractor, an external organisation, to govern the use of suppliers working at our sites or our Client sites. The SAFEcontractor Scheme is a third party health and safety accreditation system that provides Clients with an auditable trail of evidence, showing that they have undertaken sufficient assessments of the supply chain’s heath and safety management systems. The Scheme ensures that Clients are complying with Appendix 4 of the Construction (Design and Management) Regulations 2007 (CDM 2007) and the Construction (Design and Management) Regulations (Northern Ireland) 2007 by exceeding the requirements of stage 1 core criteria assessments.', '11.00'),
(6361, '151', 'S.2.3', 'no', NULL, '8.00'),
(6371, '151', 'S.3.3', '1', 'Less than 1%', '9.00'),
(6381, '151', 'S.4.1', 'no', NULL, '4.00'),
(6391, '151', 'S.4.2.1', 'yes', 'Liberata has an equality and diversity policy. The company also has policies covering dignity at work, flexible working, maternity and paternity, parental leave. Please see responses at 1.2 and 1.3.', '8.00'),
(6401, '151', 'E.1.2', 'yes', 'Liberata is committed to achieving the highest standards of environmental performance and minimising the harmful effects that our business activities may have on the natural environment. We adopt a positive and proactive approach to the issues of carbon reduction and sustainability, and recognise that we have an ethical and legal responsibility to constantly challenge and improve environmental practices thoughout the organisation. In adition to seeking accreditation of our Environmental Management System, the company is also specifically monitoring and setting targets for reduction of the organisation''s carbon emissions in line with our participation in the Department for Energy and Climate Change''s Carbon Reduction Commitent Scheme (CRC). To support our efforts to reduce the environmental impact of the Company,\r\nLiberata’s Environmental Policy provides a strategic and practical framework, aligned to ISO14001 standards, and an Environmental Programme to achieve consistent environmental management across Liberata’s Business Centres. The policy outlines an organisational hierarchy from the Senior Management Team downwards, as well as an Environmental Steering Committee. The roles and responsibilities associated with this create a comprehensive support structure, throughout the Company, for the implementation of Liberata’s Environmental Programme. The policy also sets out the aims of the Environmental Programme, establishing operational sustainability principles around key areas such as premises management, energy, water and waste management, transport and carbon reduction. The Programme’s focus is on the improvement of energy efficiency, reducing waste and reducing the organisation’s carbon footprint. Reducing energy consumption and improving efficiency is a core element of Liberata’s Environmental Programme. Energy use reduction strategies include a ‘turn it off’ policy, with all PCs powered down and lights turned off at the end of the day. Our Business Centres use energy saving bulbs where possible and thermostats are in place to regulate temperature, prevent unnecessary energy consumption for heating or cooling and our kitchens are also provided with hot water heaters for efficient water heating. Electrical equipment such as fridges and dishwashers are considered for their energy efficiency performance rating during the purchasing process. Liberata’s waste management strategy is based on the principles of ‘reduce, reuse and recycle’ in order to promote resource efficiency and minimise its impact on the environment. Liberata initiatives include the recycling of all paper, printer cartridges, computers and other electronics, card, vending machine cups and confidential waste. Our printers supply bleach free recycled paper and all marketing collateral is printed on paper from sustainable sources, using vegetable based oils for printing.', '12.80'),
(6411, '151', 'E.1.3', 'pl', 'See response above.', '12.80'),
(6421, '151', 'E.1.5', 'no', 'Liberata is not part of the Carbon Disclosure Project but does meet the annual reporting obligations in respect of the CRC Energy Efficient Scheme. CRC is a UK-wide emmisions trading scheme which is designed to incentivise the take up of cost-effective energy efficiency opportunities. Each year Liberata is required to monitor and report its energy supplies, with the information used to calculate the company''s emissions of carbon dioxide (CO2). To offset these emissions Liberata must purchase and surreder allowances. One allowance must be surrendered for each tonne of CO2. The cost of each allowance is currently £12 but this will increase to £16 in 2014-2015. The system encourages companies to reduce their CO2 emissions. ', '3.20'),
(6431, '151', 'E.1.6', NULL, 'N/A - see comments at E.1.5', '3.20'),
(6441, '151', 'E.1.7', 'yes', 'In line with our commitment to tackling climate change and to support our full participation in the Carbon Reduction Commitment Scheme, our Environmental Policy also includes a requirement to reduce Liberata’s carbon footprint. A carbon emissions assessment was performed in August 2009, to establish a baseline against which to set targets. The assessment reported Liberata to have \r\na relatively low carbon impact and we are currently setting targets to further  reduce our impact on the environment. The following elements are integral to our\r\ncarbon emission reduction programme: \r\n• Reducing energy consumption\r\n• Reducing travel\r\n• Reuse of equipment\r\n• Recycling equipment\r\n• Extending life of IT equipment.\r\nLiberata endeavours to reduce emissions through unnecessary business travel, utilising both telephone and video conferencing as sustainable alternatives. Where travel is unavoidable it is Liberata’s policy to encourage use of public transportation, if at all possible, and the Company Car Scheme Policy includes provisions for car pooling, to reduce unnecessary journeys.\r\nIn addition to internal measures to reduce carbon emissions, Liberata requires a similar level of commitment from its key suppliers. During the selection process for our key suppliers, Liberata requests confirmation of suppliers’ compliance with ISO 14001 and the WEEE Directive. Liberata also requires suppliers to detail a carbon footprint of the services proposed and demonstrate how they are seeking to minimise their carbon footprint, as part of the evaluation criteria for contracts.\r\nIn order to win contract renewals for ongoing services Liberata requires that suppliers resubmit this information, to ensure continuing commitment to carbon emissions reduction.', '6.40'),
(6451, '151', 'E.1.7.1', 'no', 'Please see answer to E.1.7 \r\n\r\nWe don''t have any vehicle fleets.', '6.40'),
(6461, '151', 'E.1.9', '3', '4,224 tonnes / 1,509 employees as measured in accordance with CRC''s reporting requirements.', '3.20'),
(6471, '151', 'E.1.10', 'negative', '2010/2011 - 5,210 tonnes\r\n2011/2012 - 4,224 tonnes\r\nAs measured in accordance with CRC''s reporting requirements.', '3.20'),
(6481, '151', 'E.1.11', '0', 'Less than 1%', '3.20'),
(6491, '151', 'E.1.12', 'no', NULL, '25.60'),
(6501, '151', 'E.3.1.1', 'no', 'See 1.7 above.', '13.33'),
(6511, '151', 'E.3.2', 'no', NULL, '6.67'),
(6971, '171', 'G.1.1', 'yes', NULL, '2.00'),
(6981, '171', 'G.1.3', 'pl', NULL, '2.00'),
(6991, '171', 'G.1.3.1', 'pl', NULL, '5.00'),
(7001, '171', 'G.1.3.2', 'pl', NULL, '6.00'),
(7011, '171', 'G.1.4', 'yes', NULL, '3.00'),
(7021, '171', 'G.1.4.1', 'yes', NULL, '5.00'),
(7031, '171', 'G.1.5', 'yes', NULL, '19.00'),
(7041, '171', 'G.2.1', 'yes', NULL, '4.00'),
(7051, '171', 'G.2.2', 'no', NULL, '4.00'),
(7061, '171', 'G.2.5', 'yes', NULL, '4.00'),
(7071, '171', 'G.2.5.1', 'yes', NULL, '11.00'),
(7081, '171', 'G.2.6', 'yes', NULL, '4.00'),
(7091, '171', 'G.2.7', '25', NULL, '4.00'),
(7101, '171', 'G.2.9', 'yes', NULL, '4.00'),
(7111, '171', 'G.2.13', 'yes', NULL, '13.00'),
(7121, '171', 'G.3.2', 'pl', '0%', '5.00'),
(7131, '171', 'G.3.4', 'yes', NULL, '5.00'),
(7141, '171', 'S.1.2', 'yes', NULL, '10.16'),
(7151, '171', 'S.1.3', 'pl', NULL, '10.16'),
(7161, '171', 'S.1.4', '100', NULL, '5.08'),
(7171, '171', 'S.1.5', '7', NULL, '5.08'),
(7181, '171', 'S.1.7', '2', NULL, '15.24'),
(7191, '171', 'S.2.3', 'yes', NULL, '5.71'),
(7201, '171', 'S.3.3', '1', NULL, '17.14'),
(7211, '171', 'S.4.1', 'yes', NULL, '3.49'),
(7221, '171', 'S.4.2.3', 'yes', NULL, '13.97'),
(7231, '171', 'S.4.3', 'yes', NULL, '13.97'),
(7241, '171', 'E.1.2', 'pl', NULL, '4.76'),
(7251, '171', 'E.1.5', 'no', NULL, '2.38'),
(7261, '171', 'E.1.6', 'Scope2', NULL, '2.38'),
(7271, '171', 'E.1.7', 'yes', NULL, '2.38'),
(7281, '171', 'E.1.8', 'yes', 'Our main office is an EHQ building with the French LCB rating, i.e. this building does not need much energy and uses renewable ones', '2.38'),
(7291, '171', 'E.1.9', '2', NULL, '2.38'),
(7301, '171', 'E.1.10', 'negative', NULL, '2.38'),
(7311, '171', 'E.1.11', '50', NULL, '2.38'),
(7321, '171', 'E.1.12', 'yes', NULL, '11.90'),
(7331, '171', 'E.2.1', 'pl', NULL, '6.67'),
(7341, '171', 'E.2.2', 'yes', NULL, '3.33'),
(7351, '171', 'E.3.1.10', 'yes', NULL, '13.33'),
(7361, '171', 'E.3.1.11', '100', NULL, '13.33'),
(7371, '171', 'E.3.1.15', 'yes', NULL, '13.33'),
(7381, '171', 'E.3.2', 'yes', NULL, '16.69'),
(7391, '191', 'G.1.1', 'yes', 'Yes. We issued a new policy in July 2011 in line with the launch of the Bribery Act 2010', '5.71'),
(7401, '191', 'G.1.3', 'no', NULL, '5.71'),
(7411, '191', 'G.1.4', 'yes', NULL, '11.44'),
(7421, '191', 'G.1.5', 'no', NULL, '17.14'),
(7431, '191', 'G.2.5', 'yes', 'We hold monthly Board meetings and separate Environmental and Health and Safety meetings to provide solid governance for the company', '10.00'),
(7441, '191', 'G.2.6', 'no', NULL, '10.00'),
(7451, '191', 'G.2.8', 'yes', 'Chairman is non executive and CEO is executive', '5.00'),
(7461, '191', 'G.2.13', 'no', NULL, '15.00'),
(7471, '191', 'G.3.1', 'no', 'We only make charitable contributions . Zero contribituions to polictical parties', '5.00'),
(7481, '191', 'G.3.2', 'no', NULL, '5.00'),
(7491, '191', 'G.3.4', 'no', NULL, '10.00'),
(7501, '191', 'S.1.5', '0', 'we had 16 leavers across 340 employers giving a turnover rate of 4%', '2.24'),
(7511, '191', 'S.1.6.4', 'pl', 'We currently have Quality standard ISO 9001 and we will go for Environmental standard ISO 14001 and in 2014 we will go for the H&S standard ISO 18001. Intent to integrate in a 5 year plan\r\nWe intend to go for ISO 18001 ', '9.02'),
(7521, '191', 'S.1.6.5', '50', 'We track reportable incidents (>3days off) on a monthly basis in line with RIDDOR ( Reportable Injuries , Diseases and Dangerous Occruences Report in line the UK H&S legislation) YTD lost days Jan - Nov 12 is 4 INCIDENTS /131 days OFF versus 11 INCIDENTS/401 lost days for same period in 2011. We have 345 emmployees so will let you do the calc', '6.77'),
(7531, '191', 'S.1.6.6', '0', 'no fatalities in our releveant history', '6.77'),
(7541, '191', 'S.1.7', '0', 'refer to the data note in s.1.6.5 regarding reportable accidents. however there have been no Union disputes/controversies/incidents involving employees outside the normal course of arbritration', '18.05'),
(7551, '191', 'S.2.1', 'nofollow', NULL, '3.43'),
(7561, '191', 'S.2.2', 'no', NULL, '10.29'),
(7571, '191', 'S.2.3', 'no', NULL, '3.43'),
(7581, '191', 'S.3.2.1', 'yes', 'we have ISO 9001', '7.14'),
(7591, '191', 'S.3.3', '0', 'All our customer related feedback is product quality related. We have no feedback linked to social issues.', '7.14'),
(7601, '191', 'S.4.1', 'no', NULL, '5.14'),
(7611, '191', 'S.4.2.1', 'yes', 'We comply with the EEC regulations and have an Employee Handbook which contains all the latest legislation regarding polices and procedures', '10.29'),
(7621, '191', 'S.4.3', 'no', NULL, '10.29'),
(7631, '191', 'E.1.3.2', 'yes', 'Fully compliant with Hazaardous Waste Regulations. We also have internal waste reduction targets across each division and reviewed annually. eg we send 5 tonnes of oil /water mixed for disposal and aim to reduce this by 1% year on year over a 5 year plan.', '4.61'),
(7641, '191', 'E.1.3.3', 'yes', 'Compliant with a Pollution Prevention Control Permit ( BS 0752IV) issued by the Environment Agency. This ensures that we monitor all controlled emissions to air. eg NOX (Nitrogen Oxides) . We are currently below emission limits.', '4.61'),
(7651, '191', 'E.1.3.4', 'yes', 'We monitor monthly water usage with an ongoing water minimisation usage plan in place. This is incorpoarated within our Enviromental Management System and a requirement of our Permit conditions', '4.61'),
(7661, '191', 'E.1.3.5', 'yes', 'As members of the Climate Change Agreeement ( Department of Climate Change - UK Government agency) and the EU Emissions Trading Scheme (phase 3) we monitor every month our gas/electricty usage and we submit a Energy Reduction and Monitoring plan which is part of our Permit UK - E-IN -12591. This permit is subject to annaul review', '4.61'),
(7671, '191', 'E.1.5', 'yes', 'Yes . See E1.3.5', '1.84'),
(7681, '191', 'E.1.6', 'Scope1', 'Not familiar with scope 1,2 and 3 but we are monitoring green house emissions when we do our Stack Emissions Monitoring assocaed with our billet pre heat furnances', '1.84'),
(7691, '191', 'E.1.7', 'yes', 'Yes. See E 1.3.5', '3.68'),
(7701, '191', 'E.1.8', 'pl', 'Constantly reviewing processes within an economic viability', '1.84'),
(7711, '191', 'E.1.9', '40', NULL, '1.84'),
(7721, '191', 'E.1.10', 'negative', 'CO2 tonnes YTD (Jan - Oct ) are 10,815 versus 11,719 tonnes in 2011. Based on a static headcount of 340 then this is circa 8 % reduction', '1.84'),
(7731, '191', 'E.1.11', '0', 'Zero as not currently economically viable', '2.76'),
(7741, '191', 'E.1.12', 'yes', 'It is a PPC requirement to have an incident monitoring programme within our EMS. We had one near miss incident whcih was reported to the Environment Agency and still await confirmaton that the controls and subsequent follow up actions and measurements confirm we have no breach of the Permit.', '18.42'),
(7751, '191', 'E.2.1', 'pl', 'It is the intention to take into consideration our green issues for non steel procurement such as consumables.', '12.50'),
(7761, '191', 'E.3.1.2', '0', 'zero. We proces and distribute steel bars world wide', '15.00'),
(7771, '191', 'E.3.1.6', 'pl', 'When putting in place new infrastructure or capital projects such as new furnance or extraction or lighting we make environment considerations in this decision process. eg Lighting project signed off using low emission lighting and furnance project considering electric versus gas.', '10.00'),
(7781, '191', 'E.3.2', 'no', 'No incidents involving products or services', '10.00'),
(7791, '211', 'G.1.1', 'no', NULL, '5.00'),
(7801, '211', 'G.1.3', 'no', NULL, '5.00'),
(7811, '211', 'G.1.4', 'yes', NULL, '10.00'),
(7821, '211', 'G.1.5', 'no', NULL, '20.00'),
(7831, '211', 'G.2.1', 'no', NULL, '8.00'),
(7841, '211', 'G.2.5', 'no', NULL, '10.67'),
(7851, '211', 'G.2.6', 'no', NULL, '10.67'),
(7861, '211', 'G.2.8', 'yes', NULL, '5.33'),
(7871, '211', 'G.2.13', 'no', NULL, '13.33'),
(7881, '211', 'G.3.2', 'no', '0% ', '4.00'),
(7891, '211', 'G.3.4', 'no', NULL, '8.00'),
(7901, '211', 'S.1.5', '2', NULL, '3.81'),
(7911, '211', 'S.1.6.4', 'yes', NULL, '5.71'),
(7921, '211', 'S.1.6.5', '3', NULL, '5.71'),
(7931, '211', 'S.1.6.6', '0', NULL, '5.71'),
(7941, '211', 'S.1.7', '0', 'Included in 1.6.5', '13.33'),
(7951, '211', 'S.2.1', 'nofollow', NULL, '7.14'),
(7961, '211', 'S.2.2', 'no', NULL, '10.71'),
(7971, '211', 'S.2.3', 'no', NULL, '10.71'),
(7981, '211', 'S.3.2.1', 'yes', NULL, '5.71'),
(7991, '211', 'S.3.3', '0', NULL, '5.71'),
(8001, '211', 'S.4.1', 'no', NULL, '4.29'),
(8011, '211', 'S.4.2.1', 'yes', 'Swiss federal laws', '8.60'),
(8021, '211', 'S.4.3', 'no', NULL, '12.86'),
(8031, '211', 'E.1.1.1', 'yes', NULL, '2.47'),
(8041, '211', 'E.1.2', 'yes', NULL, '3.29'),
(8051, '211', 'E.1.3', 'yes', NULL, '3.29'),
(8061, '211', 'E.1.3.2', 'yes', NULL, '4.11'),
(8071, '211', 'E.1.3.3', 'no', 'We have no relevant air emissions', '4.11'),
(8081, '211', 'E.1.3.4', 'no', 'We have no relevant water use (only toilets)', '4.11'),
(8091, '211', 'E.1.3.5', 'yes', NULL, '3.29'),
(8101, '211', 'E.1.5', 'no', NULL, '1.64'),
(8111, '211', 'E.1.6', 'Scope3', 'We have no reporting on GHG emissions', '1.64'),
(8121, '211', 'E.1.7', 'no', NULL, '3.29'),
(8131, '211', 'E.1.8', 'no', NULL, '1.64'),
(8141, '211', 'E.1.9', '0', '1.37 tonnes / employee', '1.64'),
(8151, '211', 'E.1.10', 'negative', NULL, '1.64'),
(8161, '211', 'E.1.11', '54', NULL, '1.64'),
(8171, '211', 'E.1.12', 'no', NULL, '22.19'),
(8181, '211', 'E.2.1', 'no', NULL, '2.50'),
(8191, '211', 'E.2.1.1', 'no', NULL, '3.75'),
(8201, '211', 'E.2.2', 'no', NULL, '3.75'),
(8211, '211', 'E.3.1.1', 'yes', NULL, '2.73'),
(8221, '211', 'E.3.1.2', '100', NULL, '13.64'),
(8231, '211', 'E.3.1.6', 'yes', NULL, '2.73'),
(8241, '211', 'E.3.2', 'no', NULL, '10.91'),
(8251, '221', 'G.1.1', 'no', 'However strict controls on cash, contracts that do not allow Bribery or corruption without being detected.', '5.71'),
(8261, '221', 'G.1.3', 'no', NULL, '5.71'),
(8271, '221', 'G.1.4', 'yes', NULL, '11.44'),
(8281, '221', 'G.1.5', 'no', NULL, '17.14'),
(8291, '221', 'G.2.5', 'no', NULL, '10.00'),
(8301, '221', 'G.2.6', 'no', NULL, '10.00'),
(8311, '221', 'G.2.8', 'no', NULL, '5.00'),
(8321, '221', 'G.2.13', 'no', NULL, '15.00'),
(8331, '221', 'G.3.1', 'no', 'Hoever as explained strict control on cash and cost structure that do not allow political contributions.\r\nPolitical involvement is a privacy matter', '5.00'),
(8341, '221', 'G.3.2', 'no', NULL, '5.00'),
(8351, '221', 'G.3.4', 'no', NULL, '10.00'),
(8361, '221', 'S.1.5', '0', 'in normal years around 20%', '2.24'),
(8371, '221', 'S.1.6.4', 'no', NULL, '9.02'),
(8381, '221', 'S.1.6.5', '0', 'insignificant', '6.77'),
(8391, '221', 'S.1.6.6', '0', 'None', '6.77'),
(8401, '221', 'S.1.7', '0', 'none or insignificamt', '18.05'),
(8411, '221', 'S.2.1', 'nofollow', NULL, '3.43'),
(8421, '221', 'S.2.2', 'yes', NULL, '10.29'),
(8431, '221', 'S.2.3', 'no', NULL, '3.43'),
(8441, '221', 'S.3.2.1', 'no', NULL, '7.14'),
(8451, '221', 'S.3.3', '0', 'Unkown', '7.14'),
(8461, '221', 'S.4.1', 'no', NULL, '5.14'),
(8471, '221', 'S.4.2.1', 'no', NULL, '10.29'),
(8481, '221', 'S.4.3', 'no', NULL, '10.29'),
(8491, '221', 'E.1.3.2', 'no', 'No hazardous products that we need to dispose of in significant amounts.\r\nSome of the gaz we use are returned to the producer through empty recipients.', '4.61'),
(8501, '221', 'E.1.3.3', 'no', 'None', '4.61'),
(8511, '221', 'E.1.3.4', 'yes', 'Through the development of new products for the pumps used in our machines. However our technology necessitate pure water.', '4.61'),
(8521, '221', 'E.1.3.5', 'no', 'Minimal impacts. Our wastes are recycled through the Swiss recycling industries for common goods else through our suppliers if needed.', '4.61'),
(8531, '221', 'E.1.5', 'no', NULL, '1.84'),
(8541, '221', 'E.1.6', 'Scope3', 'No scope for our company', '1.84'),
(8551, '221', 'E.1.7', 'no', 'N/A', '3.68'),
(8561, '221', 'E.1.8', 'no', 'Swiss standards are already high', '1.84'),
(8571, '221', 'E.1.9', '0', 'Unknown', '1.84'),
(8581, '221', 'E.1.10', NULL, 'Unknown', '1.84'),
(8591, '221', 'E.1.11', '0', 'Unknown', '2.76'),
(8601, '221', 'E.1.12', 'no', NULL, '18.42'),
(8611, '221', 'E.2.1', 'no', NULL, '12.50'),
(8621, '221', 'E.3.1.2', '0', 'None', '15.00'),
(8631, '221', 'E.3.1.6', 'no', NULL, '10.00'),
(8641, '221', 'E.3.2', 'no', NULL, '10.00'),
(8651, '231', 'G.1.1', 'yes', NULL, '5.42'),
(8661, '231', 'G.1.3', 'no', NULL, '5.42'),
(8671, '231', 'G.1.4', 'yes', NULL, '10.83'),
(8681, '231', 'G.1.5', 'no', NULL, '21.66'),
(8691, '231', 'G.2.5', 'yes', 'Yes - Bribery, Fraud, and Caldicott guardian', '7.27'),
(8701, '231', 'G.2.5.1', 'yes', NULL, '7.27'),
(8711, '231', 'G.2.7', '25', NULL, '7.27'),
(8721, '231', 'G.2.8', 'yes', NULL, '3.64'),
(8731, '231', 'G.2.13', 'no', NULL, '14.55'),
(8741, '231', 'G.3.1', 'no', NULL, '4.17'),
(8751, '231', 'G.3.2', 'no', '0%', '4.17'),
(8761, '231', 'G.3.4', 'yes', 'For example, compliants policies are public', '8.33'),
(8771, '231', 'S.1.1', 'no', NULL, '10.00'),
(8781, '231', 'S.1.3', 'no', NULL, '5.00'),
(8791, '231', 'S.1.5', '20', NULL, '5.00'),
(8801, '231', 'S.1.6.6', '0', 'No fatalities at all amongst staff', '5.00'),
(8811, '231', 'S.1.7', '0', 'Better reported but believe neutral', '15.00'),
(8821, '231', 'S.2.1', 'nofollow', NULL, '0.95'),
(8831, '231', 'S.2.2', 'no', NULL, '2.86'),
(8841, '231', 'S.2.3', 'no', NULL, '2.86'),
(8851, '231', 'S.3.2.1', 'no', NULL, '13.33'),
(8861, '231', 'S.3.3', '10', 'Occasional compliants received from relatives of patients', '13.33'),
(8871, '231', 'S.4.1', 'no', NULL, '2.96'),
(8881, '231', 'S.4.2.7', 'yes', 'We provide Occupational Health resource, where required, for staff, and also an employee benefit scheme for primary healthcare', '11.85'),
(8891, '231', 'S.4.3', 'no', NULL, '11.86'),
(8901, '231', 'E.1.2', 'no', NULL, '13.33'),
(8911, '231', 'E.1.3', 'no', 'Certifificates held for newer buildings - building regulations Part L2 compliant', '13.36'),
(8921, '231', 'E.1.3.2', 'no', 'Our hazardous waste is medical waste, so subject to care delivery', '13.33'),
(8931, '231', 'E.1.5', 'no', NULL, '3.33'),
(8941, '231', 'E.1.6', 'Scope1', 'We don''t do this', '3.33'),
(8951, '231', 'E.1.7', 'no', NULL, '6.67'),
(8961, '231', 'E.1.8', 'yes', 'Instigated renewable enrgy on new buildings to be extended across site', '3.33'),
(8971, '231', 'E.1.9', '0', 'Not measured so cannot respond', '3.33'),
(8981, '231', 'E.1.10', 'negative', 'Increased capacity uses more energy', '3.33'),
(8991, '231', 'E.1.11', '5', NULL, '3.33'),
(9001, '231', 'E.1.12', 'no', NULL, '33.33'),
(9011, '261', 'G.1.1', 'yes', NULL, '5.42'),
(9021, '261', 'G.1.3', 'no', NULL, '5.42'),
(9031, '261', 'G.1.4', 'yes', NULL, '10.83'),
(9041, '261', 'G.1.5', 'no', 'n/a', '21.66'),
(9051, '261', 'G.2.5', 'yes', NULL, '7.27'),
(9061, '261', 'G.2.5.1', 'no', NULL, '7.27'),
(9071, '261', 'G.2.7', '29', NULL, '7.27'),
(9081, '261', 'G.2.8', 'yes', NULL, '3.64'),
(9091, '261', 'G.2.13', 'no', 'n/a', '14.55'),
(9101, '261', 'G.3.1', 'yes', NULL, '4.17'),
(9111, '261', 'G.3.2', 'no', 'None', '4.17'),
(9121, '261', 'G.3.4', 'no', 'n/a', '8.33'),
(9131, '261', 'S.1.1', 'no', NULL, '10.00'),
(9141, '261', 'S.1.3', 'yes', NULL, '5.00'),
(9151, '261', 'S.1.5', '20', NULL, '5.00'),
(9161, '261', 'S.1.6.6', '0', 'None', '5.00'),
(9171, '261', 'S.1.7', '0', 'Under 1%', '15.00'),
(9181, '261', 'S.2.1', 'nofollow', NULL, '0.95'),
(9191, '261', 'S.2.2', 'no', NULL, '2.86'),
(9201, '261', 'S.2.3', 'no', 'Not applicable', '2.86'),
(9211, '261', 'S.3.2.1', 'yes', NULL, '13.33'),
(9221, '261', 'S.3.3', '0', 'Less than 1%', '13.33'),
(9231, '261', 'S.4.1', 'no', NULL, '2.96'),
(9241, '261', 'S.4.2.7', 'yes', NULL, '11.85'),
(9251, '261', 'S.4.3', 'no', NULL, '11.86'),
(9261, '261', 'E.1.2', 'yes', NULL, '13.33'),
(9271, '261', 'E.1.3', 'no', 'n/a', '13.36'),
(9281, '261', 'E.1.3.2', 'no', 'N/a', '13.33'),
(9291, '261', 'E.1.5', 'no', NULL, '3.33'),
(9301, '261', 'E.1.6', 'Scope1', 'N/a but form requires completion of scope above, so stage 1 ticked', '3.33'),
(9311, '261', 'E.1.7', 'yes', NULL, '6.67'),
(9321, '261', 'E.1.8', 'no', 'n/a', '3.33'),
(9331, '261', 'E.1.9', '0', 'n/a', '3.33'),
(9341, '261', 'E.1.10', NULL, NULL, '3.33'),
(9351, '261', 'E.1.11', '0', 'n/a. % varies according to utility provider', '3.33'),
(9361, '261', 'E.1.12', 'no', 'N/a', '33.33'),
(9371, '271', 'G.1.1', 'yes', NULL, '5.71'),
(9381, '271', 'G.1.3', 'no', NULL, '5.72'),
(9391, '271', 'G.1.4', 'yes', NULL, '11.43'),
(9401, '271', 'G.1.5', 'yes', 'No reportable incidents to date', '17.14'),
(9411, '271', 'G.2.5', 'yes', NULL, '12.00'),
(9421, '271', 'G.2.6', 'no', NULL, '12.00'),
(9431, '271', 'G.2.8', 'yes', NULL, '6.00'),
(9441, '271', 'G.2.13', 'yes', 'No reportable incidents to date', '18.00'),
(9451, '271', 'G.3.4', 'yes', NULL, '12.00'),
(9461, '271', 'S.1.1', 'yes', NULL, '11.88'),
(9471, '271', 'S.1.4', '0', 'With the exception of 4 drivers we have do recognise collective bargaining', '11.88'),
(9481, '271', 'S.1.5', '2', NULL, '5.94'),
(9491, '271', 'S.1.7', '2', NULL, '17.80'),
(9501, '271', 'S.2.2', 'no', NULL, '11.25'),
(9511, '271', 'S.2.3', 'yes', NULL, '11.25'),
(9521, '271', 'S.3.3', '2', NULL, '10.00'),
(9531, '271', 'S.4.1', 'no', NULL, '2.50'),
(9541, '271', 'S.4.2.2', 'yes', 'Road Traffic awareness with local schools\r\n', '7.50'),
(9551, '271', 'S.4.3', 'yes', 'To date there are no reportable incidents', '10.00'),
(9561, '271', 'E.1.2', 'yes', 'This system though is specifically aligned to our Insurance policies in the event of spillage and rollover incidents', '7.18'),
(9571, '271', 'E.1.2.3', 'no', NULL, '10.76'),
(9581, '271', 'E.1.3.5', 'yes', 'We are looking at "Dual Fuel" trucks running on LPG and Diesel.\r\nHowever currently our preferred  Vehicle Manufacturer does not offer "dual fuels" vehicles in the UK and any attempt to modify could invalidate Manufacturer warranties', '7.18'),
(9591, '271', 'E.1.5', 'no', 'We are part of a Carbon Disclosure project with one of  ourTrade Federations (RHA) working inconjunction with the Government but as far as we are aware this is not the same as the Carbon Disclosure Project', '3.59'),
(9601, '271', 'E.1.6', 'Scope3', 'N/A', '3.59'),
(9611, '271', 'E.1.7', 'yes', 'As part of the initiative with the RHA and FTA', '5.38'),
(9621, '271', 'E.1.8', 'no', NULL, '3.59'),
(9631, '271', 'E.1.9', '8', NULL, '3.59'),
(9641, '271', 'E.1.10', 'na', NULL, '3.59'),
(9651, '271', 'E.1.11', '100', 'As we are a Bulk Logistics Transport company our primary energy used is diesel for the trucks', '3.59'),
(9661, '271', 'E.1.12', 'yes', 'It is part of the company''s procedures that all incidents including near misses are report and where necessary investigated', '25.12'),
(9671, '271', 'E.2.1.1', 'yes', 'Other than select suppliers who have have such policies there is little we can do', '5.71'),
(9681, '271', 'E.2.2', 'yes', 'See comments in 1.12', '5.71'),
(9691, '271', 'E.3.1.1', 'no', NULL, '5.71'),
(9701, '271', 'E.3.2', 'yes', 'See comments in 1.12', '5.71'),
(9711, '281', 'G.1.1', 'yes', NULL, '2.67'),
(9721, '281', 'G.1.3', 'no', NULL, '2.67'),
(9731, '281', 'G.1.4', 'yes', NULL, '5.33'),
(9741, '281', 'G.1.4.3', 'no', 'n/a', '8.00'),
(9751, '281', 'G.1.4.5', 'no', 'n/a', '8.00'),
(9761, '281', 'G.1.5', 'no', NULL, '21.33'),
(9771, '281', 'G.2.5', 'yes', 'The Board reviews such matters', '7.27'),
(9781, '281', 'G.2.6', 'no', 'EBITDA related', '7.27'),
(9791, '281', 'G.2.8', 'yes', NULL, '3.64'),
(9801, '281', 'G.2.13', 'no', NULL, '21.82'),
(9811, '281', 'G.3.2', 'no', 'Nil', '4.00'),
(9821, '281', 'G.3.4', 'no', 'Do not understand the question', '8.00'),
(9831, '281', 'S.1.5', '5', 'Presume this means headcount', '5.56'),
(9841, '281', 'S.1.6.2', 'yes', NULL, '11.11'),
(9851, '281', 'S.1.6.4', 'yes', NULL, '5.56'),
(9861, '281', 'S.1.6.5', '0', 'Not sure what this question means', '11.11'),
(9871, '281', 'S.1.7', '0', 'Again do not understand the question', '16.67'),
(9881, '281', 'S.2.1', NULL, 'Again - do not understand the question', '3.21'),
(9891, '281', 'S.2.2', 'no', NULL, '9.64'),
(9901, '281', 'S.2.3', 'no', NULL, '9.64'),
(9911, '281', 'S.3.1.1', 'no', NULL, '6.43'),
(9921, '281', 'S.3.2.1', NULL, 'No idea', '6.43'),
(9931, '281', 'S.3.3', '0', 'Do not understand the question', '9.64'),
(9941, '281', 'S.4.1', NULL, 'We operate in the UK and Ireland', '1.25'),
(9951, '281', 'S.4.3', 'no', NULL, '3.75'),
(9961, '281', 'E.1.2', 'yes', NULL, '7.27'),
(9971, '281', 'E.1.2.7', 'na', NULL, '5.45'),
(9981, '281', 'E.1.3', 'yes', NULL, '7.27'),
(9991, '281', 'E.1.5', 'no', NULL, '1.81'),
(10001, '281', 'E.1.6', 'Scope3', NULL, '1.82'),
(10011, '281', 'E.1.7', 'yes', NULL, '3.64'),
(10021, '281', 'E.1.7.1', 'yes', NULL, '3.64'),
(10031, '281', 'E.1.8', 'yes', NULL, '1.82'),
(10041, '281', 'E.1.9', '0', 'No idea.', '1.82'),
(10051, '281', 'E.1.10', 'same', NULL, '1.82'),
(10061, '281', 'E.1.11', '0', NULL, '1.82'),
(10071, '281', 'E.1.12', 'no', NULL, '21.82'),
(10081, '281', 'E.2.1', 'yes', NULL, '2.29'),
(10091, '281', 'E.2.1.1', 'yes', NULL, '2.29'),
(10101, '281', 'E.2.1.2', 'no', NULL, '4.57'),
(10111, '281', 'E.2.1.7', '63', NULL, '4.57'),
(10121, '281', 'E.2.2', 'no', NULL, '9.14'),
(10131, '281', 'E.3.1.1', 'no', 'We are a wholesaler - we do sell products that use recycled packaging / made from recycled material', '11.43'),
(10141, '281', 'E.3.2', 'no', NULL, '5.71'),
(10151, '291', 'G.1.1', 'yes', NULL, '5.42'),
(10161, '291', 'G.1.3', 'no', NULL, '5.42'),
(10171, '291', 'G.1.4', 'yes', NULL, '10.83'),
(10181, '291', 'G.1.5', 'no', NULL, '21.66'),
(10191, '291', 'G.2.5', 'no', NULL, '7.27'),
(10201, '291', 'G.2.5.1', 'no', NULL, '7.27'),
(10211, '291', 'G.2.7', '0', NULL, '7.27'),
(10221, '291', 'G.2.8', 'yes', NULL, '3.64'),
(10231, '291', 'G.2.13', 'no', NULL, '14.55'),
(10241, '291', 'G.3.1', 'no', NULL, '4.17'),
(10251, '291', 'G.3.2', 'no', '0%', '4.17'),
(10261, '291', 'G.3.4', 'yes', NULL, '8.33'),
(10271, '291', 'S.1.1', 'no', NULL, '10.00'),
(10281, '291', 'S.1.3', 'no', NULL, '5.00'),
(10291, '291', 'S.1.5', '5', NULL, '5.00'),
(10301, '291', 'S.1.6.6', '0', NULL, '5.00'),
(10311, '291', 'S.1.7', '1', NULL, '15.00'),
(10321, '291', 'S.2.1', 'nofollow', NULL, '0.95'),
(10331, '291', 'S.2.2', 'no', NULL, '2.86'),
(10341, '291', 'S.2.3', 'no', NULL, '2.86'),
(10351, '291', 'S.3.2.1', 'yes', 'QMS audited by CQC and HFEA', '13.33'),
(10361, '291', 'S.3.3', '1', NULL, '13.33'),
(10371, '291', 'S.4.1', 'no', NULL, '2.96'),
(10381, '291', 'S.4.2.7', 'yes', NULL, '11.85'),
(10391, '291', 'S.4.3', 'no', NULL, '11.86'),
(10401, '291', 'E.1.2', 'no', NULL, '13.33'),
(10411, '291', 'E.1.3', 'no', NULL, '13.36'),
(10421, '291', 'E.1.3.2', 'no', NULL, '13.33'),
(10431, '291', 'E.1.5', 'no', NULL, '3.33'),
(10441, '291', 'E.1.6', NULL, 'None', '3.33'),
(10451, '291', 'E.1.7', 'no', NULL, '6.67'),
(10461, '291', 'E.1.8', 'no', NULL, '3.33'),
(10471, '291', 'E.1.9', '15', NULL, '3.33'),
(10481, '291', 'E.1.10', 'na', NULL, '3.33'),
(10491, '291', 'E.1.11', '25', NULL, '3.33'),
(10501, '291', 'E.1.12', 'no', 'Not related to GHG', '33.33'),
(10511, '301', 'G.1.1', 'yes', NULL, '2.86'),
(10521, '301', 'G.1.1.1', 'no', NULL, '8.57'),
(10531, '301', 'G.1.2', 'no', NULL, '8.57'),
(10541, '301', 'G.1.3', 'no', NULL, '2.86'),
(10551, '301', 'G.1.4', 'yes', NULL, '2.86'),
(10561, '301', 'G.1.5', 'no', NULL, '14.30'),
(10571, '301', 'G.2.5', 'no', NULL, '9.60'),
(10581, '301', 'G.2.6', 'no', NULL, '9.52'),
(10591, '301', 'G.2.8', 'yes', NULL, '4.50'),
(10601, '301', 'G.2.13', 'no', NULL, '9.52'),
(10611, '301', 'G.3.1', 'no', NULL, '6.67'),
(10621, '301', 'G.3.2', 'pl', NULL, '6.67'),
(10631, '301', 'G.3.4', 'pl', NULL, '13.50'),
(10641, '301', 'S.1.1', 'no', NULL, '3.00'),
(10651, '301', 'S.1.4', '1', NULL, '3.00'),
(10661, '301', 'S.1.5', '2', NULL, '3.00'),
(10671, '301', 'S.1.6', 'no', NULL, '3.00'),
(10681, '301', 'S.1.6.2', 'no', NULL, '6.00'),
(10691, '301', 'S.1.6.4', 'no', NULL, '6.00'),
(10701, '301', 'S.1.6.5', '2', NULL, '6.00'),
(10711, '301', 'S.1.6.6', '3', NULL, '3.00'),
(10721, '301', 'S.1.7', '3', NULL, '27.00'),
(10731, '301', 'S.2.1', 'nofollow', NULL, '3.81'),
(10741, '301', 'S.2.2', 'yes', NULL, '7.62'),
(10751, '301', 'S.3.2.1', 'yes', NULL, '15.24'),
(10761, '301', 'S.3.3', '2', NULL, '7.61'),
(10771, '301', 'S.4.1', 'no', NULL, '2.86'),
(10781, '301', 'S.4.3', 'no', NULL, '2.86'),
(10791, '301', 'E.1.3', 'no', NULL, '8.98'),
(10801, '301', 'E.1.5', 'no', NULL, '2.99'),
(10811, '301', 'E.1.6', 'Scope1', NULL, '2.99'),
(10821, '301', 'E.1.7', 'no', NULL, '5.99'),
(10831, '301', 'E.1.8', 'no', NULL, '2.99'),
(10841, '301', 'E.1.9', '7', NULL, '2.99'),
(10851, '301', 'E.1.10', 'negative', NULL, '2.99'),
(10861, '301', 'E.1.11', '100', NULL, '2.99'),
(10871, '301', 'E.1.12', 'no', NULL, '29.93'),
(10881, '301', 'E.2.1', 'no', NULL, '2.86'),
(10891, '301', 'E.2.1.1', 'no', NULL, '4.29'),
(10901, '301', 'E.2.1.2', 'no', NULL, '5.71'),
(10911, '301', 'E.2.2', 'no', NULL, '7.14'),
(10921, '301', 'E.3.1.1', 'no', NULL, '5.71'),
(10931, '301', 'E.3.1.2', '100', NULL, '5.71'),
(10941, '301', 'E.3.2', 'no', NULL, '5.74'),
(10951, '311', 'G.1.1', 'yes', NULL, '3.33'),
(10961, '311', 'G.1.3', 'no', NULL, '3.33'),
(10971, '311', 'G.1.4', 'yes', NULL, '6.67'),
(10981, '311', 'G.1.4.3', 'no', NULL, '10.00'),
(10991, '311', 'G.1.5', 'no', NULL, '16.67'),
(11001, '311', 'G.2.5', 'no', NULL, '13.87'),
(11011, '311', 'G.2.6', 'no', NULL, '13.87'),
(11021, '311', 'G.2.8', 'no', NULL, '6.93'),
(11031, '311', 'G.2.13', 'no', NULL, '17.33'),
(11041, '311', 'G.3.4', 'no', NULL, '8.00'),
(11051, '311', 'S.1.1.1', 'yes', NULL, '4.17'),
(11061, '311', 'S.1.2', 'yes', NULL, '4.17'),
(11071, '311', 'S.1.3', 'yes', NULL, '4.17'),
(11081, '311', 'S.1.5', '23', NULL, '2.08'),
(11091, '311', 'S.1.6.2', 'yes', NULL, '6.25'),
(11101, '311', 'S.1.7', '5', NULL, '16.67'),
(11111, '311', 'S.2.1', 'nofollow', NULL, '2.94'),
(11121, '311', 'S.2.1.1', 'noimplemented', NULL, '5.88'),
(11131, '311', 'S.2.2', 'no', NULL, '8.82'),
(11141, '311', 'S.2.2.1', 'no', NULL, '5.88'),
(11151, '311', 'S.2.2.2', 'no', NULL, '2.94'),
(11161, '311', 'S.2.2.3', 'no', NULL, '5.88'),
(11171, '311', 'S.2.2.4', 'yes', NULL, '17.65'),
(11181, '311', 'S.3.3', '0', NULL, '7.50'),
(11191, '311', 'S.4.1', 'pl', NULL, '2.50'),
(11201, '311', 'S.4.3', 'yes', NULL, '2.50'),
(11211, '311', 'E.1.2.7', 'na', NULL, '5.11'),
(11221, '311', 'E.1.3', 'yes', NULL, '5.11'),
(11231, '311', 'E.1.3.5', 'no', NULL, '5.11'),
(11241, '311', 'E.1.7', 'yes', NULL, '5.11'),
(11251, '311', 'E.1.8', 'no', NULL, '2.56'),
(11261, '311', 'E.1.9', '62', NULL, '2.56'),
(11271, '311', 'E.1.10', 'negative', NULL, '2.56'),
(11281, '311', 'E.1.11', '0', NULL, '2.56'),
(11291, '311', 'E.1.12', 'no', NULL, '17.89'),
(11301, '311', 'E.2.1', 'no', NULL, '3.57'),
(11311, '311', 'E.2.1.1', 'no', NULL, '7.14'),
(11321, '311', 'E.2.1.2', 'no', NULL, '7.14'),
(11331, '311', 'E.2.2', 'no', NULL, '10.71'),
(11341, '311', 'E.3.1.1', 'no', NULL, '5.71'),
(11351, '311', 'E.3.1.6', 'no', NULL, '4.29'),
(11361, '311', 'E.3.1.7', 'yes', NULL, '4.29'),
(11371, '311', 'E.3.2', 'no', NULL, '8.58'),
(11381, '321', 'G.1.1', 'yes', NULL, '5.72'),
(11391, '321', 'G.1.3', 'no', NULL, '5.71'),
(11401, '321', 'G.1.4', 'yes', NULL, '11.43'),
(11411, '321', 'G.1.5', 'no', NULL, '17.14'),
(11421, '321', 'G.2.5', 'no', NULL, '10.67'),
(11431, '321', 'G.2.6', 'no', NULL, '10.67'),
(11441, '321', 'G.2.8', 'yes', NULL, '5.33'),
(11451, '321', 'G.2.13', 'no', NULL, '21.33'),
(11461, '321', 'G.3.2', 'no', 'NIL', '4.00'),
(11471, '321', 'G.3.4', 'yes', 'Policies & Procedures, but not public', '8.00'),
(11481, '321', 'S.1.1', 'no', NULL, '3.50'),
(11491, '321', 'S.1.2', 'yes', NULL, '5.64'),
(11501, '321', 'S.1.4', '0', 'nil', '5.00'),
(11511, '321', 'S.1.5', '0', '£36m pa', '5.00'),
(11521, '321', 'S.1.6.2', 'yes', NULL, '8.00'),
(11531, '321', 'S.1.6.6', '0', 'Nil', '8.00'),
(11541, '321', 'S.1.7', '0', 'Accident statistics being complied', '22.86'),
(11551, '321', 'S.2.1', 'follow', 'IS9000, 14000, 19000 etc', '10.00'),
(11561, '321', 'S.2.2', 'no', NULL, '14.00'),
(11571, '321', 'S.2.3', 'no', NULL, '9.00'),
(11581, '321', 'S.3.3', '1', 'OTIF 99%', '9.00'),
(11591, '321', 'E.1.2', 'yes', NULL, '3.23'),
(11601, '321', 'E.1.2.7', 'na', 'WATER QUALITY REPORT AVAILABLE', '4.84'),
(11611, '321', 'E.1.3.5', 'yes', NULL, '4.03'),
(11621, '321', 'E.1.5', 'no', NULL, '4.00'),
(11631, '321', 'E.1.6', NULL, 'na', '4.00'),
(11641, '321', 'E.1.7', 'no', NULL, '5.00'),
(11651, '321', 'E.1.8', 'yes', NULL, '2.42'),
(11661, '321', 'E.1.9', '0', NULL, '2.42'),
(11671, '321', 'E.1.10', 'negative', NULL, '2.42'),
(11681, '321', 'E.1.11', '0', NULL, '2.42'),
(11691, '321', 'E.1.12', 'no', 'None occurred', '19.31'),
(11701, '321', 'E.2.1', 'yes', NULL, '1.25'),
(11711, '321', 'E.2.1.7', '0', NULL, '7.50'),
(11721, '321', 'E.2.1.8', '0', NULL, '7.50'),
(11731, '321', 'E.2.2', 'no', 'Not needed', '8.75'),
(11741, '321', 'E.3.1.1', 'yes', 'FSC PEFC', '6.82'),
(11751, '321', 'E.3.1.6', 'yes', NULL, '5.00'),
(11761, '321', 'E.3.2', 'no', 'None happened', '9.09'),
(11771, '421', 'G.1.1', 'yes', NULL, '5.42'),
(11781, '421', 'G.1.3', 'no', 'But we do apply the global compact''s 10 principles', '5.42'),
(11791, '421', 'G.1.4', 'yes', NULL, '10.83'),
(11801, '421', 'G.1.5', 'no', 'No controversies', '21.66'),
(11811, '421', 'G.2.5', 'yes', NULL, '7.27'),
(11821, '421', 'G.2.5.1', 'yes', NULL, '7.27'),
(11831, '421', 'G.2.7', '0', NULL, '7.27'),
(11841, '421', 'G.2.8', 'yes', NULL, '3.64'),
(11851, '421', 'G.2.13', 'no', 'No controversies', '14.55'),
(11861, '421', 'G.3.1', 'yes', NULL, '4.17'),
(11871, '421', 'G.3.2', 'no', 'No political contributions', '4.17'),
(11881, '421', 'G.3.4', 'no', 'No controversies', '8.33'),
(11891, '421', 'S.1.1', 'yes', NULL, '10.00'),
(11901, '421', 'S.1.3', 'yes', NULL, '5.00'),
(11911, '421', 'S.1.5', '5', 'Below 5%', '5.00'),
(11921, '421', 'S.1.6.6', '0', 'No fatalities', '5.00'),
(11931, '421', 'S.1.7', '0', 'No controversies', '15.00'),
(11941, '421', 'S.2.1', 'follow', NULL, '0.95'),
(11951, '421', 'S.2.2', 'no', NULL, '2.86'),
(11961, '421', 'S.2.3', 'no', 'No controversies', '2.86'),
(11971, '421', 'S.3.2.1', 'yes', NULL, '13.33'),
(11981, '421', 'S.3.3', '0', '0.001%', '13.33'),
(11991, '421', 'S.4.1', 'no', NULL, '2.96'),
(12001, '421', 'S.4.2.7', 'yes', NULL, '11.85'),
(12011, '421', 'S.4.3', 'no', 'No controversies', '11.86'),
(12021, '421', 'E.1.2', 'no', NULL, '13.33'),
(12031, '421', 'E.1.3', 'no', NULL, '13.36'),
(12041, '421', 'E.1.3.2', 'yes', NULL, '13.33'),
(12051, '421', 'E.1.5', 'no', NULL, '3.33'),
(12061, '421', 'E.1.6', NULL, 'N/A', '3.33'),
(12071, '421', 'E.1.7', 'no', NULL, '6.67'),
(12081, '421', 'E.1.8', 'yes', NULL, '3.33'),
(12091, '421', 'E.1.9', '0', 'Not known', '3.33'),
(12101, '421', 'E.1.10', 'negative', '(this means a trend towards improvement)', '3.33'),
(12111, '421', 'E.1.11', '10', NULL, '3.33'),
(12121, '421', 'E.1.12', 'no', NULL, '33.33'),
(12131, '431', 'G.1.1', 'yes', NULL, '5.42'),
(12141, '431', 'G.1.3', 'no', NULL, '5.42'),
(12151, '431', 'G.1.4', 'yes', NULL, '10.83'),
(12161, '431', 'G.1.5', 'no', 'No incidents', '21.66'),
(12171, '431', 'G.2.5', 'yes', NULL, '7.27'),
(12181, '431', 'G.2.5.1', 'yes', NULL, '7.27'),
(12191, '431', 'G.2.7', '25', NULL, '7.27'),
(12201, '431', 'G.2.8', 'yes', NULL, '3.64'),
(12211, '431', 'G.2.13', 'no', 'No incidents', '14.55'),
(12221, '431', 'G.3.1', 'yes', 'No political contributions allowed', '4.17'),
(12231, '431', 'G.3.2', 'no', 'Nil', '4.17'),
(12241, '431', 'G.3.4', 'no', 'No incidents', '8.33'),
(12251, '431', 'S.1.1', 'yes', NULL, '10.00'),
(12261, '431', 'S.1.3', 'yes', NULL, '5.00'),
(12271, '431', 'S.1.5', '5', 'Below 10% / year', '5.00'),
(12281, '431', 'S.1.6.6', '0', 'Zero fatalities', '5.00'),
(12291, '431', 'S.1.7', '0', 'No incidents', '15.00'),
(12301, '431', 'S.2.1', 'follow', NULL, '0.95'),
(12311, '431', 'S.2.2', 'no', NULL, '2.86'),
(12321, '431', 'S.2.3', 'no', 'No incidents', '2.86'),
(12331, '431', 'S.3.2.1', 'yes', NULL, '13.33'),
(12341, '431', 'S.3.3', '0', 'Zero incidents', '13.33'),
(12351, '431', 'S.4.1', 'no', NULL, '2.96'),
(12361, '431', 'S.4.2.7', 'yes', NULL, '11.85'),
(12371, '431', 'S.4.3', 'no', 'No incidents', '11.86'),
(12381, '431', 'E.1.2', 'no', NULL, '13.33'),
(12391, '431', 'E.1.3', 'no', NULL, '13.36'),
(12401, '431', 'E.1.3.2', 'yes', NULL, '13.33'),
(12411, '431', 'E.1.5', 'no', NULL, '3.33'),
(12421, '431', 'E.1.6', NULL, 'N/A', '3.33'),
(12431, '431', 'E.1.7', 'no', NULL, '6.67'),
(12441, '431', 'E.1.8', 'yes', NULL, '3.33'),
(12451, '431', 'E.1.9', '0', 'N/A', '3.33'),
(12461, '431', 'E.1.10', 'positive', '(improvement)', '3.33'),
(12471, '431', 'E.1.11', '0', 'N/A', '3.33'),
(12481, '431', 'E.1.12', 'no', 'No incidents', '33.33'),
(12491, '441', 'G.1.1', 'yes', NULL, '5.42'),
(12501, '441', 'G.1.3', 'yes', NULL, '5.42'),
(12511, '441', 'G.1.4', 'yes', NULL, '10.83'),
(12521, '441', 'G.1.5', 'no', NULL, '21.66'),
(12531, '441', 'G.2.5', 'yes', NULL, '7.27'),
(12541, '441', 'G.2.5.1', 'yes', NULL, '7.27'),
(12551, '441', 'G.2.7', '0', '0%', '7.27'),
(12561, '441', 'G.2.8', 'yes', NULL, '3.64'),
(12571, '441', 'G.2.13', 'no', NULL, '14.55'),
(12581, '441', 'G.3.1', 'yes', NULL, '4.17'),
(12591, '441', 'G.3.2', 'no', '0%', '4.17'),
(12601, '441', 'G.3.4', 'yes', NULL, '8.33'),
(12611, '441', 'S.1.1', 'yes', NULL, '10.00'),
(12621, '441', 'S.1.3', 'yes', NULL, '5.00'),
(12631, '441', 'S.1.5', '5', NULL, '5.00'),
(12641, '441', 'S.1.6.6', '0', 'No Fatalities at all', '5.00'),
(12651, '441', 'S.1.7', '0', NULL, '15.00'),
(12661, '441', 'S.2.1', 'follow', NULL, '0.95'),
(12671, '441', 'S.2.2', 'yes', NULL, '2.86'),
(12681, '441', 'S.2.3', 'no', '0 ', '2.86'),
(12691, '441', 'S.3.2.1', 'yes', NULL, '13.33'),
(12701, '441', 'S.3.3', '0', '>0,01%', '13.33'),
(12711, '441', 'S.4.1', 'no', NULL, '2.96'),
(12721, '441', 'S.4.2.7', 'yes', NULL, '11.85'),
(12731, '441', 'S.4.3', 'no', NULL, '11.86'),
(12741, '441', 'E.1.2', 'yes', NULL, '13.33'),
(12751, '441', 'E.1.3', 'pl', NULL, '13.36'),
(12761, '441', 'E.1.3.2', 'yes', NULL, '13.33'),
(12771, '441', 'E.1.5', 'no', NULL, '3.33'),
(12781, '441', 'E.1.6', NULL, 'N/A', '3.33'),
(12791, '441', 'E.1.7', 'yes', NULL, '6.67'),
(12801, '441', 'E.1.8', 'yes', NULL, '3.33'),
(12811, '441', 'E.1.9', '0', 'N/A', '3.33'),
(12821, '441', 'E.1.10', NULL, 'Decrease', '3.33'),
(12831, '441', 'E.1.11', '4', '<5%', '3.33'),
(12841, '441', 'E.1.12', 'no', NULL, '33.33'),
(12851, '451', 'G.1.1', 'yes', NULL, '5.71'),
(12861, '451', 'G.1.3', 'no', NULL, '5.71'),
(12871, '451', 'G.1.4', 'yes', NULL, '11.43'),
(12881, '451', 'G.1.5', 'no', NULL, '17.14'),
(12891, '451', 'G.2.5', 'yes', NULL, '11.56'),
(12901, '451', 'G.2.6', 'yes', 'Dependant on no major issues in addition to EBITDA and cash targets.', '11.56'),
(12911, '451', 'G.2.8', 'yes', NULL, '11.56'),
(12921, '451', 'G.2.13', 'no', NULL, '17.33'),
(12931, '451', 'G.3.4', 'pl', NULL, '8.00'),
(12941, '451', 'S.1.1.1', 'yes', 'We comply with Health & Safety legal requirements and standards.', '4.69'),
(12951, '451', 'S.1.2', 'yes', 'We have an equal opportunities policy.', '4.69'),
(12961, '451', 'S.1.3', 'no', NULL, '4.69'),
(12971, '451', 'S.1.5', '42', '42% currently.', '4.69'),
(12981, '451', 'S.1.5.1', '0', '0%', '4.70'),
(12991, '451', 'S.1.7', '5', '5%', '14.06'),
(13001, '451', 'S.2.1', 'nofollow', NULL, '3.21'),
(13011, '451', 'S.2.1.1', 'noimplemented', NULL, '6.43'),
(13021, '451', 'S.2.2', 'no', NULL, '9.64'),
(13031, '451', 'S.2.2.1', 'no', NULL, '3.21'),
(13041, '451', 'S.2.2.2', 'no', NULL, '3.21'),
(13051, '451', 'S.2.2.3', 'no', NULL, '3.21'),
(13061, '451', 'S.2.3', 'no', NULL, '16.07'),
(13071, '451', 'S.3.3', '0', 'n/a', '5.00'),
(13081, '451', 'S.4.1', 'no', NULL, '4.17'),
(13091, '451', 'S.4.3', 'no', NULL, '8.33'),
(13101, '451', 'E.1.2', 'no', 'We use third parties for manufacture and transport.\r\n', '10.00'),
(13111, '451', 'E.1.4', 'no', NULL, '5.00'),
(13121, '451', 'E.1.5', 'no', NULL, '2.50'),
(13131, '451', 'E.1.6', NULL, 'n/a', '2.50'),
(13141, '451', 'E.1.7', 'no', 'n/a', '5.00'),
(13151, '451', 'E.1.7.1', 'yes', 'We do not have our own fleet but are working with our transport and warehouse provider.', '10.00'),
(13161, '451', 'E.1.8', 'no', 'However, we do have an initiative to invest in longer life low energy lighting.', '2.50'),
(13171, '451', 'E.1.9', '0', 'Outstanding. Need to calculate.', '2.50'),
(13181, '451', 'E.1.10', NULL, 'Outstanding. Need to calculate.', '2.50'),
(13191, '451', 'E.1.11', '0', 'Outstanding. Need to calculate.', '2.50'),
(13201, '451', 'E.1.12', 'no', NULL, '15.00'),
(13211, '451', 'E.2.1', 'pl', 'No formal policy but work with suppliers utilising renewable sources.', '6.67'),
(13221, '451', 'E.2.2', 'no', NULL, '13.33'),
(13231, '451', 'E.3.1.1', 'yes', 'We offer water saving toliets.', '10.00'),
(13241, '451', 'E.3.2', 'no', NULL, '10.00'),
(13251, '471', 'G.1.1', 'pl', 'We are currently in the process of drafting a bribery and corruption policy.', '5.72'),
(13261, '471', 'G.1.1.1', 'pl', 'We are a small office based business with the owner / directors being involved in all decisions of any size and being directly involved with relationships with all major trading partners. We are drafting a policy and will institute a programme to monitor this more closely.', '5.71'),
(13271, '471', 'G.1.4', 'yes', 'All taxes paid are disclosed in our annual accounts.', '11.43'),
(13281, '471', 'G.1.5', 'no', 'We have never reported on any business ethics incidents as we are not aware of any that have occured.', '17.14'),
(13291, '471', 'G.2.5', 'pl', 'We have limited environmental, social and governance systems but these will develop as the business grows.', '12.80'),
(13301, '471', 'G.2.6', 'no', 'Executive compensation is not linked to environmental, social and governance performance.', '12.80'),
(13311, '471', 'G.2.8', 'yes', 'The roles of chairman and chief executive are separated.', '6.40'),
(13321, '471', 'G.2.13', 'no', 'We have never reported any governance related incidents are not aware of any have taken place.', '16.00'),
(13331, '471', 'G.3.2', 'no', 'The company does not make any political contributions.', '6.00'),
(13341, '471', 'G.3.4', 'no', 'We have no formal public policy relating to incidents.', '6.00'),
(13351, '471', 'S.1.5', '5', 'We have a very low turnover rate of staff. Being an office based company with only 60 staff the main reason for people leaving will be for vocational reasons or to advance their careers where there are no opportunities available here.', '2.33'),
(13361, '471', 'S.1.6.2', 'yes', 'We have a health and safety policy and procedures in place. These procedures were put in place by an external consultant and are reviewed on a regular basis.', '7.00'),
(13371, '471', 'S.1.6.4', 'no', 'We have no external health and safety certifications.', '4.67'),
(13381, '471', 'S.1.6.5', '0', 'We have had no lost time incidents.', '2.33'),
(13391, '471', 'S.1.6.6', '0', 'We have had no fatalities.', '4.67'),
(13401, '471', 'S.1.7', '100', 'We have only ever had one employee related controversy which our insurance company is contesting as there are conflicting witness statements.', '14.00'),
(13411, '471', 'S.2.1', 'nofollow', 'We do not follow any social supply chain standards at present. In the direct retail TV market we are restricted to either buy the product or not. We have no ability to take the product and source from an alternative, more ethical source.', '3.46'),
(13421, '471', 'S.2.1.2', 'no', 'We are not directly related to the electronic industry, although some of our products may fit under this category, so membership of this group would not seem appropriate.', '3.46'),
(13431, '471', 'S.2.2', 'pl', 'We are in the direct retail TV retailing sector where we are buying ''effectively'' licensed products and have no influence on the social supply chain involved. It is our intention as we develop the business to strategically develop our own sourcing capability into which we can introduce a more robust social and environmental policy.', '6.92'),
(13441, '471', 'S.2.2.1', 'no', 'Currently we do not have supply chain audits because of the lack of influence which we can exert on the supply chain.', '3.46'),
(13451, '471', 'S.2.2.2', 'no', 'We do not report on supply chain monitoring and enforcement.', '3.46'),
(13461, '471', 'S.2.2.3', 'no', 'We do not have social certifications of suppliers.', '6.92'),
(13471, '471', 'S.2.3', 'no', 'We have had no contractor or supply chain incidents.', '17.31'),
(13481, '471', 'S.3.2.1', 'no', 'We do not have any QMS certifications.', '4.17'),
(13491, '471', 'S.3.3', '0', 'We have a very small number of insurance claims on an annual basis which are a very small fraction of one percent.', '8.33'),
(13501, '471', 'S.4.1', 'no', 'We have no activities in any sensitive countries.', '1.88'),
(13511, '471', 'S.4.3', 'no', 'We have never had the necessity to report any society or community related incidents.', '5.63'),
(13521, '471', 'E.1.1.1', 'no', 'We have never measured this.', '3.04'),
(13531, '471', 'E.1.2', 'yes', 'We are a member of WeeCare for the disposal of electrical products. We are below the threshold for packaging waste directives.', '6.07'),
(13541, '471', 'E.1.3', 'no', 'We have no external certification of the system.', '6.07'),
(13551, '471', 'E.1.3.5', 'no', 'We do not have a any other programmes to reduce key environmental impacts', '3.60'),
(13561, '471', 'E.1.5', 'no', 'We are not part of the carbon disclosure project.', '1.52'),
(13571, '471', 'E.1.6', 'Scope3', 'We have no reporting on GHG emissions.', '1.52'),
(13581, '471', 'E.1.7', 'no', 'We have no targets to reduce GHG emissions.', '3.04'),
(13591, '471', 'E.1.8', 'no', 'We have no plans to increase renewable energy used.', '1.52'),
(13601, '471', 'E.1.9', '0', 'We have never measured our carbon intensity.', '1.52'),
(13611, '471', 'E.1.10', 'na', NULL, '1.52'),
(13621, '471', 'E.1.11', '0', 'We have never measured this.', '1.52'),
(13631, '471', 'E.1.12', 'yes', 'Our operations consist of an office environment and we have a health and safety within this environment. We have never had any reportable incidents.', '19.00'),
(13641, '471', 'E.2.1', 'no', 'We do not have a formal policy on green procurement.', '2.86'),
(13651, '471', 'E.2.1.1', 'no', 'We are very restricted in who we are able to buy products from and have no power to influence their environmental policies.', '6.00'),
(13661, '471', 'E.2.1.2', 'yes', 'We do undertake some factory audits and this may involve external environmental certification.', '8.30'),
(13671, '471', 'E.3.1.1', 'no', 'We do not offer any sustainability related products or services.', '9.00'),
(13681, '471', 'E.3.1.6', 'no', 'We have limited opportunity, if any, to use alternative sources and our environmental considerations at R&D stage are similarly limited.', '6.00'),
(13691, '471', 'E.3.1.7', 'yes', 'We do have end of life product management for electrical products and are a member of Weecare.', '6.00'),
(13701, '471', 'E.3.2', 'no', 'We have had no reportable incidents as far as we are aware.', '11.90'),
(13711, '481', 'G.1.1', 'no', NULL, '2.22'),
(13721, '481', 'G.1.2', 'yes', NULL, '4.44'),
(13731, '481', 'G.1.3', 'pl', NULL, '2.22'),
(13741, '481', 'G.1.3.4', NULL, NULL, '8.90'),
(13751, '481', 'G.1.4', 'no', NULL, '4.44'),
(13761, '481', 'G.1.5', NULL, NULL, '17.78'),
(13771, '481', 'G.2.5', 'no', NULL, '12.00'),
(13781, '481', 'G.2.6', NULL, NULL, '12.00'),
(13791, '481', 'G.2.8', 'yes', NULL, '6.00'),
(13801, '481', 'G.2.13', 'no', NULL, '18.00'),
(13811, '481', 'G.3.2', NULL, NULL, '4.00'),
(13821, '481', 'G.3.4', 'no', NULL, '8.00'),
(13831, '481', 'S.1.2', 'no', NULL, '1.80');
INSERT INTO `question` (`id`, `assessment_id`, `indicator_id`, `resp_value`, `resp_comments`, `weight`) VALUES
(13841, '481', 'S.1.4', '0', NULL, '3.60'),
(13851, '481', 'S.1.5', '26', NULL, '1.80'),
(13861, '481', 'S.1.6.2', 'yes', NULL, '5.40'),
(13871, '481', 'S.1.6.4', NULL, NULL, '5.40'),
(13881, '481', 'S.1.6.5', '24', NULL, '5.40'),
(13891, '481', 'S.1.6.6', '0', NULL, '7.20'),
(13901, '481', 'S.1.7', '45', NULL, '17.99'),
(13911, '481', 'S.2.1', 'planned', NULL, '2.86'),
(13921, '481', 'S.2.1.1', 'implemented', NULL, '5.71'),
(13931, '481', 'S.2.2', 'no', NULL, '5.71'),
(13941, '481', 'S.2.2.2', NULL, NULL, '5.71'),
(13951, '481', 'S.2.3', NULL, NULL, '14.29'),
(13961, '481', 'S.3.2.1', 'no', NULL, '8.57'),
(13971, '481', 'S.3.3', '0', NULL, '8.56'),
(13981, '481', 'E.1.1.1', 'yes', NULL, '3.00'),
(13991, '481', 'E.1.2', 'no', NULL, '6.00'),
(14001, '481', 'E.1.2.7', NULL, NULL, '4.00'),
(14011, '481', 'E.1.3', 'no', NULL, '6.00'),
(14021, '481', 'E.1.3.4', NULL, NULL, '4.00'),
(14031, '481', 'E.1.3.5', 'yes', NULL, '4.00'),
(14041, '481', 'E.1.5', 'pl', NULL, '1.00'),
(14051, '481', 'E.1.6', NULL, NULL, '1.31'),
(14061, '481', 'E.1.7', NULL, NULL, '2.69'),
(14071, '481', 'E.1.8', 'yes', NULL, '3.00'),
(14081, '481', 'E.1.9', '0', NULL, '3.00'),
(14091, '481', 'E.1.10', NULL, NULL, '3.00'),
(14101, '481', 'E.1.11', '30', NULL, '3.00'),
(14111, '481', 'E.1.12', NULL, NULL, '26.00'),
(14121, '481', 'E.2.1', 'yes', NULL, '5.00'),
(14131, '481', 'E.2.2', 'no', NULL, '7.50'),
(14141, '481', 'E.3.1.1', NULL, NULL, '10.00'),
(14151, '481', 'E.3.2', 'pl', NULL, '7.50'),
(14161, '491', 'G.1.1', 'pl', NULL, '7.14'),
(14171, '491', 'G.1.3', 'no', NULL, '7.14'),
(14181, '491', 'G.1.4', 'no', NULL, '14.30'),
(14191, '491', 'G.1.5', 'yes', NULL, '21.43'),
(14201, '491', 'G.2.1', 'yes', NULL, '4.44'),
(14211, '491', 'G.2.2', 'no', NULL, '4.44'),
(14221, '491', 'G.2.5', 'pl', NULL, '4.44'),
(14231, '491', 'G.2.6', 'yes', NULL, '8.89'),
(14241, '491', 'G.2.13', 'pl', NULL, '17.78'),
(14251, '491', 'G.3.4', 'yes', NULL, '10.00'),
(14261, '491', 'S.1.5', '44', NULL, '4.10'),
(14271, '491', 'S.1.6.2', 'no', NULL, '6.00'),
(14281, '491', 'S.1.7', '23', NULL, '12.00'),
(14291, '491', 'S.2.1', 'follow', NULL, '1.70'),
(14301, '491', 'S.2.1.1', 'noimplemented', NULL, '1.70'),
(14311, '491', 'S.2.2', 'yes', NULL, '4.00'),
(14321, '491', 'S.2.2.1', 'pl', NULL, '3.40'),
(14331, '491', 'S.2.2.2', 'yes', NULL, '5.00'),
(14341, '491', 'S.2.2.3', 'no', NULL, '5.10'),
(14351, '491', 'S.2.3', 'pl', NULL, '9.00'),
(14361, '491', 'S.3.1.3', 'pl', NULL, '6.00'),
(14371, '491', 'S.3.1.4', 'yes', NULL, '6.00'),
(14381, '491', 'S.3.3', '47', NULL, '11.10'),
(14391, '491', 'S.4.1', 'no', NULL, '5.00'),
(14401, '491', 'S.4.2.1', 'no', NULL, '5.90'),
(14411, '491', 'S.4.2.12', 'yes', NULL, '6.00'),
(14421, '491', 'S.4.3', 'no', NULL, '8.00'),
(14431, '491', 'E.1.2', 'yes', NULL, '8.57'),
(14441, '491', 'E.1.3.2', 'yes', NULL, '5.71'),
(14451, '491', 'E.1.5', 'no', NULL, '2.86'),
(14461, '491', 'E.1.6', 'Scope2', NULL, '2.86'),
(14471, '491', 'E.1.7', 'pl', NULL, '5.71'),
(14481, '491', 'E.1.8', 'pl', NULL, '2.86'),
(14491, '491', 'E.1.9', '52', NULL, '2.86'),
(14501, '491', 'E.1.10', 'negative', NULL, '2.86'),
(14511, '491', 'E.1.11', '34', NULL, '2.86'),
(14521, '491', 'E.1.12', 'yes', NULL, '22.86'),
(14531, '491', 'E.2.1', 'no', NULL, '5.71'),
(14541, '491', 'E.2.2', 'no', NULL, '5.80'),
(14551, '491', 'E.3.1.6', 'yes', NULL, '7.00'),
(14561, '491', 'E.3.1.7', 'pl', NULL, '10.71'),
(14571, '491', 'E.3.2', 'pl', NULL, '10.77'),
(14581, '501', 'G.1.1', 'no', NULL, '1.67'),
(14591, '501', 'G.1.2', 'no', NULL, '3.32'),
(14601, '501', 'G.1.3', 'yes', NULL, '1.67'),
(14611, '501', 'G.1.4', 'no', NULL, '3.33'),
(14621, '501', 'G.1.4.3', 'yes', NULL, '6.67'),
(14631, '501', 'G.1.4.5', 'yes', NULL, '6.67'),
(14641, '501', 'G.1.4.6', 'no', NULL, '11.67'),
(14651, '501', 'G.1.5', 'pl', NULL, '15.00'),
(14661, '501', 'G.2.5', 'no', NULL, '10.00'),
(14671, '501', 'G.2.6', 'yes', NULL, '10.00'),
(14681, '501', 'G.2.8', 'pl', NULL, '5.00'),
(14691, '501', 'G.2.13', 'pl', NULL, '15.00'),
(14701, '501', 'G.3.2', 'pl', NULL, '3.33'),
(14711, '501', 'G.3.4', 'yes', NULL, '6.67'),
(14721, '501', 'S.1.6.2', 'no', NULL, '2.00'),
(14731, '501', 'S.1.6.4', 'yes', NULL, '4.60'),
(14741, '501', 'S.1.6.5', '53', NULL, '1.48'),
(14751, '501', 'S.1.6.6', '20', NULL, '1.48'),
(14761, '501', 'S.1.7', '19', NULL, '3.00'),
(14771, '501', 'S.2.1', 'nofollow', NULL, '1.48'),
(14781, '501', 'S.2.2', 'yes', NULL, '5.00'),
(14791, '501', 'S.2.3', 'pl', NULL, '2.96'),
(14801, '501', 'S.3.1.12', 'no', NULL, '10.00'),
(14811, '501', 'S.3.2.1', 'no', NULL, '7.00'),
(14821, '501', 'S.3.3', '37', NULL, '15.00'),
(14831, '501', 'S.4.1', 'yes', NULL, '2.00'),
(14841, '501', 'S.4.2.4', 'pl', NULL, '8.00'),
(14851, '501', 'S.4.2.5', 'no', NULL, '5.00'),
(14861, '501', 'S.4.2.6', 'no', NULL, '5.00'),
(14871, '501', 'S.4.2.13', 'yes', NULL, '5.00'),
(14881, '501', 'S.4.2.14', '29', NULL, '3.00'),
(14891, '501', 'S.4.3', 'pl', NULL, '18.00'),
(14901, '501', 'E.1.2.7', 'positive', NULL, '7.00'),
(14911, '501', 'E.1.3', 'yes', NULL, '7.00'),
(14921, '501', 'E.1.3.2', 'no', NULL, '7.00'),
(14931, '501', 'E.1.5', 'pl', NULL, '3.00'),
(14941, '501', 'E.1.6', 'Scope2', NULL, '3.00'),
(14951, '501', 'E.1.7', 'no', NULL, '5.00'),
(14961, '501', 'E.1.8', 'no', NULL, '3.00'),
(14971, '501', 'E.1.9', '53', NULL, '3.00'),
(14981, '501', 'E.1.10', 'positive', NULL, '3.00'),
(14991, '501', 'E.1.11', '29', NULL, '3.00'),
(15001, '501', 'E.1.12', 'no', NULL, '28.00'),
(15011, '501', 'E.2.1', 'no', NULL, '10.00'),
(15021, '501', 'E.2.2', 'yes', NULL, '10.00'),
(15031, '501', 'E.3.2', 'yes', NULL, '8.00'),
(15041, '511', 'G.1.1', 'pl', NULL, '2.86'),
(15051, '511', 'G.1.1.1', 'pl', NULL, '8.57'),
(15061, '511', 'G.1.2', 'yes', NULL, '8.57'),
(15071, '511', 'G.1.3', 'no', NULL, '2.86'),
(15081, '511', 'G.1.4', 'no', NULL, '2.86'),
(15091, '511', 'G.1.5', 'yes', NULL, '14.30'),
(15101, '511', 'G.2.5', 'pl', NULL, '9.60'),
(15111, '511', 'G.2.6', 'yes', NULL, '9.52'),
(15121, '511', 'G.2.8', 'no', NULL, '4.50'),
(15131, '511', 'G.2.13', 'pl', NULL, '9.52'),
(15141, '511', 'G.3.1', 'no', NULL, '6.67'),
(15151, '511', 'G.3.2', 'yes', NULL, '6.67'),
(15161, '511', 'G.3.4', 'no', NULL, '13.50'),
(15171, '511', 'S.1.1', 'no', NULL, '3.00'),
(15181, '511', 'S.1.4', '37', NULL, '3.00'),
(15191, '511', 'S.1.5', '46', NULL, '3.00'),
(15201, '511', 'S.1.6', 'no', NULL, '3.00'),
(15211, '511', 'S.1.6.2', 'yes', NULL, '6.00'),
(15221, '511', 'S.1.6.4', 'pl', NULL, '6.00'),
(15231, '511', 'S.1.6.5', '25', NULL, '6.00'),
(15241, '511', 'S.1.6.6', '28', NULL, '3.00'),
(15251, '511', 'S.1.7', '27', NULL, '27.00'),
(15261, '511', 'S.2.1', 'nofollow', NULL, '3.81'),
(15271, '511', 'S.2.2', 'yes', NULL, '7.62'),
(15281, '511', 'S.3.2.1', 'yes', NULL, '15.24'),
(15291, '511', 'S.3.3', '19', NULL, '7.61'),
(15301, '511', 'S.4.1', 'yes', NULL, '2.86'),
(15311, '511', 'S.4.3', 'yes', NULL, '2.86'),
(15321, '511', 'E.1.3', 'no', NULL, '8.98'),
(15331, '511', 'E.1.5', 'yes', NULL, '2.99'),
(15341, '511', 'E.1.6', 'Scope2', NULL, '2.99'),
(15351, '511', 'E.1.7', 'yes', NULL, '5.99'),
(15361, '511', 'E.1.8', 'pl', NULL, '2.99'),
(15371, '511', 'E.1.9', '44', NULL, '2.99'),
(15381, '511', 'E.1.10', 'positive', NULL, '2.99'),
(15391, '511', 'E.1.11', '33', NULL, '2.99'),
(15401, '511', 'E.1.12', 'no', NULL, '29.93'),
(15411, '511', 'E.2.1', 'yes', NULL, '2.86'),
(15421, '511', 'E.2.1.1', 'yes', NULL, '4.29'),
(15431, '511', 'E.2.1.2', 'yes', NULL, '5.71'),
(15441, '511', 'E.2.2', 'yes', NULL, '7.14'),
(15451, '511', 'E.3.1.1', 'no', NULL, '5.71'),
(15461, '511', 'E.3.1.2', '29', NULL, '5.71'),
(15471, '511', 'E.3.2', 'yes', NULL, '5.74'),
(15481, '531', 'G.1.1', 'yes', NULL, '2.22'),
(15491, '531', 'G.1.2', 'no', NULL, '4.44'),
(15501, '531', 'G.1.3', 'yes', NULL, '2.22'),
(15511, '531', 'G.1.3.4', 'no', NULL, '8.90'),
(15521, '531', 'G.1.4', 'yes', NULL, '4.44'),
(15531, '531', 'G.1.5', 'no', NULL, '17.78'),
(15541, '531', 'G.2.5', 'no', NULL, '12.00'),
(15551, '531', 'G.2.6', 'no', NULL, '12.00'),
(15561, '531', 'G.2.8', 'yes', NULL, '6.00'),
(15571, '531', 'G.2.13', 'no', NULL, '18.00'),
(15581, '531', 'G.3.2', 'no', NULL, '4.00'),
(15591, '531', 'G.3.4', 'no', NULL, '8.00'),
(15601, '531', 'S.1.2', 'yes', NULL, '1.80'),
(15611, '531', 'S.1.4', '50', NULL, '3.60'),
(15621, '531', 'S.1.5', '5', NULL, '1.80'),
(15631, '531', 'S.1.6.2', 'yes', NULL, '5.40'),
(15641, '531', 'S.1.6.4', 'yes', 'Almost in all operations', '5.40'),
(15651, '531', 'S.1.6.5', '0', NULL, '5.40'),
(15661, '531', 'S.1.6.6', '3', NULL, '7.20'),
(15671, '531', 'S.1.7', '0', NULL, '17.99'),
(15681, '531', 'S.2.1', 'nofollow', NULL, '2.86'),
(15691, '531', 'S.2.1.1', 'noimplemented', NULL, '5.71'),
(15701, '531', 'S.2.2', 'pl', 'End 2013', '5.71'),
(15711, '531', 'S.2.2.2', 'no', NULL, '5.71'),
(15721, '531', 'S.2.3', 'no', NULL, '14.29'),
(15731, '531', 'S.3.2.1', 'no', NULL, '8.57'),
(15741, '531', 'S.3.3', '1', NULL, '8.56'),
(15751, '531', 'E.1.1.1', 'pl', NULL, '3.00'),
(15761, '531', 'E.1.2', 'yes', 'Only in our factories', '6.00'),
(15771, '531', 'E.1.2.7', 'positive', NULL, '4.00'),
(15781, '531', 'E.1.3', 'no', 'Partly introduced (ISO 14000)', '6.00'),
(15791, '531', 'E.1.3.4', 'no', 'NA', '4.00'),
(15801, '531', 'E.1.3.5', 'yes', 'Energy rteduction (emission) in surface treatment processes and waste', '4.00'),
(15811, '531', 'E.1.5', 'no', NULL, '1.00'),
(15821, '531', 'E.1.6', NULL, NULL, '1.31'),
(15831, '531', 'E.1.7', 'no', NULL, '2.69'),
(15841, '531', 'E.1.8', 'no', NULL, '3.00'),
(15851, '531', 'E.1.9', '25', NULL, '3.00'),
(15861, '531', 'E.1.10', 'positive', NULL, '3.00'),
(15871, '531', 'E.1.11', '5', NULL, '3.00'),
(15881, '531', 'E.1.12', 'no', '2012', '26.00'),
(15891, '531', 'E.2.1', 'no', NULL, '5.00'),
(15901, '531', 'E.2.2', 'no', NULL, '7.50'),
(15911, '531', 'E.3.1.1', 'no', NULL, '10.00'),
(15921, '531', 'E.3.2', 'no', NULL, '7.50'),
(15931, '541', 'G.1.1', 'no', NULL, '5.42'),
(15941, '541', 'G.1.3', 'no', NULL, '5.42'),
(15951, '541', 'G.1.4', 'yes', NULL, '10.83'),
(15961, '541', 'G.1.5', 'no', NULL, '21.66'),
(15971, '541', 'G.2.5', 'pl', 'An ESG projext has ben started 2013, initiated by Procuritas', '7.27'),
(15981, '541', 'G.2.5.1', 'no', 'Not explicit but every new investment in a company is thouroughly analyzed in the DD process with a quality perspective. ', '7.27'),
(15991, '541', 'G.2.7', '40', NULL, '7.27'),
(16001, '541', 'G.2.8', 'yes', NULL, '3.64'),
(16011, '541', 'G.2.13', 'no', NULL, '14.55'),
(16021, '541', 'G.3.1', 'no', NULL, '4.17'),
(16031, '541', 'G.3.2', NULL, '0%', '4.17'),
(16041, '541', 'G.3.4', NULL, 'We have internal policys - but not public. ', '8.33'),
(16051, '541', 'S.1.1', 'no', 'No specific policy, regulated in Swedish law - we have a collective agreement.', '10.00'),
(16061, '541', 'S.1.3', 'pl', 'Regulated in Swedish law - will invclude in ESG policy.', '5.00'),
(16071, '541', 'S.1.5', '0', 'Not a key figure', '5.00'),
(16081, '541', 'S.1.6.6', '0', 'We have not had any fatalities during work amongst staff. ', '5.00'),
(16091, '541', 'S.1.7', '0', 'Do not mesure, ', '15.00'),
(16101, '541', 'S.2.1', 'nofollow', NULL, '0.95'),
(16111, '541', 'S.2.2', 'no', NULL, '2.86'),
(16121, '541', 'S.2.3', 'no', NULL, '2.86'),
(16131, '541', 'S.3.2.1', 'no', NULL, '13.33'),
(16141, '541', 'S.3.3', '0', 'Do not measure.', '13.33'),
(16151, '541', 'S.4.1', 'no', 'We are operating in Sweden and Denmark ', '2.96'),
(16161, '541', 'S.4.2.7', 'yes', NULL, '11.85'),
(16171, '541', 'S.4.3', NULL, 'We have to report certain incidents within our operations to the authorities since we work on their assignment. ', '11.86'),
(16181, '541', 'E.1.2', 'no', NULL, '13.33'),
(16191, '541', 'E.1.3', 'no', NULL, '13.36'),
(16201, '541', 'E.1.3.2', 'pl', 'Will include in our ESG policy.', '13.33'),
(16211, '541', 'E.1.5', 'no', NULL, '3.33'),
(16221, '541', 'E.1.6', NULL, 'NA', '3.33'),
(16231, '541', 'E.1.7', 'no', NULL, '6.67'),
(16241, '541', 'E.1.8', 'no', NULL, '3.33'),
(16251, '541', 'E.1.9', '0', 'NA', '3.33'),
(16261, '541', 'E.1.10', NULL, NULL, '3.33'),
(16271, '541', 'E.1.11', '0', 'NA', '3.33'),
(16281, '541', 'E.1.12', 'no', NULL, '33.33'),
(16291, '551', 'G.1.1', 'yes', 'Our Etical standard', '5.00'),
(16301, '551', 'G.1.3', 'pl', 'Not sure if this is fully registrered yet. ', '5.00'),
(16311, '551', 'G.1.4', 'yes', 'Not sure if the question is fully understood. \r\nAll tax are delivered accoring to local laws, and verified by auditors', '10.00'),
(16321, '551', 'G.1.5', 'no', NULL, '20.00'),
(16331, '551', 'G.2.5', 'yes', NULL, '14.86'),
(16341, '551', 'G.2.6', 'no', 'We report this to our Board once a year', '14.86'),
(16351, '551', 'G.2.8', 'yes', NULL, '7.42'),
(16361, '551', 'G.2.13', 'no', NULL, '14.86'),
(16371, '551', 'G.3.4', 'yes', 'Not sure how to fully understand this, but our standard is to be transparent, and fully follow the national regulations. ', '8.00'),
(16381, '551', 'S.1.1', 'yes', NULL, '8.13'),
(16391, '551', 'S.1.4', '3', 'Most of the employees in Norway. \r\nNone in Poland', '8.13'),
(16401, '551', 'S.1.5', '15', 'Higher in Poland than in Norway. \r\nMore use of temporaray workers (season) in Poland', '4.06'),
(16411, '551', 'S.1.7', '0', 'None in 2012', '12.18'),
(16421, '551', 'S.2.1', 'follow', 'We follow our etical guideline standard, and are regulated by the EU / Norwegian standard', '3.00'),
(16431, '551', 'S.2.1.1', 'implemented', 'We are following this standard for many years', '6.00'),
(16441, '551', 'S.2.2', 'yes', 'We follow up our suppliers on a regular basis (semi annual, annual, bi-annual)', '6.00'),
(16451, '551', 'S.2.2.1', 'yes', 'We have our own audits, and we use 3rd. parties as well. ', '6.00'),
(16461, '551', 'S.2.2.4', 'no', 'Not unless the quality and price are there. ', '9.00'),
(16471, '551', 'S.2.3', 'yes', 'We have an issue with one of our Moroccoan suppliers, regarding fish from Western Sahara. This is a polictical issue, and not a quality issue', '15.00'),
(16481, '551', 'S.3.1.9', 'no', 'Not sure how to understand this question. ', '6.25'),
(16491, '551', 'S.3.3', '0', 'None except the 2.3. above', '6.25'),
(16501, '551', 'S.4.1', 'no', 'Not sure what the definition of a sensitive country is.\r\nWe have own operations in Norway, Poland, Belgium and USA. \r\nPurchases from the above, and many EU countries, and Thailand, Morocco, Argentina. ', '2.50'),
(16511, '551', 'S.4.3', 'no', NULL, '7.50'),
(16521, '551', 'E.1.2', 'yes', NULL, '6.26'),
(16531, '551', 'E.1.2.7', 'na', 'Not good measured', '7.82'),
(16541, '551', 'E.1.3', 'yes', 'Official authoriteis in our factories in Norway and Poland do this. \r\nOtherwise we are checked with the Food qualitys standard systems ISO 22 000 or IFS', '6.26'),
(16551, '551', 'E.1.3.4', 'pl', 'We have been doing this in our plant in Poland for some years. We are now in a process with reserach institutions to be part of an EU project to reduce water further', '6.26'),
(16561, '551', 'E.1.5', 'no', NULL, '1.56'),
(16571, '551', 'E.1.7', 'no', NULL, '3.14'),
(16581, '551', 'E.1.7.1', 'no', 'We do not have a specific program to do this. But we are on a day to day basis trying to have the shortest distance possible. I.e. in Norway we moved our warehouse to a more optimal place for our logistics by January 2013.', '3.13'),
(16591, '551', 'E.1.7.2', 'yes', 'Most of our old freezing equipment is removed and renewed the last years. Need to be confirmed if all is phased out.', '2.00'),
(16601, '551', 'E.1.8', 'no', 'In Norway most of our main source of energy is electricty from hydro power', '1.56'),
(16611, '551', 'E.1.9', '0', 'Unsecure. We have not measured this. ', '1.56'),
(16621, '551', 'E.1.10', 'positive', 'Probably postive as we have implement new equipment that uses less energy. However, we do not measure this. ', '1.56'),
(16631, '551', 'E.1.11', '30', 'As this is not measured today, this will be our assumption. \r\nWe will need more time to calculate this. ', '1.56'),
(16641, '551', 'E.1.12', 'no', 'This is a broad question. If this is related to environmental issues, we had no incident nor controversies in 2012', '21.90'),
(16651, '551', 'E.2.1', 'no', 'Not a formal program in place. However, all our EU / Norwegain standards are followed. ', '6.00'),
(16661, '551', 'E.2.2', 'no', NULL, '6.00'),
(16671, '551', 'E.3.1.8', 'pl', 'We might look into this for 2013 for some sauces and oils. \r\nHowever, our main product: Wild fish, can not be labeled organic', '11.43'),
(16681, '551', 'E.3.1.9', 'yes', 'This is made in agreement with our distributors and the national regulations where the products are sold. Currently we use both GMO free and GMO soy oil. ', '3.00'),
(16691, '551', 'E.3.2', 'no', NULL, '9.00'),
(16701, '581', 'G.1.1', 'no', 'An unwritten clear rule and attitude in Gram Equipment  is NOT to go into bribery and corruption.', '5.71'),
(16711, '581', 'G.1.3', 'no', NULL, '5.71'),
(16721, '581', 'G.1.4', 'yes', NULL, '11.44'),
(16731, '581', 'G.1.5', 'no', NULL, '17.14'),
(16741, '581', 'G.2.5', 'no', 'Based on our defined core values which we live out in our organization we do see to that the above is beeing living up to in all matters. ', '10.00'),
(16751, '581', 'G.2.6', 'no', NULL, '10.00'),
(16761, '581', 'G.2.8', 'yes', NULL, '5.00'),
(16771, '581', 'G.2.13', 'no', NULL, '15.00'),
(16781, '581', 'G.3.1', 'no', NULL, '5.00'),
(16791, '581', 'G.3.2', 'no', NULL, '5.00'),
(16801, '581', 'G.3.4', 'no', NULL, '10.00'),
(16811, '581', 'S.1.5', '5', NULL, '2.24'),
(16821, '581', 'S.1.6.4', 'no', NULL, '9.02'),
(16831, '581', 'S.1.6.5', '1', NULL, '6.77'),
(16841, '581', 'S.1.6.6', '0', NULL, '6.77'),
(16851, '581', 'S.1.7', '1', NULL, '18.05'),
(16861, '581', 'S.2.1', 'follow', NULL, '3.43'),
(16871, '581', 'S.2.2', 'no', NULL, '10.29'),
(16881, '581', 'S.2.3', 'no', NULL, '3.43'),
(16891, '581', 'S.3.2.1', 'no', NULL, '7.14'),
(16901, '581', 'S.3.3', '0', NULL, '7.14'),
(16911, '581', 'S.4.1', 'no', NULL, '5.14'),
(16921, '581', 'S.4.2.1', 'no', 'The Company has for the time being no written policies for social responsibility.The Company wishes on a continuing basis to develop its core business and meet its strategic challenges in an\r\neconomic and social responsible way. This means that the Company will comply with the legislation in the\r\ncountries and local communities, where the Company operates in a social responsible way to reach its strategic\r\nand operational goals.\r\n013628', '10.29'),
(16931, '581', 'S.4.3', 'no', NULL, '10.29'),
(16941, '581', 'E.1.3.2', 'no', NULL, '4.61'),
(16951, '581', 'E.1.3.3', 'no', NULL, '4.61'),
(16961, '581', 'E.1.3.4', 'no', NULL, '4.61'),
(16971, '581', 'E.1.3.5', 'no', 'The activity of the Company is related to design, assembly, installation and sale of equipment for the ice cream\r\nindustry. Therefore, the influence on the external environment is limited.', '4.61'),
(16981, '581', 'E.1.5', 'no', NULL, '1.84'),
(16991, '581', 'E.1.6', 'Scope1', 'Not fully sure what you do mean by scope 1, 2, 3 ?', '1.84'),
(17001, '581', 'E.1.7', 'no', NULL, '3.68'),
(17011, '581', 'E.1.8', 'no', NULL, '1.84'),
(17021, '581', 'E.1.9', '5', 'No calculation is awaiable', '1.84'),
(17031, '581', 'E.1.10', 'na', NULL, '1.84'),
(17041, '581', 'E.1.11', '1', NULL, '2.76'),
(17051, '581', 'E.1.12', 'no', NULL, '18.42'),
(17061, '581', 'E.2.1', 'no', NULL, '12.50'),
(17071, '581', 'E.3.1.2', '0', 'Do not have any statistics', '15.00'),
(17081, '581', 'E.3.1.6', 'no', NULL, '10.00'),
(17091, '581', 'E.3.2', 'no', NULL, '10.00'),
(17101, '591', 'G.1.1', 'yes', 'Contex A/S follow the EICC Code of Conduct. The EICC is a coalition of the world’s leading electronics companies working together to improve efficiency and social, ethical, and environmental responsibility in the global supply chain.', '5.00'),
(17111, '591', 'G.1.3', 'no', 'Contex A/S follow the EICC Code of Conduct. The EICC is a coalition of the world’s leading electronics companies working together to improve efficiency and social, ethical, and environmental responsibility in the global supply chain.', '5.00'),
(17121, '591', 'G.1.4', 'yes', NULL, '10.00'),
(17131, '591', 'G.1.5', 'no', NULL, '20.00'),
(17141, '591', 'G.2.1', 'no', NULL, '8.00'),
(17151, '591', 'G.2.5', 'no', NULL, '10.67'),
(17161, '591', 'G.2.6', 'no', NULL, '10.67'),
(17171, '591', 'G.2.8', 'yes', NULL, '5.33'),
(17181, '591', 'G.2.13', 'no', NULL, '13.33'),
(17191, '591', 'G.3.2', NULL, 'see feedback', '4.00'),
(17201, '591', 'G.3.4', 'no', NULL, '8.00'),
(17211, '591', 'S.1.5', '0', 'mature and stabile workforce', '3.81'),
(17221, '591', 'S.1.6.4', 'yes', 'OHSAS 18001', '5.71'),
(17231, '591', 'S.1.6.5', '6', '2012: 3 incidents which caused absence\r\nWe have used your way of calculate this, but see feedback.', '5.71'),
(17241, '591', 'S.1.6.6', '0', 'We have not had any fatalities.', '5.71'),
(17251, '591', 'S.1.7', '0', 'Equal.\r\n2011: 4 incidents.\r\n2012: 4 incidents.', '13.33'),
(17261, '591', 'S.2.1', 'nofollow', NULL, '7.14'),
(17271, '591', 'S.2.2', 'yes', NULL, '10.71'),
(17281, '591', 'S.2.3', 'no', NULL, '10.71'),
(17291, '591', 'S.3.2.1', 'yes', 'ISO 9001', '5.71'),
(17301, '591', 'S.3.3', '1', '"Out of box quality" calculated as complaints (related to production) per products delivered (2012). Target: 0,25%', '5.71'),
(17311, '591', 'S.4.1', NULL, 'see feedback', '4.29'),
(17321, '591', 'S.4.2.1', 'yes', 'Contex A/S follow the EICC Code of Conduct. The EICC is a coalition of the world’s leading electronics companies working together to improve efficiency and social, ethical, and environmental responsibility in the global supply chain.', '8.60'),
(17331, '591', 'S.4.3', 'no', NULL, '12.86'),
(17341, '591', 'E.1.1.1', 'yes', 'Unknown', '2.47'),
(17351, '591', 'E.1.2', 'yes', 'ISO 14001', '3.29'),
(17361, '591', 'E.1.3', 'yes', 'Bureau Veritas Certification A/S\r\nOldenborggade 1b \r\nDK-7000 Fredericia ', '3.29'),
(17371, '591', 'E.1.3.2', 'no', 'We have due to previous programmes limited the amount of hazardous waste to < 100 kg/year.', '4.11'),
(17381, '591', 'E.1.3.3', 'no', 'Not applicable', '4.11'),
(17391, '591', 'E.1.3.4', 'no', 'Not applicable', '4.11'),
(17401, '591', 'E.1.3.5', 'yes', 'Energy savings (electricity and natural gas)', '3.29'),
(17411, '591', 'E.1.5', 'no', NULL, '1.64'),
(17421, '591', 'E.1.6', 'Scope2', NULL, '1.64'),
(17431, '591', 'E.1.7', 'yes', 'Target 1: Natural gas consumption decreased 5% compared to 2012 level. Target 2: Electricity consumption decreased or at least not increased though the activity level is expected to increase in 2013.', '3.29'),
(17441, '591', 'E.1.8', 'no', NULL, '1.64'),
(17451, '591', 'E.1.9', '4', '248 tonnes CO2e/64 employees = 3,875 ton CO2e/employee', '1.64'),
(17461, '591', 'E.1.10', 'negative', '2011: 315 tonnes CO2e/64 employees = 4,922 ton CO2e/employee\r\n2012: 248 tonnes CO2e/64 employees = 3,875 ton CO2e/employee', '1.64'),
(17471, '591', 'E.1.11', '0', 'Unknown', '1.64'),
(17481, '591', 'E.1.12', 'no', NULL, '22.19'),
(17491, '591', 'E.2.1', 'no', NULL, '2.50'),
(17501, '591', 'E.2.1.1', 'yes', 'Implementation of REACH is an ongoing proces in cooperation with our suppliers.', '3.75'),
(17511, '591', 'E.2.2', 'no', NULL, '3.75'),
(17521, '591', 'E.3.1.1', 'yes', 'Energy Star', '2.73'),
(17531, '591', 'E.3.1.2', '0', 'Unknown', '13.64'),
(17541, '591', 'E.3.1.6', 'yes', 'Energy star', '2.73'),
(17551, '591', 'E.3.2', 'no', NULL, '10.91'),
(17561, '601', 'G.1.1', NULL, NULL, '5.00'),
(17571, '601', 'G.1.3', NULL, NULL, '5.00'),
(17581, '601', 'G.1.4', NULL, NULL, '10.00'),
(17591, '601', 'G.1.5', NULL, NULL, '20.00'),
(17601, '601', 'G.2.1', NULL, NULL, '8.00'),
(17611, '601', 'G.2.5', NULL, NULL, '10.67'),
(17621, '601', 'G.2.6', NULL, NULL, '10.67'),
(17631, '601', 'G.2.8', NULL, NULL, '5.33'),
(17641, '601', 'G.2.13', NULL, NULL, '13.33'),
(17651, '601', 'G.3.2', NULL, NULL, '4.00'),
(17661, '601', 'G.3.4', NULL, NULL, '8.00'),
(17671, '601', 'S.1.5', NULL, NULL, '3.81'),
(17681, '601', 'S.1.6.4', NULL, NULL, '5.71'),
(17691, '601', 'S.1.6.5', NULL, NULL, '5.71'),
(17701, '601', 'S.1.6.6', NULL, NULL, '5.71'),
(17711, '601', 'S.1.7', NULL, NULL, '13.33'),
(17721, '601', 'S.2.1', NULL, NULL, '7.14'),
(17731, '601', 'S.2.2', NULL, NULL, '10.71'),
(17741, '601', 'S.2.3', NULL, NULL, '10.71'),
(17751, '601', 'S.3.2.1', NULL, NULL, '5.71'),
(17761, '601', 'S.3.3', NULL, NULL, '5.71'),
(17771, '601', 'S.4.1', NULL, NULL, '4.29'),
(17781, '601', 'S.4.2.1', NULL, NULL, '8.60'),
(17791, '601', 'S.4.3', NULL, NULL, '12.86'),
(17801, '601', 'E.1.1.1', NULL, NULL, '2.47'),
(17811, '601', 'E.1.2', NULL, NULL, '3.29'),
(17821, '601', 'E.1.3', NULL, NULL, '3.29'),
(17831, '601', 'E.1.3.2', NULL, NULL, '4.11'),
(17841, '601', 'E.1.3.3', NULL, NULL, '4.11'),
(17851, '601', 'E.1.3.4', NULL, NULL, '4.11'),
(17861, '601', 'E.1.3.5', NULL, NULL, '3.29'),
(17871, '601', 'E.1.5', NULL, NULL, '1.64'),
(17881, '601', 'E.1.6', NULL, NULL, '1.64'),
(17891, '601', 'E.1.7', NULL, NULL, '3.29'),
(17901, '601', 'E.1.8', NULL, NULL, '1.64'),
(17911, '601', 'E.1.9', NULL, NULL, '1.64'),
(17921, '601', 'E.1.10', NULL, NULL, '1.64'),
(17931, '601', 'E.1.11', NULL, NULL, '1.64'),
(17941, '601', 'E.1.12', NULL, NULL, '22.19'),
(17951, '601', 'E.2.1', NULL, NULL, '2.50'),
(17961, '601', 'E.2.1.1', NULL, NULL, '3.75'),
(17971, '601', 'E.2.2', NULL, NULL, '3.75'),
(17981, '601', 'E.3.1.1', NULL, NULL, '2.73'),
(17991, '601', 'E.3.1.2', NULL, NULL, '13.64'),
(18001, '601', 'E.3.1.6', NULL, NULL, '2.73'),
(18011, '601', 'E.3.2', NULL, NULL, '10.91'),
(18021, '611', 'G.1.4', NULL, NULL, '15.00'),
(18031, '611', 'G.1.5', NULL, NULL, '30.00'),
(18041, '611', 'G.2.5', NULL, NULL, '15.00'),
(18051, '611', 'G.2.6', NULL, NULL, '15.00'),
(18061, '611', 'G.2.9', NULL, NULL, '10.00'),
(18071, '611', 'G.3.2', NULL, NULL, '8.00'),
(18081, '611', 'G.3.5', NULL, NULL, '7.00'),
(18091, '611', 'S.1.1.1', NULL, NULL, '15.00'),
(18101, '611', 'S.1.4', NULL, NULL, '10.00'),
(18111, '611', 'S.1.5', NULL, NULL, '15.00'),
(18121, '611', 'S.1.6.1', NULL, NULL, '20.00'),
(18131, '611', 'S.2.2', NULL, NULL, '10.00'),
(18141, '611', 'S.4.4', NULL, NULL, '30.00'),
(18151, '611', 'E.1.2.6', NULL, NULL, '8.00'),
(18161, '611', 'E.1.2.7', NULL, NULL, '8.00'),
(18171, '611', 'E.1.6', NULL, NULL, '15.00'),
(18181, '611', 'E.1.7', NULL, NULL, '25.00'),
(18191, '611', 'E.1.9', NULL, NULL, '30.00'),
(18201, '611', 'E.1.10', NULL, NULL, '14.00'),
(18211, '621', 'G.1.1', 'yes', NULL, '8.82'),
(18221, '621', 'G.1.3', 'yes', NULL, '8.82'),
(18231, '621', 'G.1.4', 'yes', NULL, '17.65'),
(18241, '621', 'G.1.5', 'yes', NULL, '17.65'),
(18251, '621', 'G.2.6', 'yes', NULL, '19.62'),
(18261, '621', 'G.2.13', 'yes', NULL, '9.80'),
(18271, '621', 'G.3.3.1', 'yes', NULL, '8.82'),
(18281, '621', 'G.3.4', 'yes', NULL, '8.82'),
(18291, '621', 'S.1.5', '50', NULL, '8.62'),
(18301, '621', 'S.1.6.5', '25', NULL, '12.93'),
(18311, '621', 'S.1.6.6', '25', NULL, '12.93'),
(18321, '621', 'S.1.7', '25', NULL, '17.24'),
(18331, '621', 'S.4.2.1', 'yes', NULL, '9.66'),
(18341, '621', 'S.4.2.2', 'yes', NULL, '19.31'),
(18351, '621', 'S.4.3', 'yes', NULL, '19.31'),
(18361, '621', 'E.1.1', 'yes', NULL, '4.76'),
(18371, '621', 'E.1.2', 'yes', NULL, '4.76'),
(18381, '621', 'E.1.3.3', 'yes', NULL, '7.14'),
(18391, '621', 'E.1.3.5', 'yes', NULL, '14.29'),
(18401, '621', 'E.1.5', 'yes', NULL, '2.38'),
(18411, '621', 'E.1.7', 'yes', NULL, '7.14'),
(18421, '621', 'E.1.9', '25', NULL, '10.00'),
(18431, '621', 'E.1.10', 'positive', NULL, '7.13'),
(18441, '621', 'E.1.11', '25', NULL, '4.30'),
(18451, '621', 'E.1.12', 'yes', NULL, '38.10'),
(18461, '631', 'G.1.1', NULL, NULL, '5.00'),
(18471, '631', 'G.1.3', NULL, NULL, '5.00'),
(18481, '631', 'G.1.4', NULL, NULL, '10.00'),
(18491, '631', 'G.1.5', NULL, NULL, '20.00'),
(18501, '631', 'G.2.5', NULL, NULL, '14.86'),
(18511, '631', 'G.2.6', NULL, NULL, '14.86'),
(18521, '631', 'G.2.8', NULL, NULL, '7.42'),
(18531, '631', 'G.2.13', NULL, NULL, '14.86'),
(18541, '631', 'G.3.4', NULL, NULL, '8.00'),
(18551, '631', 'S.1.1', NULL, NULL, '8.13'),
(18561, '631', 'S.1.4', NULL, NULL, '8.13'),
(18571, '631', 'S.1.5', NULL, NULL, '4.06'),
(18581, '631', 'S.1.7', NULL, NULL, '12.18'),
(18591, '631', 'S.2.1', NULL, NULL, '3.00'),
(18601, '631', 'S.2.1.1', NULL, NULL, '6.00'),
(18611, '631', 'S.2.2', NULL, NULL, '6.00'),
(18621, '631', 'S.2.2.1', NULL, NULL, '6.00'),
(18631, '631', 'S.2.2.4', NULL, NULL, '9.00'),
(18641, '631', 'S.2.3', NULL, NULL, '15.00'),
(18651, '631', 'S.3.1.9', NULL, NULL, '6.25'),
(18661, '631', 'S.3.3', NULL, NULL, '6.25'),
(18671, '631', 'S.4.1', NULL, NULL, '2.50'),
(18681, '631', 'S.4.3', NULL, NULL, '7.50'),
(18691, '631', 'E.1.2', NULL, NULL, '6.26'),
(18701, '631', 'E.1.2.7', NULL, NULL, '7.82'),
(18711, '631', 'E.1.3', NULL, NULL, '6.26'),
(18721, '631', 'E.1.3.4', NULL, NULL, '6.26'),
(18731, '631', 'E.1.5', NULL, NULL, '1.56'),
(18741, '631', 'E.1.7', NULL, NULL, '3.14'),
(18751, '631', 'E.1.7.1', NULL, NULL, '3.13'),
(18761, '631', 'E.1.7.2', NULL, NULL, '2.00'),
(18771, '631', 'E.1.8', NULL, NULL, '1.56'),
(18781, '631', 'E.1.9', NULL, NULL, '1.56'),
(18791, '631', 'E.1.10', NULL, NULL, '1.56'),
(18801, '631', 'E.1.11', NULL, NULL, '1.56'),
(18811, '631', 'E.1.12', NULL, NULL, '21.90'),
(18821, '631', 'E.2.1', NULL, NULL, '6.00'),
(18831, '631', 'E.2.2', NULL, NULL, '6.00'),
(18841, '631', 'E.3.1.8', NULL, NULL, '11.43'),
(18851, '631', 'E.3.1.9', NULL, NULL, '3.00'),
(18861, '631', 'E.3.2', NULL, NULL, '9.00');

-- --------------------------------------------------------

--
-- Table structure for table `response`
--

CREATE TABLE IF NOT EXISTS `response` (
  `id` int(11) NOT NULL AUTO_INCREMENT,
  `assessment_id` varchar(45) DEFAULT NULL,
  `question_id` varchar(45) DEFAULT NULL,
  `response_num` varchar(45) DEFAULT NULL,
  `response_text` varchar(45) DEFAULT NULL,
  `response_yn` varchar(45) DEFAULT NULL,
  `user_id` varchar(45) DEFAULT NULL,
  `date` varchar(45) DEFAULT NULL,
  PRIMARY KEY (`id`)
) ENGINE=InnoDB DEFAULT CHARSET=latin1 AUTO_INCREMENT=1 ;

-- --------------------------------------------------------

--
-- Table structure for table `risks`
--

CREATE TABLE IF NOT EXISTS `risks` (
  `id` varchar(4) NOT NULL,
  `name` text NOT NULL
) ENGINE=InnoDB DEFAULT CHARSET=latin1;

--
-- Dumping data for table `risks`
--

INSERT INTO `risks` (`id`, `name`) VALUES
('1', 'Working Conditions & OHS'),
('2', 'Child & Forced Labor'),
('3', 'Worker Relationship'),
('4', 'Environmental & Natural Resource (re. To communities)'),
('5', 'Exposure to disease'),
('6', 'Security Personnel Requirements'),
('7', 'Physical or economic displacement'),
('8', 'Resettlement'),
('9', 'Consultation'),
('10', 'Grievance'),
('11', '(Critical) Habitat'),
('12', 'Legally protected areas'),
('13', 'Invasive species'),
('14', 'Check whether indigenous people live in area of influence of project'),
('15', 'Check whether cultural heritage objects are present in area of influence of project'),
('16', 'Natural and Plantation Forest'),
('17', 'Check on legally protected areas'),
('18', 'Freshwater and Marine Systems'),
('19', 'Risk of disruption of delivery '),
('20', '"Risks for alterations to the natural habitat, with negative impacts for local communities, flora and fauna "'),
('21', '"High costs on Waste management, including general wastes and hazardous wastes "'),
('22', 'Effluent monitoring and controls '),
('23', 'Water pollution '),
('24', 'Energy use'),
('25', 'Check local environmental laws and regulations'),
('26', 'Non-payment of minimum wages '),
('27', 'Lack of proper labour contracts'),
('28', 'Lack of workplace associations / unions'),
('29', 'Elevated working conditions with risks for accidents '),
('30', 'Fire safety'),
('31', 'Worker exposure to hazardous building materials '),
('32', 'Non-compliance with local health and safety laws and regulations'),
('33', '"Community exposure to dust, noise and vibrations"'),
('34', 'Lack of community involvement in planning of new constructions on previously unused land'),
('35', '"Risk of corrupt payments for access to planning permissions from the local or national government, certifications and new property development contracts "'),
('36', '"Risk of corrupt business practices, with non-registered and improper payments to  sub-contractors"'),
('37', 'Avoidance of tax payments'),
('38', 'Poor corporate governance'),
('39', 'Risk of management of challenging or controversial projects from a regulatory perspective'),
('40', 'Patent infrigement'),
('41', '"Risk of corrupt payments to obatin concessions, permits, certifications or similar"'),
('42', 'Adherence to food safety'),
('43', 'Contamination of products'),
('44', 'Lack of proper traning and protective equipment for workers'),
('45', 'Forced labour'),
('46', 'Use of explosives'),
('47', '"Physical hazards, notably from underground mining (fires, explosions, confined spaces)"'),
('48', 'Community concerns over land alternations from mining'),
('49', 'Resttlement of local comunities from new or expanded mining operations'),
('50', '"Inflow of non-local workers to new or expanded mining sites, which potential adverse impacts for local communities such as an increase in prostitution and HIV/AIDS prevalence, especially if non-local male workers are bringing their families"'),
('51', '"If the mining site is remotely located, risks for improper living conditions for workers and their families"'),
('52', 'Risk associated with the use of company security force'),
('53', '"Habitat alternations, with adverse impacts for local communities, flora and fauna"'),
('54', 'Unsutainable harvesting'),
('55', 'Deforestation'),
('56', 'Soil erosion'),
('57', 'Use of unsafe and / or prohibited herbicides and pesticides '),
('58', 'Deforestation'),
('59', 'Soil erosion'),
('60', 'Emissions of dust from saw mills'),
('61', 'Reduction in local water suplly from overuse'),
('62', 'Impact of biodiversity'),
('63', 'Damage to land from new developments '),
('64', 'Transparency International corruption index below 6.0'),
('65', 'Fraud and/or corruption risk'),
('66', 'Money laundering risk'),
('67', 'Risk of violating local laws and regulations'),
('68', 'Risk of genetic modification'),
('69', 'Litigation risk'),
('70', 'Lack of transparency on CSR Reporting'),
('71', 'Poor ESG management system'),
('72', 'Data assurance risk '),
('73', 'Lack of long term sustainability goals'),
('74', 'Corporate governance risks'),
('75', 'Reputational risk'),
('76', 'Risk of appearance of undue influence'),
('77', 'Violation of the freedom of association'),
('78', 'Risk of descrimination on labor '),
('79', 'Risks of compliance with local laws on representatives of employees'),
('80', 'Risk to meet key objectives'),
('81', 'Lack of certifications '),
('82', 'Risk of high rate of accidents and health incidents'),
('83', 'Risk of violating health and safety compliance'),
('84', 'Poor supply chain standards'),
('85', 'Risk of poor quality management standards '),
('86', 'Lack of transparency on Supply Chain Monitoring and Enforcement'),
('87', 'Risk that suppliers are  subject to unethical treatment or conditions'),
('88', 'Risk of  Health Impact of Electronic and Magnetic Fields'),
('89', 'Check if compliance with local laws'),
('90', 'Check exclusion list'),
('91', 'Generation of extra costs '),
('92', 'Lack of transparency on environmental data'),
('93', 'Lack of proper Management System '),
('94', 'Lack of transparency on reporting'),
('95', 'Poor environmental impact management system'),
('96', 'Missing opportunities of improvement in Environmental issues'),
('97', 'Risk of poor processes'),
('98', 'Lack of mnimation improvement in waste intensity'),
('99', 'Lack of minimation improvement on water intensity'),
('100', 'Increase of opertaion expenses');

-- --------------------------------------------------------

--
-- Table structure for table `risk_sector`
--

CREATE TABLE IF NOT EXISTS `risk_sector` (
  `sector_id` varchar(4) NOT NULL,
  `kpi_id` varchar(10) NOT NULL,
  `risk_id` varchar(4) NOT NULL
) ENGINE=InnoDB DEFAULT CHARSET=latin1;

--
-- Dumping data for table `risk_sector`
--

INSERT INTO `risk_sector` (`sector_id`, `kpi_id`, `risk_id`) VALUES
('1730', 'G.1.1', '64'),
('1730', 'G.1.4', '37'),
('1730', 'G.1.4.5', '68'),
('1730', 'G.1.5', '69'),
('1730', 'G.2.1', '70'),
('1730', 'G.2.6', '73'),
('1730', 'G.2.13', '75'),
('1730', 'G.3.4', '75'),
('1730', 'S.1.5', '80'),
('1730', 'S.1.6.2', '82'),
('1730', 'S.1.6.4', '81'),
('1730', 'S.1.6.5', '83'),
('1730', 'S.1.6.6', '83'),
('1730', 'S.1.7', '3'),
('1730', 'S.3.2.1', '97'),
('1730', 'S.3.3', '75'),
('1730', 'S.4.1', '90'),
('1730', 'S.4.2.9', '14'),
('1730', 'S.4.3', '67'),
('1730', 'E.1.1.1', '92'),
('1730', 'E.1.2.1', '62'),
('1730', 'E.1.2.7', '99'),
('1730', 'E.1.3', '39'),
('1730', 'E.1.3.2', '21'),
('1730', 'E.1.3.3', '89'),
('1730', 'E.1.3.4', '89'),
('1730', 'E.1.7', '91'),
('1730', 'E.1.12', '69'),
('1730', 'E.2.2', '100'),
('1750', 'G.1.1', '64'),
('1750', 'G.1.4', '37'),
('1750', 'G.1.5', '69'),
('1750', 'G.2.6', '73'),
('1750', 'G.2.13', '75'),
('1750', 'G.3.3.1', '35'),
('1750', 'G.3.4', '75'),
('1750', 'S.1.5', '80'),
('1750', 'S.1.6.2', '82'),
('1750', 'S.1.6.4', '81'),
('1750', 'S.1.6.5', '83'),
('1750', 'S.1.6.6', '83'),
('1750', 'S.1.7', '3'),
('1750', 'S.3.3', '75'),
('1750', 'S.4.2.1', '89'),
('1750', 'S.4.2.2', '35'),
('1750', 'S.4.3', '67'),
('1750', 'E.1.1.1', '92'),
('1750', 'E.1.2.7', '99'),
('1750', 'E.1.3', '39'),
('1750', 'E.1.3.3', '89'),
('1750', 'E.1.3.4', '89'),
('1750', 'E.1.3.5', '96'),
('1750', 'E.1.7', '91'),
('1750', 'E.1.12', '69'),
('1771', 'G.1.1', '64'),
('1771', 'G.1.4', '37'),
('1771', 'G.1.5', '69'),
('1771', 'G.2.1', '70'),
('1771', 'G.2.5', '71'),
('1771', 'G.2.6', '73'),
('1771', 'G.2.8', '74'),
('1771', 'G.2.13', '75'),
('1771', 'G.3.2', '75'),
('1771', 'G.3.3.1', '35'),
('1771', 'G.3.4', '75'),
('1771', 'S.1.5', '80'),
('1771', 'S.1.6.5', '83'),
('1771', 'S.1.6.6', '83'),
('1771', 'S.1.7', '3'),
('1771', 'S.2.1', '84'),
('1771', 'S.2.2', '19'),
('1771', 'S.2.3', '69'),
('1771', 'S.3.3', '75'),
('1771', 'S.4.1', '90'),
('1771', 'S.4.2.1', '89'),
('1771', 'S.4.2.2', '35'),
('1771', 'S.4.2.9', '14'),
('1771', 'S.4.3', '67'),
('1771', 'E.1.1.1', '92'),
('1771', 'E.1.2', '93'),
('1771', 'E.1.2.2', '17'),
('1771', 'E.1.2.4', '94'),
('1771', 'E.1.3', '39'),
('1771', 'E.1.3.3', '89'),
('1771', 'E.1.3.5', '96'),
('1771', 'E.1.4', '91'),
('1771', 'E.1.7', '91'),
('1771', 'E.1.12', '69'),
('1771', 'E.2.1', '95'),
('1771', 'E.2.2', '100'),
('1773', 'G.1.1', '64'),
('1773', 'G.1.4', '37'),
('1773', 'G.1.5', '69'),
('1773', 'G.2.6', '73'),
('1773', 'G.2.13', '75'),
('1773', 'G.3.3.1', '35'),
('1773', 'G.3.4', '75'),
('1773', 'S.1.5', '80'),
('1773', 'S.1.6.5', '83'),
('1773', 'S.1.6.6', '83'),
('1773', 'S.1.7', '3'),
('1773', 'S.4.2.1', '89'),
('1773', 'S.4.2.2', '35'),
('1773', 'S.4.3', '67'),
('1773', 'E.1.1', '25'),
('1773', 'E.1.2', '93'),
('1773', 'E.1.3.3', '89'),
('1773', 'E.1.3.5', '96'),
('1773', 'E.1.7', '91'),
('1773', 'E.1.12', '69'),
('1775', 'G.1.1', '64'),
('1775', 'G.1.4', '37'),
('1775', 'G.1.5', '69'),
('1775', 'G.2.6', '73'),
('1775', 'G.2.13', '75'),
('1775', 'G.3.3.1', '35'),
('1775', 'G.3.4', '75'),
('1775', 'S.1.5', '80'),
('1775', 'S.1.6.5', '83'),
('1775', 'S.1.6.6', '83'),
('1775', 'S.1.7', '3'),
('1775', 'S.4.2.1', '89'),
('1775', 'S.4.2.2', '35'),
('1775', 'S.4.3', '67'),
('1775', 'E.1.1', '25'),
('1775', 'E.1.2', '93'),
('1775', 'E.1.3.3', '89'),
('1775', 'E.1.3.5', '96'),
('1775', 'E.1.7', '91'),
('1775', 'E.1.12', '69'),
('1777', 'G.1.1', '64'),
('1777', 'G.1.4', '37'),
('1777', 'G.1.5', '69'),
('1777', 'G.2.6', '73'),
('1777', 'G.2.13', '75'),
('1777', 'G.3.3.1', '35'),
('1777', 'G.3.4', '75'),
('1777', 'S.1.5', '80'),
('1777', 'S.1.6.2', '82'),
('1777', 'S.1.6.5', '83'),
('1777', 'S.1.6.6', '83'),
('1777', 'S.1.7', '3'),
('1777', 'S.4.2.1', '89'),
('1777', 'S.4.2.2', '35'),
('1777', 'S.4.3', '67'),
('1777', 'E.1.1.1', '92'),
('1777', 'E.1.2', '93'),
('1777', 'E.1.2.2', '17'),
('1777', 'E.1.2.7', '99'),
('1777', 'E.1.3', '39'),
('1777', 'E.1.3.3', '89'),
('1777', 'E.1.3.4', '89'),
('1777', 'E.1.3.5', '96'),
('1777', 'E.1.7', '91'),
('1777', 'E.1.12', '69'),
('1779', 'G.1.1', '64'),
('1779', 'G.1.4', '37'),
('1779', 'G.1.5', '69'),
('1779', 'G.2.6', '73'),
('1779', 'G.2.13', '75'),
('1779', 'G.3.3.1', '35'),
('1779', 'G.3.4', '75'),
('1779', 'S.1.5', '80'),
('1779', 'S.1.6.2', '82'),
('1779', 'S.1.6.5', '83'),
('1779', 'S.1.6.6', '83'),
('1779', 'S.1.7', '3'),
('1779', 'S.4.2.1', '89'),
('1779', 'S.4.2.2', '35'),
('1779', 'S.4.3', '67'),
('1779', 'E.1.1.1', '92'),
('1779', 'E.1.2', '93'),
('1779', 'E.1.2.2', '17'),
('1779', 'E.1.2.7', '99'),
('1779', 'E.1.3', '39'),
('1779', 'E.1.3.3', '89'),
('1779', 'E.1.3.4', '89'),
('1779', 'E.1.3.5', '96'),
('1779', 'E.1.7', '91'),
('1779', 'E.1.12', '69'),
('2350', 'G.1.1', '64'),
('2350', 'G.1.2', '65'),
('2350', 'G.1.4', '37'),
('2350', 'G.1.5', '69'),
('2350', 'G.2.5', '71'),
('2350', 'G.2.6', '73'),
('2350', 'G.2.8', '74'),
('2350', 'G.2.13', '75'),
('2350', 'G.3.2', '75'),
('2350', 'G.3.4', '75'),
('2350', 'S.1.2', '78'),
('2350', 'S.1.4', '79'),
('2350', 'S.1.5', '80'),
('2350', 'S.1.6.2', '82'),
('2350', 'S.1.6.4', '81'),
('2350', 'S.1.6.5', '83'),
('2350', 'S.1.6.6', '83'),
('2350', 'S.1.7', '3'),
('2350', 'S.2.1', '84'),
('2350', 'S.2.1.1', '84'),
('2350', 'S.2.2', '19'),
('2350', 'S.2.2.2', '86'),
('2350', 'S.2.3', '69'),
('2350', 'S.3.2.1', '97'),
('2350', 'S.3.3', '75'),
('2350', 'E.1.1.1', '92'),
('2350', 'E.1.2', '93'),
('2350', 'E.1.2.7', '99'),
('2350', 'E.1.3', '39'),
('2350', 'E.1.3.4', '89'),
('2350', 'E.1.3.5', '96'),
('2350', 'E.1.7', '91'),
('2350', 'E.1.12', '69'),
('2350', 'E.2.1', '95'),
('2350', 'E.2.2', '100'),
('2710', 'G.1.1', '64'),
('2710', 'G.1.1.1', '41'),
('2710', 'G.1.2', '65'),
('2710', 'G.1.4', '37'),
('2710', 'G.1.5', '69'),
('2710', 'G.2.5', '71'),
('2710', 'G.2.6', '73'),
('2710', 'G.2.8', '74'),
('2710', 'G.2.13', '75'),
('2710', 'G.3.1', '76'),
('2710', 'G.3.2', '75'),
('2710', 'G.3.4', '75'),
('2710', 'S.1.1', '77'),
('2710', 'S.1.4', '79'),
('2710', 'S.1.5', '80'),
('2710', 'S.1.6.2', '82'),
('2710', 'S.1.6.4', '81'),
('2710', 'S.1.6.5', '83'),
('2710', 'S.1.6.6', '83'),
('2710', 'S.1.7', '3'),
('2710', 'S.2.1', '84'),
('2710', 'S.2.2', '19'),
('2710', 'S.3.2.1', '97'),
('2710', 'S.3.3', '75'),
('2710', 'S.4.1', '90'),
('2710', 'S.4.3', '67'),
('2710', 'E.1.3', '39'),
('2710', 'E.1.7', '91'),
('2710', 'E.1.12', '69'),
('2710', 'E.2.1', '95'),
('2710', 'E.2.1.1', '25'),
('2710', 'E.2.1.2', '81'),
('2710', 'E.2.2', '100'),
('2723', 'G.1.1', '64'),
('2723', 'G.1.4', '37'),
('2723', 'G.1.5', '69'),
('2723', 'G.2.5', '71'),
('2723', 'G.2.6', '73'),
('2723', 'G.2.8', '74'),
('2723', 'G.2.13', '75'),
('2723', 'G.3.2', '75'),
('2723', 'G.3.4', '75'),
('2723', 'S.1.1', '77'),
('2723', 'S.1.2', '78'),
('2723', 'S.1.4', '79'),
('2723', 'S.1.5', '80'),
('2723', 'S.1.6.2', '82'),
('2723', 'S.1.6.6', '83'),
('2723', 'S.1.7', '3'),
('2723', 'S.2.1', '84'),
('2723', 'S.2.2', '19'),
('2723', 'S.2.3', '69'),
('2723', 'S.3.3', '75'),
('2723', 'E.1.2', '93'),
('2723', 'E.1.2.7', '99'),
('2723', 'E.1.3.5', '96'),
('2723', 'E.1.7', '91'),
('2723', 'E.1.12', '69'),
('2723', 'E.2.1', '95'),
('2723', 'E.2.2', '100'),
('2727', 'G.1.1', '64'),
('2727', 'G.1.4', '37'),
('2727', 'G.1.5', '69'),
('2727', 'G.2.5', '71'),
('2727', 'G.2.6', '73'),
('2727', 'G.2.8', '74'),
('2727', 'G.2.13', '75'),
('2727', 'G.3.1', '76'),
('2727', 'G.3.2', '75'),
('2727', 'G.3.4', '75'),
('2727', 'S.1.5', '80'),
('2727', 'S.1.6.4', '81'),
('2727', 'S.1.6.5', '83'),
('2727', 'S.1.6.6', '83'),
('2727', 'S.1.7', '3'),
('2727', 'S.2.1', '84'),
('2727', 'S.2.1.1', '84'),
('2727', 'S.2.2', '19'),
('2727', 'S.2.3', '69'),
('2727', 'S.3.2.1', '97'),
('2727', 'S.3.3', '75'),
('2727', 'S.4.1', '90'),
('2727', 'S.4.2.1', '89'),
('2727', 'S.4.3', '67'),
('2727', 'E.1.1.1', '92'),
('2727', 'E.1.3', '39'),
('2727', 'E.1.3.2', '21'),
('2727', 'E.1.3.3', '89'),
('2727', 'E.1.3.4', '89'),
('2727', 'E.1.7', '91'),
('2727', 'E.1.12', '69'),
('2727', 'E.2.1', '95'),
('2727', 'E.2.1.1', '25'),
('2727', 'E.2.1.2', '81'),
('2727', 'E.2.2', '100'),
('2730', 'G.1.1', '64'),
('2730', 'G.1.4', '37'),
('2730', 'G.1.5', '69'),
('2730', 'G.2.1', '70'),
('2730', 'G.2.5', '71'),
('2730', 'G.2.6', '73'),
('2730', 'G.2.8', '74'),
('2730', 'G.2.13', '75'),
('2730', 'G.3.2', '75'),
('2730', 'G.3.4', '75'),
('2730', 'S.1.5', '80'),
('2730', 'S.1.6.4', '81'),
('2730', 'S.1.6.5', '83'),
('2730', 'S.1.6.6', '83'),
('2730', 'S.1.7', '3'),
('2730', 'S.2.1', '84'),
('2730', 'S.2.2', '19'),
('2730', 'S.2.3', '69'),
('2730', 'S.3.2.1', '97'),
('2730', 'S.3.3', '75'),
('2730', 'S.4.1', '90'),
('2730', 'S.4.2.1', '89'),
('2730', 'S.4.3', '67'),
('2730', 'E.1.1.1', '92'),
('2730', 'E.1.2', '93'),
('2730', 'E.1.3', '39'),
('2730', 'E.1.3.2', '21'),
('2730', 'E.1.3.3', '89'),
('2730', 'E.1.3.4', '89'),
('2730', 'E.1.3.5', '96'),
('2730', 'E.1.7', '91'),
('2730', 'E.1.12', '69'),
('2730', 'E.2.1', '95'),
('2730', 'E.2.1.1', '25'),
('2730', 'E.2.2', '100'),
('2750', 'G.1.1', '64'),
('2750', 'G.1.4', '37'),
('2750', 'G.1.5', '69'),
('2750', 'G.2.5', '71'),
('2750', 'G.2.6', '73'),
('2750', 'G.2.8', '74'),
('2750', 'G.2.13', '75'),
('2750', 'G.3.1', '76'),
('2750', 'G.3.2', '75'),
('2750', 'G.3.4', '75'),
('2750', 'S.1.5', '80'),
('2750', 'S.1.6.4', '81'),
('2750', 'S.1.6.5', '83'),
('2750', 'S.1.6.6', '83'),
('2750', 'S.1.7', '3'),
('2750', 'S.2.1', '84'),
('2750', 'S.2.2', '19'),
('2750', 'S.2.3', '69'),
('2750', 'S.3.2.1', '97'),
('2750', 'S.3.3', '75'),
('2750', 'S.4.1', '90'),
('2750', 'S.4.2.1', '89'),
('2750', 'S.4.3', '67'),
('2750', 'E.1.3.2', '21'),
('2750', 'E.1.3.3', '89'),
('2750', 'E.1.3.4', '89'),
('2750', 'E.1.3.5', '96'),
('2750', 'E.1.7', '91'),
('2750', 'E.1.12', '69'),
('2750', 'E.2.1', '95'),
('2770', 'G.1.1', '64'),
('2770', 'G.1.4', '37'),
('2770', 'G.1.5', '69'),
('2770', 'G.2.5', '71'),
('2770', 'G.2.6', '73'),
('2770', 'G.2.8', '74'),
('2770', 'G.2.13', '75'),
('2770', 'G.3.4', '75'),
('2770', 'S.1.1', '77'),
('2770', 'S.1.4', '79'),
('2770', 'S.1.5', '80'),
('2770', 'S.1.7', '3'),
('2770', 'S.2.2', '19'),
('2770', 'S.2.3', '69'),
('2770', 'S.3.3', '75'),
('2770', 'S.4.1', '90'),
('2770', 'S.4.2.2', '35'),
('2770', 'S.4.3', '67'),
('2770', 'E.1.2', '93'),
('2770', 'E.1.3.5', '96'),
('2770', 'E.1.7', '91'),
('2770', 'E.1.12', '69'),
('2770', 'E.2.1.1', '25'),
('2770', 'E.2.2', '100'),
('2791', 'G.1.1', '64'),
('2791', 'G.1.4', '37'),
('2791', 'G.1.5', '69'),
('2791', 'G.2.5', '71'),
('2791', 'G.2.6', '73'),
('2791', 'G.2.8', '74'),
('2791', 'G.2.13', '75'),
('2791', 'G.3.1', '76'),
('2791', 'G.3.4', '75'),
('2791', 'S.1.1.1', '1'),
('2791', 'S.1.2', '78'),
('2791', 'S.1.4', '79'),
('2791', 'S.1.5', '80'),
('2791', 'S.1.7', '3'),
('2791', 'S.2.2', '19'),
('2791', 'S.2.3', '69'),
('2791', 'S.3.3', '75'),
('2791', 'S.4.1', '90'),
('2791', 'S.4.2.1', '89'),
('2791', 'E.1.2', '93'),
('2791', 'E.1.3', '39'),
('2791', 'E.1.7', '91'),
('2791', 'E.1.12', '69'),
('2793', 'G.1.1', '64'),
('2793', 'G.1.4', '37'),
('2793', 'G.1.5', '69'),
('2793', 'G.2.5', '71'),
('2793', 'G.2.6', '73'),
('2793', 'G.2.8', '74'),
('2793', 'G.2.13', '75'),
('2793', 'G.3.1', '76'),
('2793', 'G.3.4', '75'),
('2793', 'S.1.1.1', '1'),
('2793', 'S.1.2', '78'),
('2793', 'S.1.4', '79'),
('2793', 'S.1.5', '80'),
('2793', 'S.1.7', '3'),
('2793', 'S.2.2', '19'),
('2793', 'S.2.3', '69'),
('2793', 'S.3.3', '75'),
('2793', 'S.4.1', '90'),
('2793', 'S.4.2.1', '89'),
('2793', 'E.1.2', '93'),
('2793', 'E.1.3', '39'),
('2793', 'E.1.7', '91'),
('2793', 'E.1.12', '69'),
('2795', 'G.1.1', '64'),
('2795', 'G.1.4', '37'),
('2795', 'G.1.5', '69'),
('2795', 'G.2.5', '71'),
('2795', 'G.2.6', '73'),
('2795', 'G.2.8', '74'),
('2795', 'G.2.13', '75'),
('2795', 'G.3.1', '76'),
('2795', 'G.3.4', '75'),
('2795', 'S.1.1.1', '1'),
('2795', 'S.1.2', '78'),
('2795', 'S.1.4', '79'),
('2795', 'S.1.5', '80'),
('2795', 'S.1.7', '3'),
('2795', 'S.2.2', '19'),
('2795', 'S.2.3', '69'),
('2795', 'S.3.3', '75'),
('2795', 'S.4.1', '90'),
('2795', 'S.4.2.1', '89'),
('2795', 'E.1.2', '93'),
('2795', 'E.1.3', '39'),
('2795', 'E.1.7', '91'),
('2795', 'E.1.12', '69'),
('2797', 'G.1.1', '64'),
('2797', 'G.1.4', '37'),
('2797', 'G.1.4.3', '67'),
('2797', 'G.1.5', '69'),
('2797', 'G.2.5', '71'),
('2797', 'G.2.6', '73'),
('2797', 'G.2.8', '74'),
('2797', 'G.2.13', '75'),
('2797', 'G.3.1', '76'),
('2797', 'G.3.2', '75'),
('2797', 'G.3.4', '75'),
('2797', 'S.1.5', '80'),
('2797', 'S.1.6.5', '83'),
('2797', 'S.1.7', '3'),
('2797', 'S.2.1', '84'),
('2797', 'S.2.2', '19'),
('2797', 'S.2.3', '69'),
('2797', 'S.4.1', '90'),
('2797', 'S.4.3', '67'),
('2797', 'E.1.2', '93'),
('2797', 'E.1.7', '91'),
('2797', 'E.1.12', '69'),
('2797', 'E.2.1', '95'),
('2797', 'E.2.2', '100'),
('2799', 'G.1.1', '64'),
('2799', 'G.1.4', '37'),
('2799', 'G.1.5', '69'),
('2799', 'G.2.5', '71'),
('2799', 'G.2.6', '73'),
('2799', 'G.2.8', '74'),
('2799', 'G.2.13', '75'),
('2799', 'G.3.1', '76'),
('2799', 'G.3.4', '75'),
('2799', 'S.1.1.1', '1'),
('2799', 'S.1.2', '78'),
('2799', 'S.1.4', '79'),
('2799', 'S.1.5', '80'),
('2799', 'S.1.7', '3'),
('2799', 'S.2.2', '19'),
('2799', 'S.2.3', '69'),
('2799', 'S.3.3', '75'),
('2799', 'S.4.1', '90'),
('2799', 'S.4.2.1', '89'),
('2799', 'E.1.2', '93'),
('2799', 'E.1.3', '39'),
('2799', 'E.1.7', '91'),
('2799', 'E.1.12', '69'),
('3353', 'G.1.1', '64'),
('3353', 'G.1.2', '65'),
('3353', 'G.1.4', '37'),
('3353', 'G.1.5', '69'),
('3353', 'G.2.1', '70'),
('3353', 'G.2.5', '71'),
('3353', 'G.2.8', '74'),
('3353', 'G.2.13', '75'),
('3353', 'G.3.2', '75'),
('3353', 'G.3.4', '75'),
('3353', 'S.1.5', '80'),
('3353', 'S.1.6.5', '83'),
('3353', 'S.1.7', '3'),
('3353', 'S.2.1', '84'),
('3353', 'S.2.2', '19'),
('3353', 'S.2.3', '69'),
('3353', 'S.3.2.1', '97'),
('3353', 'S.3.3', '75'),
('3353', 'S.4.3', '67'),
('3353', 'E.1.1', '25'),
('3353', 'E.1.1.1', '92'),
('3353', 'E.1.2', '93'),
('3353', 'E.1.3', '39'),
('3353', 'E.1.4', '91'),
('3353', 'E.1.7', '91'),
('3353', 'E.1.12', '69'),
('3353', 'E.2.1', '95'),
('3353', 'E.2.1.1', '25'),
('3353', 'E.2.1.2', '81'),
('3353', 'E.2.2', '100'),
('3355', 'G.1.1', '64'),
('3355', 'G.1.5', '69'),
('3355', 'G.2.1', '70'),
('3355', 'G.2.2', '72'),
('3355', 'G.2.5', '71'),
('3355', 'G.2.6', '73'),
('3355', 'G.2.8', '74'),
('3355', 'G.2.13', '75'),
('3355', 'G.3.2', '75'),
('3355', 'G.3.4', '75'),
('3355', 'S.1.5', '80'),
('3355', 'S.1.6.5', '83'),
('3355', 'S.1.7', '3'),
('3355', 'S.2.1', '84'),
('3355', 'S.2.2', '19'),
('3355', 'S.2.3', '69'),
('3355', 'S.3.2.1', '97'),
('3355', 'S.3.3', '75'),
('3355', 'S.4.1', '90'),
('3355', 'S.4.3', '67'),
('3355', 'E.1.1', '25'),
('3355', 'E.1.2', '93'),
('3355', 'E.1.3', '39'),
('3355', 'E.1.7', '91'),
('3355', 'E.1.12', '69'),
('3355', 'E.2.1', '95'),
('3355', 'E.2.2', '100'),
('3357', 'G.1.1', '64'),
('3357', 'G.1.5', '69'),
('3357', 'G.2.1', '70'),
('3357', 'G.2.2', '72'),
('3357', 'G.2.5', '71'),
('3357', 'G.2.6', '73'),
('3357', 'G.2.8', '74'),
('3357', 'G.2.13', '75'),
('3357', 'G.3.2', '75'),
('3357', 'G.3.4', '75'),
('3357', 'S.1.5', '80'),
('3357', 'S.1.6.5', '83'),
('3357', 'S.1.7', '3'),
('3357', 'S.2.1', '84'),
('3357', 'S.2.2', '19'),
('3357', 'S.2.3', '69'),
('3357', 'S.3.2.1', '97'),
('3357', 'S.3.3', '75'),
('3357', 'S.4.1', '90'),
('3357', 'S.4.3', '67'),
('3357', 'E.1.1', '25'),
('3357', 'E.1.2', '93'),
('3357', 'E.1.3', '39'),
('3357', 'E.1.7', '91'),
('3357', 'E.1.12', '69'),
('3357', 'E.2.1', '95'),
('3357', 'E.2.2', '100'),
('3530', 'G.1.1', '64'),
('3530', 'G.1.4', '37'),
('3530', 'G.1.5', '69'),
('3530', 'G.2.5', '71'),
('3530', 'G.2.6', '73'),
('3530', 'G.2.8', '74'),
('3530', 'G.2.13', '75'),
('3530', 'G.3.4', '75'),
('3530', 'S.1.1', '77'),
('3530', 'S.1.4', '79'),
('3530', 'S.1.5', '80'),
('3530', 'S.1.7', '3'),
('3530', 'S.2.1', '84'),
('3530', 'S.2.1.1', '84'),
('3530', 'S.2.2', '19'),
('3530', 'S.2.2.1', '85'),
('3530', 'S.2.3', '69'),
('3530', 'S.3.3', '75'),
('3530', 'S.4.1', '90'),
('3530', 'S.4.3', '67'),
('3530', 'E.1.2', '93'),
('3530', 'E.1.2.7', '99'),
('3530', 'E.1.3', '39'),
('3530', 'E.1.3.4', '89'),
('3530', 'E.1.7', '91'),
('3530', 'E.1.12', '69'),
('3530', 'E.2.1', '95'),
('3530', 'E.2.2', '100'),
('3570', 'G.1.1', '64'),
('3570', 'G.1.4', '37'),
('3570', 'G.1.5', '69'),
('3570', 'G.2.5', '71'),
('3570', 'G.2.6', '73'),
('3570', 'G.2.8', '74'),
('3570', 'G.2.13', '75'),
('3570', 'G.3.4', '75'),
('3570', 'S.1.1', '77'),
('3570', 'S.1.4', '79'),
('3570', 'S.1.5', '80'),
('3570', 'S.1.7', '3'),
('3570', 'S.2.1', '84'),
('3570', 'S.2.1.1', '84'),
('3570', 'S.2.2', '19'),
('3570', 'S.2.2.1', '85'),
('3570', 'S.2.3', '69'),
('3570', 'S.3.3', '75'),
('3570', 'S.4.1', '90'),
('3570', 'S.4.3', '67'),
('3570', 'E.1.2', '93'),
('3570', 'E.1.2.7', '99'),
('3570', 'E.1.3', '39'),
('3570', 'E.1.3.4', '89'),
('3570', 'E.1.7', '91'),
('3570', 'E.1.12', '69'),
('3570', 'E.2.1', '95'),
('3570', 'E.2.2', '100'),
('3722', 'G.1.1', '64'),
('3722', 'G.1.1.1', '41'),
('3722', 'G.1.4', '37'),
('3722', 'G.1.5', '69'),
('3722', 'G.2.5', '71'),
('3722', 'G.2.6', '73'),
('3722', 'G.2.8', '74'),
('3722', 'G.2.13', '75'),
('3722', 'G.3.2', '75'),
('3722', 'G.3.4', '75'),
('3722', 'S.1.5', '80'),
('3722', 'S.1.6.2', '82'),
('3722', 'S.1.6.4', '81'),
('3722', 'S.1.6.5', '83'),
('3722', 'S.1.6.6', '83'),
('3722', 'S.1.7', '3'),
('3722', 'S.2.1', '84'),
('3722', 'S.2.2', '19'),
('3722', 'S.2.2.1', '85'),
('3722', 'S.2.2.2', '86'),
('3722', 'S.2.2.3', '87'),
('3722', 'S.2.3', '69'),
('3722', 'S.3.2.1', '97'),
('3722', 'S.3.3', '75'),
('3722', 'S.4.1', '90'),
('3722', 'S.4.3', '67'),
('3722', 'E.1.1.1', '92'),
('3722', 'E.1.2', '93'),
('3722', 'E.1.3', '39'),
('3722', 'E.1.3.5', '96'),
('3722', 'E.1.7', '91'),
('3722', 'E.1.12', '69'),
('3722', 'E.2.1', '95'),
('3722', 'E.2.1.1', '25'),
('3722', 'E.2.1.2', '81'),
('3724', 'G.1.1', '64'),
('3724', 'G.1.4', '37'),
('3724', 'G.1.4.3', '67'),
('3724', 'G.1.4.5', '68'),
('3724', 'G.1.5', '69'),
('3724', 'G.2.5', '71'),
('3724', 'G.2.6', '73'),
('3724', 'G.2.8', '74'),
('3724', 'G.2.13', '75'),
('3724', 'G.3.2', '75'),
('3724', 'G.3.4', '75'),
('3724', 'S.1.5', '80'),
('3724', 'S.1.6.2', '82'),
('3724', 'S.1.6.4', '81'),
('3724', 'S.1.6.5', '83'),
('3724', 'S.1.7', '3'),
('3724', 'S.2.1', '84'),
('3724', 'S.2.2', '19'),
('3724', 'S.2.3', '69'),
('3724', 'S.3.2.1', '97'),
('3724', 'S.3.3', '75'),
('3724', 'S.4.1', '90'),
('3724', 'S.4.3', '67'),
('3724', 'E.1.2', '93'),
('3724', 'E.1.2.7', '99'),
('3724', 'E.1.3', '39'),
('3724', 'E.1.7', '91'),
('3724', 'E.1.12', '69'),
('3724', 'E.2.1', '95'),
('3724', 'E.2.1.1', '25'),
('3724', 'E.2.1.2', '81'),
('3724', 'E.2.2', '100'),
('3726', 'G.1.1', '64'),
('3726', 'G.1.1.1', '41'),
('3726', 'G.1.4', '37'),
('3726', 'G.1.5', '69'),
('3726', 'G.2.5', '71'),
('3726', 'G.2.6', '73'),
('3726', 'G.2.8', '74'),
('3726', 'G.2.13', '75'),
('3726', 'G.3.2', '75'),
('3726', 'G.3.4', '75'),
('3726', 'S.1.5', '80'),
('3726', 'S.1.6.2', '82'),
('3726', 'S.1.6.4', '81'),
('3726', 'S.1.6.5', '83'),
('3726', 'S.1.6.6', '83'),
('3726', 'S.1.7', '3'),
('3726', 'S.2.1', '84'),
('3726', 'S.2.2', '19'),
('3726', 'S.2.2.1', '85'),
('3726', 'S.2.2.2', '86'),
('3726', 'S.2.2.3', '87'),
('3726', 'S.2.3', '69'),
('3726', 'S.3.2.1', '97'),
('3726', 'S.3.3', '75'),
('3726', 'S.4.1', '90'),
('3726', 'S.4.3', '67'),
('3726', 'E.1.1.1', '92'),
('3726', 'E.1.2', '93'),
('3726', 'E.1.3', '39'),
('3726', 'E.1.3.5', '96'),
('3726', 'E.1.7', '91'),
('3726', 'E.1.12', '69'),
('3726', 'E.2.1', '95'),
('3726', 'E.2.1.1', '25'),
('3726', 'E.2.1.2', '81'),
('3728', 'G.1.1', '64'),
('3728', 'G.1.4', '37'),
('3728', 'G.1.5', '69'),
('3728', 'G.2.1', '70'),
('3728', 'G.2.5', '71'),
('3728', 'G.2.6', '73'),
('3728', 'G.2.13', '75'),
('3728', 'G.3.2', '75'),
('3728', 'G.3.4', '75'),
('3728', 'S.1.1.1', '1'),
('3728', 'S.1.4', '79'),
('3728', 'S.1.5', '80'),
('3728', 'S.1.6.4', '81'),
('3728', 'S.1.6.5', '83'),
('3728', 'S.1.6.6', '83'),
('3728', 'S.1.7', '3'),
('3728', 'S.2.1', '84'),
('3728', 'S.2.1.1', '84'),
('3728', 'S.2.2', '19'),
('3728', 'S.2.3', '69'),
('3728', 'S.3.2.1', '97'),
('3728', 'S.3.3', '75'),
('3728', 'S.4.1', '90'),
('3728', 'E.1.2', '93'),
('3728', 'E.1.3', '39'),
('3728', 'E.1.7', '91'),
('3728', 'E.1.12', '69'),
('3728', 'E.2.1', '95'),
('3728', 'E.2.1.1', '25'),
('3728', 'E.2.1.2', '81'),
('3728', 'E.2.2', '100'),
('3740', 'G.1.1', '64'),
('3740', 'G.1.1.1', '41'),
('3740', 'G.1.4', '37'),
('3740', 'G.1.5', '69'),
('3740', 'G.2.5', '71'),
('3740', 'G.2.6', '73'),
('3740', 'G.2.8', '74'),
('3740', 'G.2.13', '75'),
('3740', 'G.3.2', '75'),
('3740', 'G.3.4', '75'),
('3740', 'S.1.5', '80'),
('3740', 'S.1.6.2', '82'),
('3740', 'S.1.6.4', '81'),
('3740', 'S.1.6.5', '83'),
('3740', 'S.1.6.6', '83'),
('3740', 'S.1.7', '3'),
('3740', 'S.2.1', '84'),
('3740', 'S.2.2', '19'),
('3740', 'S.2.2.1', '85'),
('3740', 'S.2.2.2', '86'),
('3740', 'S.2.2.3', '87'),
('3740', 'S.2.3', '69'),
('3740', 'S.3.2.1', '97'),
('3740', 'S.3.3', '75'),
('3740', 'S.4.1', '90'),
('3740', 'S.4.3', '67'),
('3740', 'E.1.1.1', '92'),
('3740', 'E.1.2', '93'),
('3740', 'E.1.3', '39'),
('3740', 'E.1.3.5', '96'),
('3740', 'E.1.7', '91'),
('3740', 'E.1.12', '69'),
('3740', 'E.2.1', '95'),
('3740', 'E.2.1.1', '25'),
('3740', 'E.2.1.2', '81'),
('3760', 'G.1.1', '64'),
('3760', 'G.1.4', '37'),
('3760', 'G.1.4.3', '67'),
('3760', 'G.1.5', '69'),
('3760', 'G.2.5', '71'),
('3760', 'G.2.6', '73'),
('3760', 'G.2.8', '74'),
('3760', 'G.2.13', '75'),
('3760', 'G.3.4', '75'),
('3760', 'S.1.1.1', '1'),
('3760', 'S.1.2', '78'),
('3760', 'S.1.5', '80'),
('3760', 'S.1.6.2', '82'),
('3760', 'S.1.7', '3'),
('3760', 'S.2.1', '84'),
('3760', 'S.2.1.1', '84'),
('3760', 'S.2.2', '19'),
('3760', 'S.2.2.1', '85'),
('3760', 'S.2.2.2', '86'),
('3760', 'S.2.2.3', '87'),
('3760', 'S.3.3', '75'),
('3760', 'S.4.1', '90'),
('3760', 'S.4.3', '67'),
('3760', 'E.1.2.7', '99'),
('3760', 'E.1.3', '39'),
('3760', 'E.1.3.5', '96'),
('3760', 'E.1.7', '91'),
('3760', 'E.1.12', '69'),
('3760', 'E.2.1', '95'),
('3760', 'E.2.1.1', '25'),
('3760', 'E.2.1.2', '81'),
('3760', 'E.2.2', '100'),
('3780', 'G.1.1', '64'),
('3780', 'G.1.4', '37'),
('3780', 'G.1.5', '69'),
('3780', 'G.2.5', '71'),
('3780', 'G.2.6', '73'),
('3780', 'G.2.8', '74'),
('3780', 'G.2.13', '75'),
('3780', 'G.3.4', '75'),
('3780', 'S.1.1', '77'),
('3780', 'S.1.4', '79'),
('3780', 'S.1.5', '80'),
('3780', 'S.1.7', '3'),
('3780', 'S.2.1', '84'),
('3780', 'S.2.1.1', '84'),
('3780', 'S.2.2', '19'),
('3780', 'S.2.2.1', '85'),
('3780', 'S.2.3', '69'),
('3780', 'S.3.3', '75'),
('3780', 'S.4.1', '90'),
('3780', 'S.4.3', '67'),
('3780', 'E.1.2', '93'),
('3780', 'E.1.2.7', '99'),
('3780', 'E.1.3', '39'),
('3780', 'E.1.3.4', '89'),
('3780', 'E.1.7', '91'),
('3780', 'E.1.12', '69'),
('3780', 'E.2.1', '95'),
('3780', 'E.2.2', '100'),
('4530', 'G.1.1', '64'),
('4530', 'G.1.4', '37'),
('4530', 'G.1.5', '69'),
('4530', 'G.2.5', '71'),
('4530', 'G.2.8', '74'),
('4530', 'G.2.13', '75'),
('4530', 'G.3.1', '76'),
('4530', 'G.3.2', '75'),
('4530', 'G.3.4', '75'),
('4530', 'S.1.1', '77'),
('4530', 'S.1.5', '80'),
('4530', 'S.1.6.6', '83'),
('4530', 'S.1.7', '3'),
('4530', 'S.2.1', '84'),
('4530', 'S.2.2', '19'),
('4530', 'S.2.3', '69'),
('4530', 'S.3.2.1', '97'),
('4530', 'S.3.3', '75'),
('4530', 'S.4.1', '90'),
('4530', 'S.4.3', '67'),
('4530', 'E.1.2', '93'),
('4530', 'E.1.3', '39'),
('4530', 'E.1.3.2', '21'),
('4530', 'E.1.7', '91'),
('4530', 'E.1.12', '69'),
('4570', 'G.1.1', '64'),
('4570', 'G.1.2', '65'),
('4570', 'G.1.4', '37'),
('4570', 'G.1.4.3', '67'),
('4570', 'G.1.4.5', '68'),
('4570', 'G.1.5', '69'),
('4570', 'G.2.5', '71'),
('4570', 'G.2.6', '73'),
('4570', 'G.2.8', '74'),
('4570', 'G.2.13', '75'),
('4570', 'G.3.2', '75'),
('4570', 'G.3.4', '75'),
('4570', 'S.1.6.2', '82'),
('4570', 'S.1.6.4', '81'),
('4570', 'S.1.6.5', '83'),
('4570', 'S.1.6.6', '83'),
('4570', 'S.1.7', '3'),
('4570', 'S.2.1', '84'),
('4570', 'S.2.2', '19'),
('4570', 'S.2.3', '69'),
('4570', 'S.3.1.12', '89'),
('4570', 'S.3.2.1', '97'),
('4570', 'S.3.3', '75'),
('4570', 'S.4.1', '90'),
('4570', 'S.4.3', '67'),
('4570', 'E.1.2.7', '99'),
('4570', 'E.1.3', '39'),
('4570', 'E.1.3.2', '21'),
('4570', 'E.1.7', '91'),
('4570', 'E.1.12', '69'),
('4570', 'E.2.1', '95'),
('4570', 'E.2.2', '100'),
('5330', 'G.1.1', '64'),
('5330', 'G.1.4', '37'),
('5330', 'G.1.4.3', '67'),
('5330', 'G.1.5', '69'),
('5330', 'G.2.5', '71'),
('5330', 'G.2.6', '73'),
('5330', 'G.2.8', '74'),
('5330', 'G.2.13', '75'),
('5330', 'G.3.4', '75'),
('5330', 'S.1.2', '78'),
('5330', 'S.1.4', '79'),
('5330', 'S.1.5', '80'),
('5330', 'S.1.7', '3'),
('5330', 'S.2.1', '84'),
('5330', 'S.2.1.1', '84'),
('5330', 'S.2.2', '19'),
('5330', 'S.2.3', '69'),
('5330', 'S.3.3', '75'),
('5330', 'S.4.1', '90'),
('5330', 'E.1.7', '91'),
('5330', 'E.1.12', '69'),
('5330', 'E.2.1', '95'),
('5330', 'E.2.1.1', '25'),
('5330', 'E.2.1.2', '81'),
('5330', 'E.2.2', '100'),
('5370', 'G.1.1', '64'),
('5370', 'G.1.4', '37'),
('5370', 'G.1.5', '69'),
('5370', 'G.2.5', '71'),
('5370', 'G.2.6', '73'),
('5370', 'G.2.8', '74'),
('5370', 'G.2.13', '75'),
('5370', 'G.3.4', '75'),
('5370', 'S.1.1.1', '1'),
('5370', 'S.1.2', '78'),
('5370', 'S.1.5', '80'),
('5370', 'S.1.7', '3'),
('5370', 'S.2.1', '84'),
('5370', 'S.2.1.1', '84'),
('5370', 'S.2.2', '19'),
('5370', 'S.2.2.1', '85'),
('5370', 'S.2.2.2', '86'),
('5370', 'S.2.2.3', '87'),
('5370', 'S.2.3', '69'),
('5370', 'S.3.3', '75'),
('5370', 'S.4.1', '90'),
('5370', 'S.4.3', '67'),
('5370', 'E.1.2', '93'),
('5370', 'E.1.4', '91'),
('5370', 'E.1.7', '91'),
('5370', 'E.1.12', '69'),
('5370', 'E.2.1', '95'),
('5370', 'E.2.2', '100'),
('5550', 'G.1.1', '64'),
('5550', 'G.1.4', '37'),
('5550', 'G.1.5', '69'),
('5550', 'G.2.1', '70'),
('5550', 'G.2.2', '72'),
('5550', 'G.2.6', '73'),
('5550', 'G.2.9', '74'),
('5550', 'G.2.13', '75'),
('5550', 'G.3.2', '75'),
('5550', 'G.3.4', '75'),
('5550', 'S.1.5', '80'),
('5550', 'S.1.7', '3'),
('5550', 'S.2.1', '84'),
('5550', 'S.2.2', '19'),
('5550', 'S.2.3', '69'),
('5550', 'S.3.3', '75'),
('5550', 'S.4.3', '67'),
('5550', 'E.1.2', '93'),
('5550', 'E.1.7', '91'),
('5550', 'E.1.12', '69'),
('5550', 'E.2.1', '95'),
('5550', 'E.2.1.1', '25'),
('5550', 'E.2.1.2', '81'),
('5750', 'G.1.1', '64'),
('5750', 'G.1.4', '37'),
('5750', 'G.1.5', '69'),
('5750', 'G.2.1', '70'),
('5750', 'G.2.5', '71'),
('5750', 'G.2.6', '73'),
('5750', 'G.2.8', '74'),
('5750', 'G.2.13', '75'),
('5750', 'G.3.4', '75'),
('5750', 'S.1.1.1', '1'),
('5750', 'S.1.5', '80'),
('5750', 'S.1.6.2', '82'),
('5750', 'S.1.6.4', '81'),
('5750', 'S.1.6.5', '83'),
('5750', 'S.1.6.6', '83'),
('5750', 'S.1.7', '3'),
('5750', 'S.3.2.1', '97'),
('5750', 'S.3.3', '75'),
('5750', 'S.4.1', '90'),
('5750', 'S.4.3', '67'),
('5750', 'E.1.1.1', '92'),
('5750', 'E.1.2', '93'),
('5750', 'E.1.3', '39'),
('5750', 'E.1.3.5', '96'),
('5750', 'E.1.4', '91'),
('5750', 'E.1.7', '91'),
('5750', 'E.1.12', '69'),
('6530', 'G.1.1', '64'),
('6530', 'G.1.4', '37'),
('6530', 'G.1.5', '69'),
('6530', 'G.2.1', '70'),
('6530', 'G.2.2', '72'),
('6530', 'G.2.5', '71'),
('6530', 'G.2.6', '73'),
('6530', 'G.2.13', '75'),
('6530', 'G.3.4', '75'),
('6530', 'S.1.5', '80'),
('6530', 'S.1.6.2', '82'),
('6530', 'S.1.7', '3'),
('6530', 'S.2.1', '84'),
('6530', 'S.2.1.1', '84'),
('6530', 'S.2.2', '19'),
('6530', 'S.2.2.1', '85'),
('6530', 'S.2.2.2', '86'),
('6530', 'S.2.2.3', '87'),
('6530', 'S.2.3', '69'),
('6530', 'S.3.1.4', '88'),
('6530', 'S.3.3', '75'),
('6530', 'S.4.1', '90'),
('6530', 'S.4.2.1', '89'),
('6530', 'S.4.3', '67'),
('6530', 'E.1.2', '93'),
('6530', 'E.1.3.2', '21'),
('6530', 'E.1.7', '91'),
('6530', 'E.1.12', '69'),
('6530', 'E.2.1', '95'),
('6530', 'E.2.2', '100'),
('6570', 'G.1.1', '64'),
('6570', 'G.1.4', '37'),
('6570', 'G.1.5', '69'),
('6570', 'G.2.1', '70'),
('6570', 'G.2.2', '72'),
('6570', 'G.2.5', '71'),
('6570', 'G.2.6', '73'),
('6570', 'G.2.13', '75'),
('6570', 'G.3.4', '75'),
('6570', 'S.1.5', '80'),
('6570', 'S.1.6.2', '82'),
('6570', 'S.1.7', '3'),
('6570', 'S.2.1', '84'),
('6570', 'S.2.1.1', '84'),
('6570', 'S.2.2', '19'),
('6570', 'S.2.2.1', '85'),
('6570', 'S.2.2.2', '86'),
('6570', 'S.2.2.3', '87'),
('6570', 'S.2.3', '69'),
('6570', 'S.3.1.4', '88'),
('6570', 'S.3.3', '75'),
('6570', 'S.4.1', '90'),
('6570', 'S.4.2.1', '89'),
('6570', 'S.4.3', '67'),
('6570', 'E.1.2', '93'),
('6570', 'E.1.3.2', '21'),
('6570', 'E.1.7', '91'),
('6570', 'E.1.12', '69'),
('6570', 'E.2.1', '95'),
('6570', 'E.2.2', '100'),
('7530', 'G.1.1', '64'),
('7530', 'G.1.4', '37'),
('7530', 'G.1.5', '69'),
('7530', 'G.2.1', '70'),
('7530', 'G.2.2', '72'),
('7530', 'G.2.5', '71'),
('7530', 'G.2.6', '73'),
('7530', 'G.2.13', '75'),
('7530', 'G.3.2', '75'),
('7530', 'G.3.4', '75'),
('7530', 'S.1.5', '80'),
('7530', 'S.1.6.2', '82'),
('7530', 'S.1.6.4', '81'),
('7530', 'S.1.6.5', '83'),
('7530', 'S.1.6.6', '83'),
('7530', 'S.1.7', '3'),
('7530', 'S.2.1', '84'),
('7530', 'S.2.2', '19'),
('7530', 'S.2.3', '69'),
('7530', 'S.3.3', '75'),
('7530', 'S.4.1', '90'),
('7530', 'S.4.2.2', '35'),
('7530', 'S.4.3', '67'),
('7530', 'E.1.1.1', '92'),
('7530', 'E.1.2', '93'),
('7530', 'E.1.2.7', '99'),
('7530', 'E.1.3', '39'),
('7530', 'E.1.3.2', '21'),
('7530', 'E.1.3.3', '89'),
('7530', 'E.1.3.4', '89'),
('7530', 'E.1.4', '91'),
('7530', 'E.1.12', '69'),
('7530', 'E.2.1', '95'),
('7530', 'E.2.1.1', '25'),
('7530', 'E.2.1.2', '81'),
('7530', 'E.2.2', '100'),
('7530', 'G.1.1', '64'),
('7530', 'G.1.4', '37'),
('7530', 'G.1.5', '69'),
('7530', 'G.2.1', '70'),
('7530', 'G.2.2', '72'),
('7530', 'G.2.5', '71'),
('7530', 'G.2.6', '73'),
('7530', 'G.2.13', '75'),
('7530', 'G.3.2', '75'),
('7530', 'G.3.4', '75'),
('7530', 'S.1.5', '80'),
('7530', 'S.1.6.2', '82'),
('7530', 'S.1.6.4', '81'),
('7530', 'S.1.6.5', '83'),
('7530', 'S.1.6.6', '83'),
('7530', 'S.1.7', '3'),
('7530', 'S.2.1', '84'),
('7530', 'S.2.2', '19'),
('7530', 'S.2.3', '69'),
('7530', 'S.3.3', '75'),
('7530', 'S.4.1', '90'),
('7530', 'S.4.2.2', '35'),
('7530', 'S.4.3', '67'),
('7530', 'E.1.1.1', '92'),
('7530', 'E.1.2', '93'),
('7530', 'E.1.2.7', '99'),
('7530', 'E.1.3', '39'),
('7530', 'E.1.3.2', '21'),
('7530', 'E.1.3.3', '89'),
('7530', 'E.1.3.4', '89'),
('7530', 'E.1.4', '91'),
('7530', 'E.1.12', '69'),
('7530', 'E.2.1', '95'),
('7530', 'E.2.1.1', '25'),
('7530', 'E.2.1.2', '81'),
('7530', 'E.2.2', '100'),
('7570', 'G.1.1', '64'),
('7570', 'G.1.4', '37'),
('7570', 'G.1.5', '69'),
('7570', 'G.2.1', '70'),
('7570', 'G.2.2', '72'),
('7570', 'G.2.5', '71'),
('7570', 'G.2.6', '73'),
('7570', 'G.2.13', '75'),
('7570', 'G.3.2', '75'),
('7570', 'G.3.4', '75'),
('7570', 'S.1.5', '80'),
('7570', 'S.1.6.2', '82'),
('7570', 'S.1.6.4', '81'),
('7570', 'S.1.6.5', '83'),
('7570', 'S.1.6.6', '83'),
('7570', 'S.1.7', '3'),
('7570', 'S.2.1', '84'),
('7570', 'S.2.2', '19'),
('7570', 'S.2.3', '69'),
('7570', 'S.3.3', '75'),
('7570', 'S.4.1', '90'),
('7570', 'S.4.2.2', '35'),
('7570', 'S.4.3', '67'),
('7570', 'E.1.1.1', '92'),
('7570', 'E.1.2', '93'),
('7570', 'E.1.2.7', '99'),
('7570', 'E.1.3', '39'),
('7570', 'E.1.3.2', '21'),
('7570', 'E.1.3.3', '89'),
('7570', 'E.1.3.4', '89'),
('7570', 'E.1.4', '91'),
('7570', 'E.1.12', '69'),
('7570', 'E.2.1', '95'),
('7570', 'E.2.1.1', '25'),
('7570', 'E.2.1.2', '81'),
('7570', 'E.2.2', '100'),
('8350', 'G.1.1', '64'),
('8350', 'G.1.2', '    '),
('8350', 'G.1.4', '37'),
('8350', 'G.1.4.1', '66'),
('8350', 'G.1.5', '69'),
('8350', 'G.2.5', '71'),
('8350', 'G.2.6', '73'),
('8350', 'G.2.8', '74'),
('8350', 'G.2.9', '74'),
('8350', 'G.2.13', '75'),
('8350', 'G.3.1', '76'),
('8350', 'G.3.2', '75'),
('8350', 'G.3.4', '75'),
('8350', 'S.1.2', '78'),
('8350', 'S.1.5', '80'),
('8350', 'S.1.7', '3'),
('8350', 'S.2.3', '69'),
('8350', 'S.3.3', '75'),
('8350', 'S.4.1', '90'),
('8350', 'S.4.3', '67'),
('8350', 'E.1.1', '25'),
('8350', 'E.1.2', '93'),
('8350', 'E.1.7', '91'),
('8350', 'E.1.12', '69'),
('8350', 'E.2.2', '100'),
('8530', 'G.1.1', '64'),
('8530', 'G.1.4', '37'),
('8530', 'G.1.5', '69'),
('8530', 'G.2.5', '71'),
('8530', 'G.2.6', '73'),
('8530', 'G.2.8', '74'),
('8530', 'G.2.9', '74'),
('8530', 'G.2.13', '75'),
('8530', 'G.3.1', '76'),
('8530', 'G.3.2', '75'),
('8530', 'G.3.4', '75'),
('8530', 'S.1.5', '80'),
('8530', 'S.1.7', '3'),
('8530', 'S.2.3', '69'),
('8530', 'S.3.3', '75'),
('8530', 'S.4.1', '90'),
('8530', 'S.4.3', '67'),
('8530', 'E.1.1', '25'),
('8530', 'E.1.2', '93'),
('8530', 'E.1.7', '91'),
('8530', 'E.1.12', '69'),
('8530', 'E.2.2', '100'),
('8570', 'G.1.1', '64'),
('8570', 'G.1.4', '37'),
('8570', 'G.1.5', '69'),
('8570', 'G.2.5', '71'),
('8570', 'G.2.6', '73'),
('8570', 'G.2.8', '74'),
('8570', 'G.2.9', '74'),
('8570', 'G.2.13', '75'),
('8570', 'G.3.1', '76'),
('8570', 'G.3.2', '75'),
('8570', 'G.3.4', '75'),
('8570', 'S.1.5', '80'),
('8570', 'S.1.7', '3'),
('8570', 'S.2.3', '69'),
('8570', 'S.3.3', '75'),
('8570', 'S.4.1', '90'),
('8570', 'S.4.3', '67'),
('8570', 'E.1.1', '25'),
('8570', 'E.1.2', '93'),
('8570', 'E.1.7', '91'),
('8570', 'E.1.12', '69'),
('8570', 'E.2.2', '100'),
('8630', 'G.1.1', '64'),
('8630', 'G.1.4', '37'),
('8630', 'G.1.4.1', '66'),
('8630', 'G.1.5', '69'),
('8630', 'G.2.1', '70'),
('8630', 'G.2.5', '71'),
('8630', 'G.2.6', '73'),
('8630', 'G.2.8', '74'),
('8630', 'G.2.13', '75'),
('8630', 'G.3.4', '75'),
('8630', 'S.1.2', '78'),
('8630', 'S.1.4', '79'),
('8630', 'S.1.5', '80'),
('8630', 'S.1.7', '3'),
('8630', 'S.2.1', '84'),
('8630', 'S.2.2', '19'),
('8630', 'S.2.3', '69'),
('8630', 'S.3.3', '75'),
('8630', 'S.4.1', '90'),
('8630', 'S.4.3', '67'),
('8630', 'E.1.1', '25'),
('8630', 'E.1.4', '91'),
('8630', 'E.1.7', '91'),
('8630', 'E.1.12', '69'),
('8630', 'E.2.1', '95'),
('8630', 'E.2.1.1', '25'),
('8630', 'E.2.2', '100'),
('8670', 'G.1.1', '64'),
('8670', 'G.1.4', '37'),
('8670', 'G.1.4.1', '66'),
('8670', 'G.1.5', '69'),
('8670', 'G.2.1', '70'),
('8670', 'G.2.5', '71'),
('8670', 'G.2.6', '73'),
('8670', 'G.2.8', '74'),
('8670', 'G.2.13', '75'),
('8670', 'G.3.4', '75'),
('8670', 'S.1.2', '78'),
('8670', 'S.1.4', '79'),
('8670', 'S.1.5', '80'),
('8670', 'S.1.7', '3'),
('8670', 'S.2.1', '84'),
('8670', 'S.2.2', '19'),
('8670', 'S.2.3', '69'),
('8670', 'S.3.3', '75'),
('8670', 'S.4.1', '90'),
('8670', 'S.4.3', '67'),
('8670', 'E.1.1', '25'),
('8670', 'E.1.4', '91'),
('8670', 'E.1.7', '91'),
('8670', 'E.1.12', '69'),
('8670', 'E.2.1', '95'),
('8670', 'E.2.1.1', '25'),
('8670', 'E.2.2', '100'),
('8770', 'G.1.1', '64'),
('8770', 'G.1.4', '37'),
('8770', 'G.1.4.1', '66'),
('8770', 'G.1.5', '69'),
('8770', 'G.2.1', '70'),
('8770', 'G.2.2', '72'),
('8770', 'G.2.5', '71'),
('8770', 'G.2.6', '73'),
('8770', 'G.2.9', '74'),
('8770', 'G.2.13', '75'),
('8770', 'G.3.2', '75'),
('8770', 'G.3.4', '75'),
('8770', 'S.1.2', '78'),
('8770', 'S.1.4', '79'),
('8770', 'S.1.5', '80'),
('8770', 'S.1.7', '3'),
('8770', 'S.2.3', '69'),
('8770', 'S.3.3', '75'),
('8770', 'S.4.1', '90'),
('8770', 'S.4.3', '67'),
('8770', 'E.1.2', '93'),
('8770', 'E.1.7', '91'),
('8770', 'E.1.12', '69'),
('8770', 'E.2.1', '95'),
('8770', 'E.2.2', '100'),
('8980', 'G.1.1', '64'),
('8980', 'G.1.4', '37'),
('8980', 'G.1.4.1', '66'),
('8980', 'G.1.5', '69'),
('8980', 'G.2.1', '70'),
('8980', 'G.2.2', '72'),
('8980', 'G.2.5', '71'),
('8980', 'G.2.6', '73'),
('8980', 'G.2.9', '74'),
('8980', 'G.2.13', '75'),
('8980', 'G.3.2', '75'),
('8980', 'G.3.4', '75'),
('8980', 'S.1.2', '78'),
('8980', 'S.1.4', '79'),
('8980', 'S.1.5', '80'),
('8980', 'S.1.7', '3'),
('8980', 'S.2.3', '69'),
('8980', 'S.3.3', '75'),
('8980', 'S.4.1', '90'),
('8980', 'S.4.3', '67'),
('8980', 'E.1.2', '93'),
('8980', 'E.1.7', '91'),
('8980', 'E.1.12', '69'),
('8980', 'E.2.1', '95'),
('8980', 'E.2.2', '100'),
('8990', 'G.1.1', '64'),
('8990', 'G.1.4', '37'),
('8990', 'G.1.4.1', '66'),
('8990', 'G.1.5', '69'),
('8990', 'G.2.1', '70'),
('8990', 'G.2.2', '72'),
('8990', 'G.2.5', '71'),
('8990', 'G.2.6', '73'),
('8990', 'G.2.9', '74'),
('8990', 'G.2.13', '75'),
('8990', 'G.3.2', '75'),
('8990', 'G.3.4', '75'),
('8990', 'S.1.2', '78'),
('8990', 'S.1.4', '79'),
('8990', 'S.1.5', '80'),
('8990', 'S.1.7', '3'),
('8990', 'S.2.3', '69'),
('8990', 'S.3.3', '75'),
('8990', 'S.4.1', '90'),
('8990', 'S.4.3', '67'),
('8990', 'E.1.2', '93'),
('8990', 'E.1.7', '91'),
('8990', 'E.1.12', '69'),
('8990', 'E.2.1', '95'),
('8990', 'E.2.2', '100'),
('9530', 'G.1.1', '64'),
('9530', 'G.1.2', '65'),
('9530', 'G.1.4', '37'),
('9530', 'G.1.5', '69'),
('9530', 'G.2.5', '71'),
('9530', 'G.2.6', '73'),
('9530', 'G.2.8', '74'),
('9530', 'G.2.13', '75'),
('9530', 'G.3.2', '75'),
('9530', 'G.3.4', '75'),
('9530', 'S.1.5', '80'),
('9530', 'S.1.6.1', '7'),
('9530', 'S.1.7', '3'),
('9530', 'S.2.2', '19'),
('9530', 'S.2.3', '69'),
('9530', 'S.3.3', '75'),
('9530', 'S.4.1', '90'),
('9530', 'E.1.2', '93'),
('9530', 'E.1.7', '91'),
('9530', 'E.1.12', '69'),
('9530', 'E.2.1', '95'),
('9530', 'E.2.2', '100'),
('9572', 'G.1.1', '64'),
('9572', 'G.1.4', '37'),
('9572', 'G.1.5', '69'),
('9572', 'G.2.5', '71'),
('9572', 'G.2.6', '73'),
('9572', 'G.2.8', '74'),
('9572', 'G.2.13', '75'),
('9572', 'G.3.1', '76'),
('9572', 'G.3.2', '75'),
('9572', 'G.3.4', '75'),
('9572', 'S.1.1.1', '1'),
('9572', 'S.1.4', '79'),
('9572', 'S.1.5', '80'),
('9572', 'S.1.6.2', '82'),
('9572', 'S.1.7', '3'),
('9572', 'S.2.1', '84'),
('9572', 'S.2.1.1', '84'),
('9572', 'S.2.2', '19'),
('9572', 'S.2.2.1', '85'),
('9572', 'S.2.2.2', '86'),
('9572', 'S.2.2.3', '87'),
('9572', 'S.2.3', '69'),
('9572', 'S.3.2.1', '97'),
('9572', 'S.3.3', '75'),
('9572', 'S.4.1', '90'),
('9572', 'S.4.3', '67'),
('9572', 'E.1.1', '25'),
('9572', 'E.1.3', '39'),
('9572', 'E.1.3.2', '21'),
('9572', 'E.1.3.4', '89'),
('9572', 'E.1.7', '91'),
('9572', 'E.1.12', '69'),
('9572', 'E.2.1', '95'),
('9572', 'E.2.1.1', '25'),
('9572', 'E.2.1.2', '81'),
('9572', 'E.2.2', '100'),
('9574', 'G.1.1', '64'),
('9574', 'G.1.4', '37'),
('9574', 'G.1.5', '69'),
('9574', 'G.2.5', '71'),
('9574', 'G.2.6', '73'),
('9574', 'G.2.8', '74'),
('9574', 'G.2.13', '75'),
('9574', 'G.3.1', '76'),
('9574', 'G.3.2', '75'),
('9574', 'G.3.4', '75'),
('9574', 'S.1.1.1', '1'),
('9574', 'S.1.4', '79'),
('9574', 'S.1.5', '80'),
('9574', 'S.1.6.2', '82'),
('9574', 'S.1.7', '3'),
('9574', 'S.2.1', '84'),
('9574', 'S.2.1.1', '84'),
('9574', 'S.2.2', '19'),
('9574', 'S.2.2.1', '85'),
('9574', 'S.2.2.2', '86'),
('9574', 'S.2.2.3', '87'),
('9574', 'S.2.3', '69'),
('9574', 'S.3.2.1', '97'),
('9574', 'S.3.3', '75'),
('9574', 'S.4.1', '90'),
('9574', 'S.4.3', '67'),
('9574', 'E.1.1', '25'),
('9574', 'E.1.3', '39'),
('9574', 'E.1.3.2', '21'),
('9574', 'E.1.3.4', '89'),
('9574', 'E.1.7', '91'),
('9574', 'E.1.12', '69'),
('9574', 'E.2.1', '95'),
('9574', 'E.2.1.1', '25'),
('9574', 'E.2.1.2', '81'),
('9574', 'E.2.2', '100'),
('9576', 'G.1.1', '64'),
('9576', 'G.1.2', '65'),
('9576', 'G.1.4', '37'),
('9576', 'G.1.5', '69'),
('9576', 'G.2.5', '71'),
('9576', 'G.2.6', '73'),
('9576', 'G.2.8', '74'),
('9576', 'G.2.13', '75'),
('9576', 'G.3.2', '75'),
('9576', 'G.3.4', '75'),
('9576', 'S.1.5', '80'),
('9576', 'S.1.6.2', '82'),
('9576', 'S.1.6.5', '83'),
('9576', 'S.1.7', '3'),
('9576', 'S.2.1', '84'),
('9576', 'S.2.1.1', '84'),
('9576', 'S.2.2', '19'),
('9576', 'S.2.2.1', '85'),
('9576', 'S.2.2.2', '86'),
('9576', 'S.2.2.3', '87'),
('9576', 'S.2.3', '69'),
('9576', 'S.3.2.1', '97'),
('9576', 'S.3.3', '75'),
('9576', 'S.4.1', '90'),
('9576', 'S.4.3', '67'),
('9576', 'E.1.2', '93'),
('9576', 'E.1.3', '39'),
('9576', 'E.1.3.2', '21'),
('9576', 'E.1.7', '91'),
('9576', 'E.1.12', '69'),
('9576', 'E.2.1', '95'),
('9576', 'E.2.1.2', '81'),
('9576', 'E.2.2', '100'),
('9578', 'G.1.1', '64'),
('9578', 'G.1.4', '37'),
('9578', 'G.1.5', '69'),
('9578', 'G.2.5', '71'),
('9578', 'G.2.6', '73'),
('9578', 'G.2.8', '74'),
('9578', 'G.2.13', '75'),
('9578', 'G.3.1', '76'),
('9578', 'G.3.2', '75'),
('9578', 'G.3.4', '75'),
('9578', 'S.1.1.1', '1'),
('9578', 'S.1.4', '79'),
('9578', 'S.1.5', '80'),
('9578', 'S.1.6.2', '82'),
('9578', 'S.1.7', '3'),
('9578', 'S.2.1', '84'),
('9578', 'S.2.1.1', '84'),
('9578', 'S.2.2', '19'),
('9578', 'S.2.2.1', '85'),
('9578', 'S.2.2.2', '86'),
('9578', 'S.2.2.3', '87'),
('9578', 'S.2.3', '69'),
('9578', 'S.3.2.1', '97'),
('9578', 'S.3.3', '75'),
('9578', 'S.4.1', '90'),
('9578', 'S.4.3', '67'),
('9578', 'E.1.1', '25'),
('9578', 'E.1.3', '39'),
('9578', 'E.1.3.2', '21'),
('9578', 'E.1.3.4', '89'),
('9578', 'E.1.7', '91'),
('9578', 'E.1.12', '69'),
('9578', 'E.2.1', '95'),
('9578', 'E.2.1.1', '25'),
('9578', 'E.2.1.2', '81'),
('9578', 'E.2.2', '100');

-- --------------------------------------------------------

--
-- Table structure for table `role`
--

CREATE TABLE IF NOT EXISTS `role` (
  `id` int(11) NOT NULL AUTO_INCREMENT,
  `name` varchar(45) DEFAULT NULL,
  `description` varchar(100) DEFAULT NULL,
  PRIMARY KEY (`id`)
) ENGINE=InnoDB DEFAULT CHARSET=latin1 AUTO_INCREMENT=1 ;

-- --------------------------------------------------------

--
-- Table structure for table `section`
--

CREATE TABLE IF NOT EXISTS `section` (
  `id` int(11) NOT NULL AUTO_INCREMENT,
  `name` varchar(45) DEFAULT NULL,
  `section_order` varchar(45) DEFAULT NULL,
  `description` varchar(45) DEFAULT NULL,
  PRIMARY KEY (`id`)
) ENGINE=InnoDB DEFAULT CHARSET=latin1 AUTO_INCREMENT=1 ;

-- --------------------------------------------------------

--
-- Table structure for table `sector`
--

CREATE TABLE IF NOT EXISTS `sector` (
  `id` varchar(4) NOT NULL,
  `name` varchar(70) NOT NULL,
  `supersector` varchar(4) NOT NULL,
  `industry` varchar(4) NOT NULL,
  `subevaluation` varchar(3) NOT NULL COMMENT 'This field indicates that this sector have specific weights per subsectors'
) ENGINE=InnoDB DEFAULT CHARSET=latin1;

--
-- Dumping data for table `sector`
--

INSERT INTO `sector` (`id`, `name`, `supersector`, `industry`, `subevaluation`) VALUES
('0530', 'Oil & Gas Producers', '0500', '0001', ''),
('0570', 'Oil Equipment, Services & Distribution', '0500', '0001', ''),
('0580', 'Alternative Energy', '0500', '0001', 'yes'),
('1350', 'Chemicals', '1300', '1000', ''),
('1730', 'Forestry & Paper', '1730', '1000', ''),
('1750', 'Industrial Metals & Mining', '1700', '1000', ''),
('1770', 'Mining', '1700', '1000', 'yes'),
('2350', 'Construction & Materials', '2300', '2000', ''),
('2710', 'Aerospace & Defense', '2700', '2000', ''),
('2720', 'General Industrials', '2700', '2000', 'yes'),
('2730', 'Electronic & Electrical Equipment', '2700', '2000', ''),
('2750', 'Industrial Engineering', '2700', '2000', ''),
('2770', 'Industrial Transportation', '2700', '2000', ''),
('2790', 'Support Services', '2700', '2000', 'yes'),
('3350', 'Automobiles & Parts', '3300', '3000', 'yes'),
('3530', 'Beverages', '3500', '3000', ''),
('3570', 'Food Producers', '3500', '3000', ''),
('3720', 'Household Goods & Home Construction', '3700', '3000', 'yes'),
('3740', 'Leisure Goods', '3700', '3000', ''),
('3760', 'Personal Goods', '3700', '3000', ''),
('3780', 'Tobacco', '3700', '3000', ''),
('4530', 'Health Care Equipment & Services', '4500', '4000', ''),
('4570', 'Pharmaceuticals & Biotechnology', '4500', '4000', ''),
('5330', 'Food & Drug Retailers', '5300', '5000', ''),
('5370', 'General Retailers', '5300', '5000', ''),
('5550', 'Media', '5500', '5000', ''),
('5750', 'Travel & Leisure', '5700', '5000', ''),
('6530', 'Fixed Line Telecommunications', '6500', '6000', ''),
('6570', 'Mobile Telecommunications', '6500', '6000', ''),
('7530', 'Electricity', '7500', '7000', ''),
('7570', 'Gas, Water & Multi-utilities', '7500', '7000', ''),
('8350', 'Banks', '8300', '8000', ''),
('8530', 'Nonlife Insurance', '8500', '8000', ''),
('8570', 'Life Insurance', '8500', '8000', ''),
('8630', 'Real Estate Investment & Services', '8600', '8000', ''),
('8670', 'Real Estate Investment Trusts', '8600', '8000', ''),
('8770', 'Financial Services', '8700', '8000', ''),
('8980', 'Equity Investment Instruments', '8900', '8000', ''),
('8990', 'Nonequity Investment Instruments', '8900', '8000', ''),
('9530', 'Software & Computer Services', '9500', '9000', ''),
('9570', 'Technology Hardware & Equipment', '9500', '9000', 'yes');

-- --------------------------------------------------------

--
-- Table structure for table `subsector`
--

CREATE TABLE IF NOT EXISTS `subsector` (
  `id` varchar(4) NOT NULL,
  `name` varchar(80) NOT NULL,
  `sector` varchar(4) NOT NULL,
  `supersector` varchar(4) NOT NULL,
  `industry` varchar(4) NOT NULL,
  `definition` text NOT NULL
) ENGINE=InnoDB DEFAULT CHARSET=latin1;

--
-- Dumping data for table `subsector`
--

INSERT INTO `subsector` (`id`, `name`, `sector`, `supersector`, `industry`, `definition`) VALUES
('0533', 'Exploration & Production', '0530', '0500', '0001', 'Companies engaged in the exploration for and drilling, production, refining and supply of oil and gas products.'),
('0537', 'Integrated Oil & Gas', '0530', '0500', '0001', 'Integrated oil and gas companies engaged in the exploration for and drilling, production, refining, distribution and retail sales of oil and gas products.'),
('0573', 'Oil Equipment & Services', '0570', '0500', '0001', 'Suppliers of equipment and services to oil fields and offshore platforms, such as drilling, exploration, seismic-information services and platform construction.'),
('0577', 'Pipelines', '0570', '0500', '0001', 'Operators of pipelines carrying oil, gas or other forms of fuel. Excludes pipeline operators that derive the majority of their revenues from direct sales to end users, which are classified under Gas Distribution.'),
('0583', 'Renewable Energy Equipment', '0580', '0500', '0001', 'Companies that develop or manufacture renewable energy equipment utilizing sources such as solar, wind, tidal, geothermal, hydro and waves.'),
('0587', 'Alternative Fuels', '0580', '0500', '0001', 'Companies that produce alternative fuels such as ethanol, methanol, hydrogen and bio-fuels that are mainly used to power vehicles, and companies that are involved in the production of vehicle fuel cells and/or the development of alternative fuelling infrastructure.'),
('1353', 'Commodity Chemicals', '1350', '1300', '1000', 'Producers and distributors of simple chemical products that are primarily used to formulate more complex chemicals or products, including plastics and rubber in their raw form, fibreglass and synthetic fibres.'),
('1357', 'Specialty Chemicals', '1350', '1300', '1000', 'Producers and distributors of finished chemicals for industries or end users, including dyes, cellular polymers, coatings, special plastics and other chemicals for specialized applications. Includes makers of colourings, flavours and fragrances, fertilizers, pesticides, chemicals used to make drugs, paint in its pigment form and glass in its unfinished form. Excludes producers of paint and glass products used for construction, which are classified under Building Materials & Fixtures.'),
('1733', 'Forestry', '1730', '1700', '1000', 'Owners and operators of timber tracts, forest tree nurseries and sawmills. Excludes providers of finished wood products such as wooden beams, which are classified under Building Materials & Fixtures.'),
('1737', 'Paper', '1730', '1700', '1000', 'Producers, converters, merchants and distributors of all grades of paper. Excludes makers of printed forms, which are classified under Business Support Services, and manufacturers of paper items such as cups and napkins, which are classified under Nondurable Household Products.'),
('1753', 'Aluminium', '1750', '1700', '1000', 'Companies that mine or process bauxite or manufacture and distribute aluminium bars, rods and other products for use by other industries. Excludes manufacturers of finished aluminium products, such as siding, which are categorized according to the type of end product.'),
('1755', 'Nonferrous Metals', '1750', '1700', '1000', 'Producers and traders of metals and primary metal products other than iron, aluminium and steel. Excludes companies that make finished products, which are categorized according to the type of end product.'),
('1757', 'Iron & Steel', '1750', '1700', '1000', 'Manufacturers and stockholders of primary iron and steel products such as pipes, wires, sheets and bars, encompassing all processes from smelting in blast furnaces to rolling mills and foundries. Includes companies that primarily mine iron ores.'),
('1771', 'Coal', '1770', '1700', '1000', 'Companies engaged in the exploration for or mining of coal.'),
('1773', 'Diamonds & Gemstones', '1770', '1700', '1000', 'Companies engaged in the exploration for and production of diamonds and other gemstones.'),
('1775', 'General Mining', '1770', '1700', '1000', 'Companies engaged in the exploration, extraction or refining of minerals not defined elsewhere within the Mining sector.'),
('1777', 'Gold Mining', '1770', '1700', '1000', 'Prospectors for and extractors or refiners of gold-bearing ores.'),
('1779', 'Platinum & Precious Metals', '1770', '1700', '1000', 'Companies engaged in the exploration for and production of platinum, silver and other precious metals not defined elsewhere.'),
('2353', 'Building Materials & Fixtures', '2350', '2300', '2000', 'Producers of materials used in the construction and refurbishment of buildings and structures, including cement and other aggregates, wooden beams and frames, paint, glass, roofing and flooring materials other than carpets. Includes producers of bathroom and kitchen fixtures, plumbing supplies and central air-conditioning and heating equipment. Excludes producers of raw lumber, which are classified under Forestry.'),
('2357', 'Heavy Construction', '2350', '2300', '2000', 'Companies engaged in the construction of commercial buildings, infrastructure such as roads and bridges, residential apartment buildings, and providers of services to construction companies, such as architects, masons, plumbers and electrical contractors.'),
('2713', 'Aerospace', '2710', '2700', '2000', 'Manufacturers, assemblers and distributors of aircraft and aircraft parts primarily used in commercial or private air transport. Excludes manufacturers of communications satellites, which are classified under Telecommunications Equipment.'),
('2717', 'Defense', '2710', '2700', '2000', 'Producers of components and equipment for the defense industry, including military aircraft, radar equipment and weapons.'),
('2723', 'Containers & Packaging', '2720', '2700', '2000', 'Makers and distributors of cardboard, bags, boxes, cans, drums, bottles and jars and glass used for packaging.'),
('2727', 'Diversified Industrials', '2720', '2700', '2000', 'Industrial companies engaged in three or more classes of business within the Industrial industry that differ substantially from each other.'),
('2733', 'Electrical Components & Equipment', '2730', '2700', '2000', 'Makers and distributors of electrical parts for finished products, such as printed circuit boards for radios, televisions and other consumer electronics. Includes makers of cables, wires, ceramics, transistors, electric adapters and security cameras.'),
('2737', 'Electronic Equipment', '2730', '2700', '2000', 'Manufacturers and distributors of electronic products used in different industries. Includes makers of lasers, smart cards, bar scanners, fingerprinting equipment and other electronic factory equipment.'),
('2753', 'Commercial Vehicles & Trucks', '2750', '2700', '2000', 'Manufacturers and distributors of commercial vehicles and heavy agricultural and construction machinery, including rail cars, tractors, bulldozers, cranes, buses and industrial lawn mowers. Includes non-military shipbuilders, such as builders of cruise ships and ferries.'),
('2757', 'Industrial Machinery', '2750', '2700', '2000', 'Designers, manufacturers, distributors and installers of industrial machinery and factory equipment, such as machine tools, lathes, presses and assembly line equipment. Includes makers of pollution control equipment, castings, pressings, welded shapes, structural steelwork, compressors, pumps, bearings, elevators and escalators.'),
('2771', 'Delivery Services', '2770', '2700', '2000', 'Operators of mail and package delivery services for commercial and consumer use. Includes courier and logistic services primarily involving air transportation.'),
('2773', 'Marine Transportation', '2770', '2700', '2000', 'Providers of on-water transportation for commercial markets, such as container shipping. Excludes ports, which are classified under Transportation Services, and shipbuilders, which are classified under Commercial Vehicles & Trucks.'),
('2775', 'Railroads', '2770', '2700', '2000', 'Providers of industrial railway transportation and railway lines. Excludes passenger railway companies, which are classified under Travel & Tourism, and manufacturers of rail cars, which are classified under Commercial Vehicles & Trucks.'),
('2777', 'Transportation Services', '2770', '2700', '2000', 'Companies providing services to the Industrial Transportation sector, including companies that manage airports, train depots, roads, bridges, tunnels, ports, and providers of logistic services to shippers of goods. Includes companies that provide aircraft and vehicle maintenance services.'),
('2779', 'Trucking', '2770', '2700', '2000', 'Companies that provide commercial trucking services. Excludes road and tunnel operators, which are classified under Transportation Services, and vehicle rental and taxi companies, which are classified under Travel & Tourism.'),
('2791', 'Business Support Services', '2790', '2700', '2000', 'Providers of nonfinancial services to a wide range of industrial enterprises and governments. Includes providers of printing services, management consultants, office cleaning services, and companies that install, service and monitor alarm and security systems.'),
('2793', 'Business Training & Employment Agencies', '2790', '2700', '2000', 'Providers of business or management training courses and employment services.'),
('2795', 'Financial Administration', '2790', '2700', '2000', 'Providers of computerized transaction processing, data communication and information services, including payroll, bill payment and employee benefit services.'),
('2797', 'Industrial Suppliers', '2790', '2700', '2000', 'Distributors and wholesalers of diversified products and equipment primarily used in the commercial and industrial sectors. Includes builders merchants.'),
('2799', 'Waste & Disposal Services', '2790', '2700', '2000', 'Providers of pollution control and environmental services for the management, recovery and disposal of solid and hazardous waste materials, such as landfills and recycling centres. Excludes manufacturers of industrial air and water filtration equipment, which are classified under Industrial Machinery.'),
('3353', 'Automobiles', '3350', '3300', '3000', 'Makers of motorcycles and passenger vehicles, including cars, sport utility vehicles (SUVs) and light trucks. Excludes makers of heavy trucks, which are classified under Commercial Vehicles & Trucks, and makers of recreational vehicles (RVs and ATVs), which are classified under Recreational Products.'),
('3355', 'Auto Parts', '3350', '3300', '3000', 'Manufacturers and distributors of new and replacement parts for motorcycles and automobiles, such as engines, carburettors and batteries. Excludes producers of tires, which are classified under Tires.'),
('3357', 'Tires', '3350', '3300', '3000', 'Manufacturers, distributors and retreaders of automobile, truck and motorcycle tires.'),
('3533', 'Brewers', '3530', '3500', '3000', 'Manufacturers and shippers of cider or malt products such as beer, ale and stout.'),
('3535', 'Distillers & Vintners', '3530', '3500', '3000', 'Producers, distillers, vintners, blenders and shippers of wine and spirits such as whisky, brandy, rum, gin or liqueurs.'),
('3537', 'Soft Drinks', '3530', '3500', '3000', 'Manufacturers, bottlers and distributors of non-alcoholic beverages, such as soda, fruit juices, tea, coffee and bottled water. '),
('3573', 'Farming & Fishing', '3570', '3500', '3000', 'Companies that grow crops or raise livestock, operate fisheries or own nontobacco plantations. Includes manufacturers of livestock feeds and seeds and other agricultural products but excludes manufacturers of fertilizers or pesticides, which are classified under Specialty Chemicals.'),
('3577', 'Food Products', '3570', '3500', '3000', 'Food producers, including meatpacking, snacks, fruits, vegetables, dairy products and frozen seafood. Includes producers of pet food and manufacturers of dietary supplements, vitamins and related items. Excludes producers of fruit juices, tea, coffee, bottled water and other non-alcoholic beverages, which are classified under Soft Drinks.'),
('3722', 'Durable Household Products', '3720', '3700', '3000', 'Manufacturers and distributors of domestic appliances, lighting, hand tools and power tools, hardware, cutlery, tableware, garden equipment, luggage, towels and linens. '),
('3724', 'Nondurable Household Products', '3720', '3700', '3000', 'Producers and distributors of pens, paper goods, batteries, light bulbs, tissues, toilet paper and cleaning products such as soaps and polishes.'),
('3726', 'Furnishings', '3720', '3700', '3000', 'Manufacturers and distributors of furniture, including chairs, tables, desks, carpeting, wallpaper and office furniture.'),
('3728', 'Home Construction', '3720', '3700', '3000', 'Constructors of residential homes, including manufacturers of mobile and prefabricated homes intended for use in one place.'),
('3743', 'Consumer Electronics', '3740', '3700', '3000', 'Manufacturers and distributors of consumer electronics, such as TVs, VCRs, DVD players, audio equipment, cable boxes, calculators and camcorders.'),
('3745', 'Recreational Products', '3740', '3700', '3000', 'Manufacturers and distributors of recreational equipment. Includes musical instruments, photographic equipment and supplies, RVs, ATVs and marine recreational vehicles such as yachts, dinghies and speedboats.'),
('3747', 'Toys', '3740', '3700', '3000', 'Manufacturers and distributors of toys and video/computer games, including such toys and games as playing cards, board games, stuffed animals and dolls.'),
('3763', 'Clothing & Accessories', '3760', '3700', '3000', 'Manufacturers and distributors of all types of clothing, jewellery, watches or textiles. Includes sportswear, sunglasses, eyeglass frames, leather clothing and goods, and processors of hides and skins.'),
('3765', 'Footwear', '3760', '3700', '3000', 'Manufacturers and distributors of shoes, boots, sandals, sneakers and other types of footwear.'),
('3767', 'Personal Products', '3760', '3700', '3000', 'Makers and distributors of cosmetics, toiletries and personal-care and hygiene products, including deodorants, soaps, toothpaste, perfumes, diapers, shampoos, razors and feminine-hygiene products. Includes makers of contraceptives other than oral contraceptives, which are classified under Pharmaceuticals.'),
('3785', 'Tobacco', '3780', '3700', '3000', 'Manufacturers and distributors of cigarettes, cigars and other tobacco products. Includes tobacco plantations.'),
('4533', 'Health Care Providers', '4530', '4500', '4000', 'Owners and operators of health maintenance organizations, hospitals, clinics, dentists, opticians, nursing homes, rehabilitation and retirement centres. Excludes veterinary services, which are classified under Specialized Consumer Services.'),
('4535', 'Medical Equipment', '4530', '4500', '4000', 'Manufacturers and distributors of medical devices such as MRI scanners, prosthetics, pacemakers, X-ray machines and other non-disposable medical devices.'),
('4537', 'Medical Supplies', '4530', '4500', '4000', 'Manufacturers and distributors of medical supplies used by health care providers and the general public. Includes makers of contact lenses, eyeglass lenses, bandages and other disposable medical supplies. '),
('4573', 'Biotechnology', '4570', '4500', '4000', 'Companies engaged in research into and development of biological substances for the purposes of drug discovery and diagnostic development, and which derive the majority of their revenue from either the sale or licensing of these drugs and diagnostic tools.'),
('4577', 'Pharmaceuticals', '4570', '4500', '4000', 'Manufacturers of prescription or over-the-counter drugs, such as aspirin, cold remedies and birth control pills. Includes vaccine producers but excludes vitamin producers, which are classified under Food Products.'),
('5333', 'Drug Retailers', '5330', '5300', '5000', 'Operators of pharmacies, including wholesalers and distributors catering to these businesses.'),
('5337', 'Food Retailers & Wholesalers', '5330', '5300', '5000', 'Supermarkets, food-oriented convenience stores and other food retailers and distributors. Includes retailers of dietary supplements and vitamins.'),
('5371', 'Apparel Retailers', '5370', '5300', '5000', 'Retailers and wholesalers specializing mainly in clothing, shoes, jewellery, sunglasses and other accessories.'),
('5373', 'Broadline Retailers', '5370', '5300', '5000', 'Retail outlets and wholesalers offering a wide variety of products including both hard goods and soft goods.'),
('5375', 'Home Improvement Retailers', '5370', '5300', '5000', 'Retailers and wholesalers concentrating on the sale of home improvement products, including garden equipment, carpets, wallpaper, paint, home furniture, blinds and curtains, and building materials.'),
('5377', 'Specialized Consumer Services', '5370', '5300', '5000', 'Providers of consumer services such as auction houses, day-care centres, dry cleaners, schools, consumer rental companies, veterinary clinics, hair salons and providers of funeral, lawn-maintenance, consumer-storage, heating and cooling installation and plumbing services.'),
('5379', 'Specialty Retailers', '5370', '5300', '5000', 'Retailers and wholesalers concentrating on a single class of goods, such as electronics, books, automotive parts or closeouts. Includes automobile dealerships, video rental stores, dollar stores, duty-free shops and automotive fuel stations not owned by oil companies.'),
('5553', 'Broadcasting & Entertainment', '5550', '5500', '5000', 'Producers, operators and broadcasters of radio, television, music and filmed entertainment. Excludes movie theatres, which are classified under Recreational Services.'),
('5555', 'Media Agencies', '5550', '5500', '5000', 'Companies providing advertising, public relations and marketing services. Includes billboard providers and telemarketers.'),
('5557', 'Publishing', '5550', '5500', '5000', 'Publishers of information via printed or electronic media.'),
('5751', 'Airlines', '5750', '5700', '5000', 'Companies providing primarily passenger air transport. Excludes airports, which are classified under Transportation Services.'),
('5752', 'Gambling', '5750', '5700', '5000', 'Providers of gambling and casino facilities. Includes online casinos, racetracks and the manufacturers of pachinko machines and casino and lottery equipment.'),
('5753', 'Hotels', '5750', '5700', '5000', 'Operators and managers of hotels, motels, lodges, resorts, spas and campgrounds.'),
('5755', 'Recreational Services', '5750', '5700', '5000', 'Providers of leisure facilities and services, including fitness centres, cruise lines, movie theatres and sports teams.'),
('5757', 'Restaurants & Bars', '5750', '5700', '5000', 'Operators of restaurants, fast-food facilities, coffee shops and bars. Includes integrated brewery companies and catering companies. '),
('5759', 'Travel & Tourism', '5750', '5700', '5000', 'Companies providing travel and tourism related services, including travel agents, online travel reservation services, automobile rental firms and companies that primarily provide passenger transportation, such as buses, taxis, passenger rail and ferry companies.'),
('6535', 'Fixed Line Telecommunications', '6530', '6500', '6000', 'Providers of fixed-line telephone services, including regional and long-distance. Includes companies that primarily provides telephone services through the internet. Excludes companies whose primary business is Internet access, which are classified under Internet.'),
('6575', 'Mobile Telecommunications', '6570', '6500', '6000', 'Providers of mobile telephone services, including cellular, satellite and paging services. Includes wireless tower companies that own, operate and lease mobile site towers to multiple wireless service providers.'),
('7535', 'Conventional Electricity', '7530', '7500', '7000', 'Companies generating and distributing electricity through the burning of fossil fuels such as coal, petroleum and natural gas, and through nuclear energy.'),
('7537', 'Alternative Electricity', '7530', '7500', '7000', 'Companies generating and distributing electricity from a renewable source. Includes companies that produce solar, water, wind and geothermal electricity.'),
('7573', 'Gas Distribution', '7570', '7500', '7000', 'Distributors of gas to end users. Excludes providers of natural gas as a commodity, which are classified under the Oil & Gas industry.'),
('7575', 'Multi-utilities', '7570', '7500', '7000', 'Utility companies with significant presence in more than one utility.'),
('7577', 'Water', '7570', '7500', '7000', 'Companies providing water to end users, including water treatment plants.'),
('8355', 'Banks', '8350', '8300', '8000', 'Banks providing a broad range of financial services, including retail banking, loans and money transmissions.'),
('8532', 'Full Line Insurance', '8530', '8500', '8000', 'Insurance companies with life, health, property & casualty and reinsurance interests, no one of which predominates.'),
('8534', 'Insurance Brokers', '8530', '8500', '8000', 'Insurance brokers and agencies.'),
('8536', 'Property & Casualty Insurance', '8530', '8500', '8000', 'Companies engaged principally in accident, fire, automotive, marine, malpractice and other classes of nonlife insurance.'),
('8538', 'Reinsurance', '8530', '8500', '8000', 'Companies engaged principally in reinsurance.'),
('8575', 'Life Insurance', '8570', '8500', '8000', 'Companies engaged principally in life and health insurance.'),
('8633', 'Real Estate Holding & Development', '8630', '8600', '8000', 'Companies that invest directly or indirectly in real estate through development, investment or ownership. Excludes real estate investment trusts and similar entities, which are classified as Real Estate Investment Trusts.'),
('8637', 'Real Estate Services', '8630', '8600', '8000', 'Companies that provide services to real estate companies but do not own the properties themselves. Includes agencies, brokers, leasing companies, management companies and advisory services. Excludes real estate investment trusts and similar entities, which are classified as Real Estate Investment Trusts.'),
('8671', 'Industrial & Office REITs', '8670', '8600', '8000', 'Real estate investment trusts or corporations (REITs) or listed property trusts (LPTs) that primarily invest in office, industrial and flex properties.'),
('8672', 'Retail REITs', '8670', '8600', '8000', 'Real estate investment trusts or corporations (REITs) or listed property trusts (LPTs) that primarily invest in retail properties. Includes malls, shopping centres, strip centres and factory outlets.'),
('8673', 'Residential REITs', '8670', '8600', '8000', 'Real estate investment trusts or corporations (REITs) or listed property trusts (LPTs) that primarily invest in residential home properties. Includes apartment buildings and residential communities.'),
('8674', 'Diversified REITs', '8670', '8600', '8000', 'Real estate investment trusts or corporations (REITs) or listed property trusts (LPTs) that invest in a variety of property types without a concentration on any single type.'),
('8675', 'Specialty REITs', '8670', '8600', '8000', 'Real estate investment trusts or corporations (REITs) or listed property trusts (LPTs) that invest in self storage properties, properties in the health care industry such as hospitals, assisted living facilities and health care laboratories, and other specialized properties such as auto dealership facilities, timber properties and net lease properties.'),
('8676', 'Mortgage REITs', '8670', '8600', '8000', 'Real estate investment trusts or corporations (REITs) or listed property trusts (LPTs) that are directly involved in lending money to real estate owners and operators or indirectly through the purchase of mortgages or mortgage backed securities.'),
('8677', 'Hotel & Lodging REITs', '8670', '8600', '8000', 'Real estate investment trusts or corporations (REITs) or listed property trusts (LPTs) that primarily invest in hotels or lodging properties.'),
('8771', 'Asset Managers', '8770', '8700', '8000', 'Companies that provide custodial, trustee and other related fiduciary services. Includes mutual fund management companies. '),
('8773', 'Consumer Finance', '8770', '8700', '8000', 'Credit card companies and providers of personal finance services such as personal loans and check cashing companies.'),
('8775', 'Specialty Finance', '8770', '8700', '8000', 'Companies engaged in financial activities not specified elsewhere. Includes companies not classified under Equity Investment Instruments or Nonequity Investment Instruments engaged primarily in owning stakes in a diversified range of companies.'),
('8777', 'Investment Services', '8770', '8700', '8000', 'Companies providing a range of specialized financial services, including securities brokers and dealers, online brokers and security or commodity exchanges.'),
('8779', 'Mortgage Finance', '8770', '8700', '8000', 'Companies that provide mortgages, mortgage insurance and other related services.'),
('8985', 'Equity Investment Instruments', '8980', '8700', '8000', 'Corporate closed-ended investment entities identified under distinguishing legislation, such as investment trusts and venture capital trusts.'),
('8995', 'Nonequity Investment Instruments', '8990', '8700', '8000', 'Noncorporate, open-ended investment instruments such as open-ended investment companies and funds, unit trusts, ETFs and currency funds and split capital trusts.'),
('9533', 'Computer Services', '9530', '9500', '9000', 'Companies that provide consulting services to other businesses relating to information technology. Includes providers of computer-system design, systems integration, network and systems operations, data management and storage, repair services and technical support.'),
('9535', 'Internet', '9530', '9500', '9000', 'Companies providing Internet-related services, such as Internet access providers and search engines and providers of Web site design, Web hosting, domain-name registration and e-mail services.'),
('9537', 'Software', '9530', '9500', '9000', 'Publishers and distributors of computer software for home or corporate use. Excludes computer game producers, which are classified under Toys.'),
('9572', 'Computer Hardware', '9570', '9500', '9000', 'Manufacturers and distributors of computers, servers, mainframes, workstations and other computer hardware and subsystems, such as mass-storage drives, mice, keyboards and printers. '),
('9574', 'Electronic Office Equipment', '9570', '9500', '9000', 'Manufacturers and distributors of electronic office equipment, including photocopiers and fax machines. '),
('9576', 'Semiconductors', '9570', '9500', '9000', 'Producers and distributors of semiconductors and other integrated chips, including other products related to the semiconductor industry, such as semiconductor capital equipment and motherboards. Excludes makers of printed circuit boards, which are classified under Electrical Components & Equipment.'),
('9578', 'Telecommunications Equipment', '9570', '9500', '9000', 'Makers and distributors of high-technology communication products, including satellites, mobile telephones, fibres optics, switching devices, local and wide-area networks, teleconferencing equipment and connectivity devices for computers, including hubs and routers.');

-- --------------------------------------------------------

--
-- Table structure for table `supersector`
--

CREATE TABLE IF NOT EXISTS `supersector` (
  `id` varchar(4) NOT NULL,
  `name` varchar(50) NOT NULL,
  `industry` varchar(4) NOT NULL
) ENGINE=InnoDB DEFAULT CHARSET=latin1;

--
-- Dumping data for table `supersector`
--

INSERT INTO `supersector` (`id`, `name`, `industry`) VALUES
('0500', 'Oil & Gas', '0001'),
('1300', 'Chemicals', '1000'),
('1700', 'Basic Resources', '1000'),
('2300', 'Construction & Materials', '2000'),
('2700', 'Industrial Goods & Services', '2000'),
('3300', 'Automobiles & Parts', '3000'),
('3500', 'Food & Beverage', '3000'),
('3700', 'Personal & Household Goods', '3000'),
('4500', 'Health Care', '4000'),
('5300', 'Retail', '5000'),
('5500', 'Media', '5000'),
('5700', 'Travel & Leisure', '5000'),
('6500', 'Telecommunications', '6000'),
('7500', 'Utilities', '7000'),
('8300', 'Banks', '8000'),
('8500', 'Insurance', '8000'),
('8600', 'Real Estate', '8000'),
('8700', 'Financial Services', '8000'),
('9500', 'Technology', '9000');

-- --------------------------------------------------------

--
-- Table structure for table `user`
--

CREATE TABLE IF NOT EXISTS `user` (
  `id` int(11) NOT NULL AUTO_INCREMENT,
  `username` varchar(100) DEFAULT NULL,
  `passwd` varchar(250) NOT NULL,
  `name` varchar(45) DEFAULT NULL,
  `lastname` varchar(45) DEFAULT NULL,
  `password` varchar(45) DEFAULT NULL,
  `email` varchar(45) DEFAULT NULL,
  `creation` varchar(45) DEFAULT NULL,
  `prntid` int(11) DEFAULT NULL,
  `title` varchar(45) DEFAULT NULL,
  `phone` varchar(45) DEFAULT NULL,
  `extension` varchar(45) DEFAULT NULL,
  `fax` varchar(45) DEFAULT NULL,
  `mobile` varchar(45) DEFAULT NULL,
  `address` varchar(45) DEFAULT NULL,
  `city` varchar(45) DEFAULT NULL,
  `state` varchar(45) DEFAULT NULL,
  `postalcode` varchar(45) DEFAULT NULL,
  `country` varchar(45) DEFAULT NULL,
  `class` enum('C','F','I') NOT NULL DEFAULT 'C',
  `failures` tinyint(2) DEFAULT '0',
  `locale` varchar(8) DEFAULT 'en-US',
  PRIMARY KEY (`id`),
  UNIQUE KEY `username` (`username`)
) ENGINE=InnoDB  DEFAULT CHARSET=latin1 AUTO_INCREMENT=263 ;

--
-- Dumping data for table `user`
--

INSERT INTO `user` (`id`, `username`, `passwd`, `name`, `lastname`, `password`, `email`, `creation`, `prntid`, `title`, `phone`, `extension`, `fax`, `mobile`, `address`, `city`, `state`, `postalcode`, `country`, `class`, `failures`, `locale`) VALUES
(1, 'demo', 'xglG75FR6YSgRsHI0ArrmbmTyUZQCv/Swwb4xAJwlxt5CRAPWSYilyjfh/5mffEvtMPMo5GT8xVxb472lbrEr/', 'Demo', 'User', '1234', 'demo@user.com', '2012-09-23T11:56:58-04:00', 1, 'Mr.', NULL, NULL, NULL, NULL, '1820 Corporate Blvd Suite 205', 'Westone', 'Floridaws', '33326', 'US', 'C', 0, 'en-US'),
(2, 'demo2', 'Q3rsdZqIzXcWkFJ2xp5h2jtmpo0DBWPgizisZ4Xq4xw/Oo0hHzFfuww0vLgVkmBee.JeMUyrqAx4yx2ejHOnh/', 'Demo2', 'User', '4321', NULL, '2012-10-01T07:25:34-04:00', 2, NULL, NULL, NULL, NULL, NULL, NULL, NULL, NULL, NULL, 'US', 'C', 1, 'en-US'),
(3, 'anacap-XZYH', 'cjDDjwwjW9.m7wi9.zvBb1K1KDficj6m5hiC7KqYOZCUH.quZmvtY3Xhu.p3.zsYEicaKbG8cAA84uFV/s5oO0', NULL, NULL, 'vkBr3mIO', NULL, '2013-02-27T23:28:21-05:00', 3, NULL, NULL, NULL, NULL, NULL, NULL, NULL, NULL, NULL, NULL, 'C', 0, 'en-US'),
(4, 'anacap-QQUN', 's5FGiMQJyXAQt3MEMNNjI6z2tPEZKJEpuJ9P2ZM3MRnlGRx.YLYIzGPOueHn/PFS9j9UGdgJTwtceV1hL6d850', NULL, NULL, 'j4fkqzzd', NULL, '2013-03-16T17:47:13-04:00', 4, NULL, NULL, NULL, NULL, NULL, NULL, NULL, NULL, NULL, NULL, 'C', 0, 'en-US'),
(5, 'anacap-CUOM', 'MUYcrb9/jRiq/8ihpOqa6a8GH8d.OcFYLS0ewjM5yT8gCzgS/eibgqmbj60T2mYe/Bgfv1KRXsHlKbfqx5GIV0', NULL, NULL, 'BSmUxhNS', NULL, '2013-01-12T01:51:16-05:00', 5, NULL, NULL, NULL, NULL, NULL, NULL, NULL, NULL, NULL, NULL, 'C', 0, 'en-US'),
(6, 'anacap-AMOO', '1aXQvqUphK1qdCtX1AeZOTS/hlgn6DqUwqk3qthzYhG7VUJk2OgSWoldtXBCUH2/3SY.Hg./r42PqtT9abbfB0', NULL, NULL, '96DNdJtg', NULL, '2012-11-06T16:17:37-05:00', 6, NULL, NULL, NULL, NULL, NULL, NULL, NULL, NULL, NULL, NULL, 'C', 0, 'en-US'),
(7, 'auctus-YXXB', 'X76xLEEzQXQ9YwVVW92M.2vz07T/cW.H.DYjrSiurHTRBVSqECOFdO7Nid66g9KKwbU9d641OP8/v4ydVDYkb.', NULL, NULL, 'qUKmjsHV', NULL, '2012-09-30T18:00:55-04:00', 7, NULL, NULL, NULL, NULL, NULL, NULL, NULL, NULL, NULL, NULL, 'C', 0, 'en-US'),
(8, 'auctus-CCWW', 'vFMx4g1fUb2bCx6AtMVF8VtiEsKmoYS.TXpaq9iduWdI59nIiHslzwvrMEHxoT0Aa0xtx9zcPo.kAUksI9rPE.', NULL, NULL, 'Y71f0Unj', NULL, '2013-04-09T17:18:38-04:00', 8, NULL, NULL, NULL, NULL, NULL, NULL, NULL, NULL, NULL, NULL, 'C', 0, 'en-US'),
(9, 'auctus-WUIS', '2HmSDuDkmuUwKiE1aqQbKyG2FjeswjLNl9V5.gD.ydSLuKNX2lxmjkPeR56gtbivJpV1cN45XRpvMsFwrnS0S/', NULL, NULL, 'hQy7uGQ5', NULL, '2013-04-23T19:34:48-04:00', 9, NULL, NULL, NULL, NULL, NULL, NULL, NULL, NULL, NULL, NULL, 'C', 0, 'en-US'),
(10, 'auctus-OANE', 'aqxcZh79jBYC1y66F6uOxJgmagSHCJpkkd4Gn5j3A5Sg1yZgk97OTDLwBA3unpWDRNmKgJXpMMhZBFsvDE.L31', NULL, NULL, 'P3PZa8wt', NULL, '2013-02-22T09:03:29-05:00', 10, NULL, NULL, NULL, NULL, NULL, NULL, NULL, NULL, NULL, NULL, 'C', 0, 'en-US'),
(11, 'auctus-IKGM', 'iDM22nooOlZuFmkdJ4FZ5V.EVT0BzmYZS8UlI/1KGAfOUZnuvkAvXc7vx47yhGg.TWHKTnFTh/MVunny/wlfn.', NULL, NULL, '6RWzhQK8', NULL, '2013-05-05T00:07:15-04:00', 11, NULL, NULL, NULL, NULL, NULL, NULL, NULL, NULL, NULL, NULL, 'C', 0, 'en-US'),
(12, 'auctus-NTPZ', 'lIJ/s7rXpgIkKXMSovdHZyLMoLSDls.7IGZarJ4jNylOYIHMQfBubIutrv8sXnahHNIbiFWjxNh7dhqSKLarO.', NULL, NULL, 'E4dsXiqw', NULL, '2012-09-18T14:42:22-04:00', 12, NULL, NULL, NULL, NULL, NULL, NULL, NULL, NULL, NULL, NULL, 'C', 0, 'en-US'),
(13, 'auctus-QHYN', 'c0KOuwwQ1tI1dSRRtTPvePJ6vJBWvkuVd6gg1ABPZWRiiHRVKHo2YdJourW.dWZc7kl/kx0MqgtILefHiFUbK/', NULL, NULL, 'VTk131Eb', NULL, '2013-04-19T19:48:14-04:00', 13, NULL, NULL, NULL, NULL, NULL, NULL, NULL, NULL, NULL, NULL, 'C', 0, 'en-US'),
(14, 'bain-XFFC', 'D0.Q5TaE5mnHEFor4Ib2RSW8aZmCp8TGbI.URJ7J0Z15PbsSSwKui2q.juYlmvZP..Xfq36EE8hrIv6nJKfBr/', NULL, NULL, 't6BUKtkz', NULL, '2012-11-09T12:26:31-05:00', 14, NULL, NULL, NULL, NULL, NULL, NULL, NULL, NULL, NULL, NULL, 'C', 0, 'en-US'),
(15, 'bain-QQTS', 'zmBdQTRwKb7729moIFcxlwPGZLaqrWrSrU23vnNr0PnjuV.l2dVKXf65M2kwUc1aZoUs9Zd1FqeofqaVUf375/', NULL, NULL, 'LUIuQbye', NULL, '2013-01-29T15:10:15-05:00', 15, NULL, NULL, NULL, NULL, NULL, NULL, NULL, NULL, NULL, NULL, 'C', 0, 'en-US'),
(16, 'bain-UWMW', '9AEL5Dzu8fSuqxwMYIje3oBDS5r5w1UfZqscfPyDVWkPge0JZGbuqs5JQHxwdqunUvEvOjlKWuwm5IQHmx7RB1', NULL, NULL, '2IP3XUMT', NULL, '2012-10-11T21:34:12-04:00', 16, NULL, NULL, NULL, NULL, NULL, NULL, NULL, NULL, NULL, NULL, 'C', 0, 'en-US'),
(17, 'bain-VQGI', 'UgdnCRH0JxGhQDWmLz38IAWpbi7hVysffLjhAYYNwPtQIKyTy16xcysr4y.ImcuicKbAG/VF5AzQNKJD7o4611', NULL, NULL, 'AW6WDmsh', NULL, '2012-11-13T16:49:21-05:00', 17, NULL, NULL, NULL, NULL, NULL, NULL, NULL, NULL, NULL, NULL, 'C', 0, 'en-US'),
(18, 'bain-VODY', 'WpXZDiWZRNnUOmAQM/kbiFD7pvv0UJl50SdGaClsC6qDTiJxz/3pI2OtoM0AQQYaenGgrfX26YHT3.61MBML61', NULL, NULL, 'SKcvJ5GV', NULL, '2013-01-16T18:51:54-05:00', 18, NULL, NULL, NULL, NULL, NULL, NULL, NULL, NULL, NULL, NULL, 'C', 0, 'en-US'),
(19, 'bain-TCNF', 'RY8setrl4ypOaIzdG52TJhRDxJBObsrtgHPrGaiDEyx4m5zU4n8fFsqAtFpCNHN0AdPsw1COgtP18MZTu9OBU/', NULL, NULL, 'qXuoqwmj', NULL, '2013-01-12T15:32:21-05:00', 19, NULL, NULL, NULL, NULL, NULL, NULL, NULL, NULL, NULL, NULL, 'C', 0, 'en-US'),
(20, 'bain-HKPH', 'cqmwMG8xmTQWCM5j0UXKFXOiU08GDE2EINGmy3k1Nt4rB.JI4FgaN5HdF2AFCgnzg1.55Vu3Dbao.J4rN9eNz1', NULL, NULL, 'HMAYwfAY', NULL, '2013-04-04T20:28:58-04:00', 20, NULL, NULL, NULL, NULL, NULL, NULL, NULL, NULL, NULL, NULL, 'C', 0, 'en-US'),
(21, 'balderton-GWMD', 'rKqKqGBB8H3tsKlLKcCq5uDxUvAsTBPCl4fD1oHeXPxvc0JrHclYMpPlGlmf/nSNUeuPw6S72CJnzCMpST0ct1', NULL, NULL, 'fZSRcHgm', NULL, '2013-04-19T18:55:50-04:00', 21, NULL, NULL, NULL, NULL, NULL, NULL, NULL, NULL, NULL, NULL, 'C', 0, 'en-US'),
(22, 'balderton-KTXC', 'WvMQyZcDp/GLNUDZ9CC9IhbpZbJYpt6eYf3PqTU5TjxUKgf8ex1N0agGdxI.r/mmOFiUlCA1lHKR5heZdG9II/', NULL, NULL, 'xNYqjqu1', NULL, '2012-09-07T22:14:40-04:00', 22, NULL, NULL, NULL, NULL, NULL, NULL, NULL, NULL, NULL, NULL, 'C', 0, 'en-US'),
(23, 'balderton-GBUV', 'TxL4L6lUTFEmRmOsHfVMfhQemUBexiHBQ9wYAfwXYpvEWIWtsL6cNmhIdnAYopbuYHfrjOD15VHUH7IyuFNZt.', NULL, NULL, '41gjZSap', NULL, '2013-02-23T10:29:54-05:00', 23, NULL, NULL, NULL, NULL, NULL, NULL, NULL, NULL, NULL, NULL, 'C', 0, 'en-US'),
(24, 'balderton-DILO', '3pcLfOwsvJ2zP/hZ3I89YDNDAVb6UlHgKfTFRnmEXrUgpqcCA5Bbvy3w80xQgpPsqNidV0CZ483a7wMb2WZST.', NULL, NULL, 'mPmS6Ao4', NULL, '2013-02-20T17:50:32-05:00', 24, NULL, NULL, NULL, NULL, NULL, NULL, NULL, NULL, NULL, NULL, 'C', 0, 'en-US'),
(25, 'balderton-WHVK', '10BZjsGUpOi7DGR.uMqqM6My6HYVcAJoxkyzNIolHSv5jJ9spfcfxK.CJHIDy7p2lQCIY7BMK7VL1pLe8ZfMF/', NULL, NULL, 'U2ELM24s', NULL, '2012-12-21T06:46:53-05:00', 25, NULL, NULL, NULL, NULL, NULL, NULL, NULL, NULL, NULL, NULL, 'C', 0, 'en-US'),
(26, 'balderton-WNUD', '8kiRfpQpWaonkNCVZJJZoHS8m/uG7KaDm1257ylmU6lBtsW0z/c0aB6LfN4LMyINfoWsycZpITmXUf/Ikpxis0', NULL, NULL, 'bQKlSLi7', NULL, '2013-02-18T08:21:22-05:00', 26, NULL, NULL, NULL, NULL, NULL, NULL, NULL, NULL, NULL, NULL, 'C', 0, 'en-US'),
(27, 'balderton-OBQX', 'MOC.GoasomYPhik.9Z3vvXQcTx12rzdb49Vvie4cc0Tg0WqK27PIPL2YjDm6q/ZiPL7MQ4eJSDdcDgc0RoCRQ1', NULL, NULL, 'J41eydYv', NULL, '2013-04-18T18:17:07-04:00', 27, NULL, NULL, NULL, NULL, NULL, NULL, NULL, NULL, NULL, NULL, 'C', 0, 'en-US'),
(28, 'balderton-EPLP', 'T6JcLyZjodCuSi9JGxPINN0tMWfCZo3PYESsY3.X8AlR6h0qh6I6xht9B80LBAkmt9ohJ6ivjsCA2snHOOkYd.', NULL, NULL, '1S8NFVc9', NULL, '2012-09-29T00:16:33-04:00', 28, NULL, NULL, NULL, NULL, NULL, NULL, NULL, NULL, NULL, NULL, 'C', 0, 'en-US'),
(29, 'balderton-WBYU', 'UkH.miSDkkKMQUzeydQXoap0M57zjkehP2iLMBEy1YRwVn2giwAAWb6nvbMUt.mqvHul63Lua5bGXyH/jS9bm1', NULL, NULL, 'z5pGlnSx', NULL, '2012-10-27T08:49:55-04:00', 29, NULL, NULL, NULL, NULL, NULL, NULL, NULL, NULL, NULL, NULL, 'C', 0, 'en-US'),
(30, 'balderton-XTXN', 'Akg.X640pTLXLUSZQ1MTjPnSkfGhu7LDqei.ESJvgjaULe74L8oZCw7EgDZmP/MSf7iIMmERU0WLswsV7DD/3.', NULL, NULL, 'QTwfs66c', NULL, '2013-03-28T13:15:02-04:00', 30, NULL, NULL, NULL, NULL, NULL, NULL, NULL, NULL, NULL, NULL, 'C', 0, 'en-US'),
(31, 'balderton-HNSF', 'jx3Rb9hM0xYIraEYmSdIQJSgdbysD7e/szjb.biWdVKzEgNueGIRZF43F8lCds3h4jhzN6TvKGxstnV7wBK9U.', NULL, NULL, 'o7N88yMA', NULL, '2013-03-26T06:36:56-04:00', 31, NULL, NULL, NULL, NULL, NULL, NULL, NULL, NULL, NULL, NULL, 'C', 0, 'en-US'),
(32, 'balderton-NWGK', 'LI7BF1mfBip5rDhgJZGBdjF8e4zDr12QcHTV.MADsXxYqaj/2hei5oN2mHtudTyBqH.56XlfVs/wFfh1vkHK70', NULL, NULL, 'GVUIeh0f', NULL, '2012-11-18T23:46:54-05:00', 32, NULL, NULL, NULL, NULL, NULL, NULL, NULL, NULL, NULL, NULL, 'C', 0, 'en-US'),
(33, 'balderton-TZYQ', 'WupMoIwf/P/RzfWyHj37P8LBctbSe2le/mGn2b25uiMrNHUG6ONW1vAbHb7n/vkWRRwSU6l12r92L8hsEjyH91', NULL, NULL, 'XJ1hlZeU', NULL, '2013-04-28T00:40:37-04:00', 33, NULL, NULL, NULL, NULL, NULL, NULL, NULL, NULL, NULL, NULL, 'C', 0, 'en-US'),
(34, 'balderton-GXNY', 'JhfA0xSyEJDLuR1dD2sthCR2.sGDXELBNxxjjCNMR/AkN8bYb78Yo4SBPQhC1NSgBBi9X2vu8m.oVe3Md6ZUw0', NULL, NULL, 'vXia1rUi', NULL, '2013-01-16T18:02:58-05:00', 34, NULL, NULL, NULL, NULL, NULL, NULL, NULL, NULL, NULL, NULL, 'C', 0, 'en-US'),
(35, 'balderton-WIYX', 'WLKfvgxPpKSZUt8r1eBJELNZm07ee0IAKShu8X9rskRa/gXnPCKuzi.87LahsRRw2ziK/7cRF4aUZtRbdbW8S0', NULL, NULL, 'MLoK8a8X', NULL, '2012-09-28T06:31:48-04:00', 35, NULL, NULL, NULL, NULL, NULL, NULL, NULL, NULL, NULL, NULL, 'C', 0, 'en-US'),
(36, 'balderton-QIGE', '3OKIJPwVl8ivxF5wVKWQCcGC5aD31AeX5ektlR7auxSHPeOXVPWKT7QDXeikd0sEKM.OzoMMIohnB5od8zpfP/', NULL, NULL, 'kYGCOCOl', NULL, '2013-01-02T14:29:34-05:00', 36, NULL, NULL, NULL, NULL, NULL, NULL, NULL, NULL, NULL, NULL, 'C', 0, 'en-US'),
(37, 'balderton-NHAD', 'YSIzGw.zHxxpnitqyo1xXMdnvzzBySARfsSfM.9IIhIqjdSHpsSj/EeIIELak4PhvP8VnDmPqtyjzmC.8W/Dv0', NULL, NULL, 'CMMcUk20', NULL, '2013-03-24T16:20:36-04:00', 37, NULL, NULL, NULL, NULL, NULL, NULL, NULL, NULL, NULL, NULL, 'C', 0, 'en-US'),
(38, 'balderton-OYBJ', 'VidQlvr89Q9tS0ky75ta67G/YNmuOjkQWspO2.OI9gelWkDH3V62Haag8sxTbOgPmx1UWcNLGL4qEt/VauncV.', NULL, NULL, 'qpeoawa6', NULL, '2012-10-28T04:32:43-04:00', 38, NULL, NULL, NULL, NULL, NULL, NULL, NULL, NULL, NULL, NULL, 'C', 0, 'en-US'),
(39, 'balderton-FLSF', '2Ngrb9sktQUDMTGGMBF68NZ8RyyOippmeO.pcB3SzaxHoB8g7Hgtr1lWlhSulAtNKdglBIRB/f8YUvnsUaJMw.', NULL, NULL, 'IdlYheoL', NULL, '2012-12-05T19:45:54-05:00', 39, NULL, NULL, NULL, NULL, NULL, NULL, NULL, NULL, NULL, NULL, 'C', 0, 'en-US'),
(40, 'balderton-NUXO', 'NiWxSmCqQHRwwSvHMrQaOM3Ca5ewbhKaZrWFlJIEKgAJ8p2WD40uHN.hnSpkluTm3ymZXvkc6PRwxohqbytU/1', NULL, NULL, 'grCRXG49', NULL, '2013-03-10T23:53:06-04:00', 40, NULL, NULL, NULL, NULL, NULL, NULL, NULL, NULL, NULL, NULL, 'C', 0, 'en-US'),
(41, 'balderton-ESZB', 'U2l56A/dZEw4DuAD1UprZjjT/z357cWaM/GhiVEG8tk6ZDbiGtZlGA3ww18Tz7y2HtyB41DYW6o0SThFzScq31', NULL, NULL, 'xfJq4piO', NULL, '2013-04-20T18:36:14-04:00', 41, NULL, NULL, NULL, NULL, NULL, NULL, NULL, NULL, NULL, NULL, 'C', 0, 'en-US'),
(42, 'balderton-UQNC', 'Jsm.4Hm5tNa25J9Y32BW3ErlRV20K0i3klcsbc7mSJGtcYALEME1US.9mYLf5ga3LzNGw54Wn0n.v7.Hhe2sp.', NULL, NULL, '5s0jKRYc', NULL, '2012-12-03T07:50:50-05:00', 42, NULL, NULL, NULL, NULL, NULL, NULL, NULL, NULL, NULL, NULL, 'C', 0, 'en-US'),
(43, 'balderton-PCRY', 'TY17zbmb6rb7U/00QrDPPaG2rV9saogh4Wnul.j9iCFa3e21fgkLq/V36dUtnASMge8Iz9xeuu/7huTOk5Gi7/', NULL, NULL, 'ng7SQzcR', NULL, '2013-03-28T18:35:28-04:00', 43, NULL, NULL, NULL, NULL, NULL, NULL, NULL, NULL, NULL, NULL, 'C', 0, 'en-US'),
(44, 'balderton-AQOO', 'jEG45B7OxnwrMHEXxkQUdr1KzucLudenQNxvqKApzuONtFoealUFzuVCbTS0uY6KfMZ4joS9hCysV/8oC5SNq0', NULL, NULL, 'UuoLw1Sf', NULL, '2013-04-03T02:22:09-04:00', 44, NULL, NULL, NULL, NULL, NULL, NULL, NULL, NULL, NULL, NULL, 'C', 0, 'en-US'),
(45, 'balderton-GVII', '/gaBbwECDXqbZSmAzDL2WbEXnudxqv31mXBs0yjxzP6ZVspbrsBbxZ1BTYzUaFA6GRqYr68eYhbHJFBV29t.21', NULL, NULL, 'civlDK6U', NULL, '2013-02-11T01:17:22-05:00', 45, NULL, NULL, NULL, NULL, NULL, NULL, NULL, NULL, NULL, NULL, 'C', 0, 'en-US'),
(46, 'balderton-UOWP', 'tIOaIY9QEVTK48ecMP0t/X/TaENSUALkcy0fLBfyyqxMqArQ7lqWJmVcTms5zfCpqtkezVthRj5IUUUYzSFEX/', NULL, NULL, 'KvMejcMi', NULL, '2012-12-20T21:43:24-05:00', 46, NULL, NULL, NULL, NULL, NULL, NULL, NULL, NULL, NULL, NULL, 'C', 0, 'en-US'),
(47, 'balderton-SZRY', 'YFYj4HJCD1r3nsm//StNX0SgcP9KifcUXn.YjNyGkI81Z24D5lLS67uODZztIzDCtfZg0aKJvWtOZFo/20d0z0', NULL, NULL, '1jTNqV0X', NULL, '2012-09-07T11:54:02-04:00', 47, NULL, NULL, NULL, NULL, NULL, NULL, NULL, NULL, NULL, NULL, 'C', 0, 'en-US'),
(48, 'balderton-OUTT', 'Kp1DUpKNWiT0v2qr6hLE2cjv22eb6sOXZTBqjXfnMiAhfcBrkpF22xDjLguzWErDt0BwmGZ/cGhTND4ed3HES0', NULL, NULL, 'j8ZmwDeC', NULL, '2013-04-26T00:06:43-04:00', 48, NULL, NULL, NULL, NULL, NULL, NULL, NULL, NULL, NULL, NULL, 'C', 0, 'en-US'),
(49, 'balderton-ENWF', 'KIOmd3puAw1GOujbc.de.zKjvKtZ6aOkbr5gq.7KoGxWex8861LXFpTMUqKh1bbckOOizmYVVai9C42Ob85kN.', NULL, NULL, 'Rlgfc5UZ', NULL, '2012-09-01T06:33:00-04:00', 49, NULL, NULL, NULL, NULL, NULL, NULL, NULL, NULL, NULL, NULL, 'C', 0, 'en-US'),
(50, 'balderton-MVIH', '1RaYCUIs30DmvLQD/jpCyAE0u06lSwGlqot9glfwoYYF2hVhttXOUqoXRf1f0RBznREVdTo.kKZOkjX3cLdGx0', NULL, NULL, '89nPjO8E', NULL, '2013-01-19T07:26:24-05:00', 50, NULL, NULL, NULL, NULL, NULL, NULL, NULL, NULL, NULL, NULL, 'C', 0, 'en-US'),
(51, 'balderton-WPDG', 'GKwUgW0mM53Gc4D.6Dcn0fa4h/Vs.m99o6Nm4U7YZOlY5IeGTIrvITqJAZMon9TVJUR3AYXyZ6oAEBTuEOH5M0', NULL, NULL, 'GnEIZgO2', NULL, '2013-03-24T08:33:23-04:00', 51, NULL, NULL, NULL, NULL, NULL, NULL, NULL, NULL, NULL, NULL, 'C', 0, 'en-US'),
(52, 'balderton-SDRW', 'oJAgBtlJDK4Im.6lTgu7NrZPpc2/O45f5p0Dddq.pieSbV5Y6U1aGi4XIeigtLHCgMgGNqlTTllZs1Nsgqg2f1', NULL, NULL, 'YbLh6Y2H', NULL, '2013-04-20T05:28:52-04:00', 52, NULL, NULL, NULL, NULL, NULL, NULL, NULL, NULL, NULL, NULL, 'C', 0, 'en-US'),
(53, 'balderton-BNFJ', '.aPF8IJ6IjgrLfQRt/kBn9ZipgIg6FxJDDbdrtPBtCl3JUuJX/LY4ce69Z1jgEQHsXd0fYaBwdsR31TB5t3Ee1', NULL, NULL, 'wo2aMqI5', NULL, '2013-01-26T09:41:05-05:00', 53, NULL, NULL, NULL, NULL, NULL, NULL, NULL, NULL, NULL, NULL, 'C', 0, 'en-US'),
(54, 'balderton-AGKG', 'GmtylWYcTW/lzCGZ/A.QRG11qKueOFVsESF8JizJNod3g5NS5Qh/RhYBJwuvSqxmwWeGrZXdhYeaKSHVzKfFy/', NULL, NULL, 'Nc9JS9WK', NULL, '2013-01-10T07:00:58-05:00', 54, NULL, NULL, NULL, NULL, NULL, NULL, NULL, NULL, NULL, NULL, 'C', 0, 'en-US'),
(55, 'balderton-XSEM', 'RVatyRV/ecrpvoS5WGqyh0XJfLJp4l1nDxeQ1yBiP1Uw3y.D8RsB.jWH/IV4FBqqfiX9GYoATMGDuDwKH3OM81', NULL, NULL, 'lqqCzBC8', NULL, '2013-02-03T11:17:05-05:00', 55, NULL, NULL, NULL, NULL, NULL, NULL, NULL, NULL, NULL, NULL, 'C', 0, 'en-US'),
(56, 'balderton-GFHC', 'A9Rqzb1scTp/fkizg5n9r5XPhTG3ZkuPXBq/Pcucn5GdJl0kWNV7G7qJoihRdlSP0zcTWNbgmGs8UgxVL/34y/', NULL, NULL, 'CexcFkQN', NULL, '2012-09-11T06:25:38-04:00', 56, NULL, NULL, NULL, NULL, NULL, NULL, NULL, NULL, NULL, NULL, 'C', 0, 'en-US'),
(57, 'balderton-BEWV', 'buSVlucxAsNHBtRP1AEaVtQHDF0CCTi9OjAps5HBuOlHi8TYO.DxCoHsmMD6/9nyVC/PU4wn9P16jgVhPcT1n/', NULL, NULL, 'arO5lLwb', NULL, '2012-10-24T05:20:00-04:00', 57, NULL, NULL, NULL, NULL, NULL, NULL, NULL, NULL, NULL, NULL, 'C', 0, 'en-US'),
(58, 'balderton-TTYE', 'NnspcphhXjU34gOUsr2yvg7bOVh04aPmu9yLy8qhkSq.hlAkw3f46Cok74tba2Lyq4isFC3EvPzdw4y.8DJsv1', NULL, NULL, 'sgVEsuKQ', NULL, '2013-01-15T17:31:52-05:00', 58, NULL, NULL, NULL, NULL, NULL, NULL, NULL, NULL, NULL, NULL, 'C', 0, 'en-US'),
(59, 'balderton-JGGC', 'cVM9YnnZ/aMBFO2CTJCtD7X4gaZ/FviIw26fjWaQ.sqb1CeEHrvgZiFn.jJsrSCVhQiJgknuBmNP74Uul60DV.', NULL, NULL, '0tcx8Wqe', NULL, '2012-10-09T10:42:11-04:00', 59, NULL, NULL, NULL, NULL, NULL, NULL, NULL, NULL, NULL, NULL, 'C', 0, 'en-US'),
(60, 'balderton-PREW', 'yfe8Y4mSEMu6WxbuNZOHxmj5EBKlyVtPDFayv9UNTVdGtqMYyA1xTZnPiFyMzi4wa.xJmb.EhX16IlTwBpPe21', NULL, NULL, 'hhj7fFES', NULL, '2012-12-19T17:09:56-05:00', 60, NULL, NULL, NULL, NULL, NULL, NULL, NULL, NULL, NULL, NULL, 'C', 0, 'en-US'),
(61, 'balderton-SAJL', 'J/JCEelMN.bLxxaN6hCaaawTQi.yA0weyCWlJDqK0pk4nf1pAxTwVid0lbkhnxXFCpzy4n61C4uZT11hszF531', NULL, NULL, 'PuAZV7kg', NULL, '2012-12-06T18:44:34-05:00', 61, NULL, NULL, NULL, NULL, NULL, NULL, NULL, NULL, NULL, NULL, 'C', 0, 'en-US'),
(62, 'bowmark-GKJZ', '2xpZ2W/rlTpuZw.hdgGUyysmmUzvUKH0sLR4mi0FO59OOsBbDmYwYSdN6kdLLRn3it7i2ALp9211eyM/AKaVD.', NULL, NULL, '7jHz1PyV', NULL, '2013-05-03T21:19:08-04:00', 62, NULL, NULL, NULL, NULL, NULL, NULL, NULL, NULL, NULL, NULL, 'C', 0, 'en-US'),
(63, 'bowmark-OCFR', 'kIS9/ofQTMOYsCNpnw0zHtnDgpyzJPw8KTSiS.vEU5MnCAyk.LwOmV9VbQOPkdhVzcuJq6Z3K/b4aFwrN1g550', 'David', 'Doble', 'FwYsIhej', 'david@csldual.com', '2013-03-08T21:56:51-05:00', 63, 'Mr', NULL, NULL, NULL, NULL, NULL, NULL, NULL, NULL, NULL, 'C', 0, 'en-US'),
(64, 'bowmark-DDEI', 'ruY6oFKcQfmmaiQs3gy/OVb64ZUbq5vAEI6NTsQHlPIq.MJ556m1yCe4iy3IeNUAfNwt.RGHD11EvQlTNxgZq1', 'Andrew', 'Wood', 'Wk51O0sY', 'andrew.wood@glensidecare.com', '2012-11-27T07:22:52-05:00', 64, 'Mr', NULL, NULL, NULL, NULL, 'Warminster Road, South Newton', 'Salisbury', 'Wiltshire', 'SP2 0QD', 'GB', 'C', 0, 'en-US'),
(65, 'bowmark-FPOJ', 'Ebhbl1HdpJehHJ5BTBv8WBt5r4w93w6hCzERItSdMWxNQltbNbNclyx/4cK3hxQSIlBLiA8uyFud614ywPRuP1', NULL, NULL, 'uymUus8m', NULL, '2013-01-13T03:19:46-05:00', 65, NULL, NULL, NULL, NULL, NULL, NULL, NULL, NULL, NULL, NULL, 'C', 0, 'en-US'),
(66, 'bowmark-HBRK', '5ys56JSxbBzSpQvyq9e9L305Q.9YZABlw8EPClmFoRRUz5gkT6veQYaucarYT2QlVmwSRnQCHtgIsYtlmg6nR/', NULL, NULL, '2LDNaUOK', NULL, '2013-04-05T09:28:40-04:00', 66, NULL, NULL, NULL, NULL, NULL, NULL, NULL, NULL, NULL, NULL, 'C', 0, 'en-US'),
(67, 'cgs-KALU', 'luDpFT56KYDzXjE1cJArozNh1cp8a9HHqqGtGANWR.PbUM1CK6l1LxO.JQKVMh7K9i59H9BW0sWzzKjLflY6T0', 'Michael', 'Altermatt', 'jzKmhC2p', 'm.altermatt@raustoc.ch', '2013-03-31T03:52:27-04:00', 67, NULL, NULL, NULL, NULL, NULL, 'Reuslistrasse 32', 'Sissach', 'BL', '4450', 'CH', 'C', 0, 'en-US'),
(68, 'egeria-IWLH', 'C/3jDXeKH632BtF.NOqWjuO/fJ9vHEiasC2XZLeE0iBSfXsDKR98iq.lNjVAEURcfIOXFAr2UZpCxDU4EkK1b.', NULL, NULL, 'RN1fX4IN', NULL, '2012-11-30T07:38:03-05:00', 68, NULL, NULL, NULL, NULL, NULL, NULL, NULL, NULL, NULL, NULL, 'C', 0, 'en-US'),
(69, 'egeria-UHEJ', 't5nKIzPduCg8xMD.K84unUdv9a7HgEsqeg0qZQFf.H5rC1/oewe8vRq4Ky.AatgWNifYt8El/hOd1M/1OanHz.', NULL, NULL, '9B8P4NWs', NULL, '2012-09-26T01:59:03-04:00', 69, NULL, NULL, NULL, NULL, NULL, NULL, NULL, NULL, NULL, NULL, 'C', 0, 'en-US'),
(70, 'egeria-FWIL', 'BOHpjqPccckkEBDbo0eejDknaKWAtTO.5gh0zcptMV8pPyhwt0P6.fikP9d0DBAfFAsVQE9Ni1Co7cAN6RfbP/', NULL, NULL, 'HOpIKfCP', NULL, '2012-10-29T12:36:01-04:00', 70, NULL, NULL, NULL, NULL, NULL, NULL, NULL, NULL, NULL, NULL, 'C', 0, 'en-US'),
(71, 'egeria-FVBB', 'duyhjZn.YvJcKPhZDMe79kuMvrYsmzBRlRM0316Go7WjSEvdYdG7794JaGh3paNulPaqCBc9TRy3vph16Osg51', NULL, NULL, 'YCwhQYQu', NULL, '2012-10-03T20:28:49-04:00', 71, NULL, NULL, NULL, NULL, NULL, NULL, NULL, NULL, NULL, NULL, 'C', 0, 'en-US'),
(72, 'egeria-LBCE', 'ozsZohAM91LIv8JsvEKHYtGr3QLd.ROVTxKIVyJ/14lYnb3Pikb8EZG4vWQDZNVLvgre0wOsd20/Y814kW1sF.', NULL, NULL, 'wQNaxpwS', NULL, '2012-09-09T08:32:57-04:00', 72, NULL, NULL, NULL, NULL, NULL, NULL, NULL, NULL, NULL, NULL, 'C', 0, 'en-US'),
(73, 'endless-VVPW', 'qnTEQibQH2btuKjEjUfAlh8Yp/5zwnChNGXaGz6lYYY3j5XYpaD2ibLaLfdn8Y2UKePz38CvL7dIU3LpBxY8q/', NULL, NULL, 'OETJD8Kx', NULL, '2013-01-31T00:26:51-05:00', 73, NULL, NULL, NULL, NULL, NULL, NULL, NULL, NULL, NULL, NULL, 'C', 0, 'en-US'),
(76, 'endless-YNZV', 'FIWNgyXlyVVai1fpDNQ9k01Uk1.e9PBiJ3Fkj4F8OyeZCrHUFryzydZDr9/ulAT4QrmvRIdXSIVG72QGmU38f.', NULL, NULL, 'bTz56LkY', NULL, '2013-04-30T19:04:18-04:00', 76, NULL, NULL, NULL, NULL, NULL, NULL, NULL, NULL, NULL, NULL, 'C', 0, 'en-US'),
(79, 'endless-EXOE', 'lNhb3Bmn/J0Q6humBksNVVT2qa6Smd7vwuKEP1ajE3/Y2GVak83uuw1Hr1ZHe3xU3SSy7vvciGMJJ1c4d0Y5F1', NULL, NULL, 'iJ36ZEsG', NULL, '2013-04-11T14:55:08-04:00', 79, NULL, NULL, NULL, NULL, NULL, NULL, NULL, NULL, NULL, NULL, 'C', 0, 'en-US'),
(80, 'endless-RNSW', '3WRYrrzyWqnaCZ.0CLuCNgVcn8IaEv7pRrBN3hePm/Pnb5DE/mfB/Pp.ooK8P6SafPoxnRulu7s/dyLqowzMJ1', NULL, NULL, 'zxaG6mGl', NULL, '2012-11-06T14:41:53-05:00', 80, NULL, NULL, NULL, NULL, NULL, NULL, NULL, NULL, NULL, NULL, 'C', 0, 'en-US'),
(82, 'endless-ZCHQ', 'W8acS5BKKy5IYItWK4e323/mFUbxnYoTQS7ugNRu4a3u.r710tEq/8EUP5zLq4SynVvz/wWOv7F0lXfyYywxL.', NULL, NULL, 'pyy8TxAn', NULL, '2012-12-14T04:45:23-05:00', 82, NULL, NULL, NULL, NULL, NULL, NULL, NULL, NULL, NULL, NULL, 'C', 0, 'en-US'),
(84, 'endless-SUIE', 'EtVKGevKD/o4pa0iXB1jc6PcgSLUq0YFOCgz6mMC8udp0Cv4WcEXjEh//53AQ6rljtr9dQcmFSvd7sYz/F2TE/', NULL, NULL, 'eAWBFIuq', NULL, '2013-04-18T06:49:11-04:00', 84, NULL, NULL, NULL, NULL, NULL, NULL, NULL, NULL, NULL, NULL, 'C', 0, 'en-US'),
(85, 'endless-KGZR', 'lEivJw6ZXwm940TGuNfafKTZTykdfpNiFZM8n7bN4TPqiawhSrwxZICnQv1ToKm78af0xBYwHkj1gOUVva.nL0', NULL, NULL, 'MNdumaaO', NULL, '2012-10-26T03:46:16-04:00', 85, NULL, NULL, NULL, NULL, NULL, NULL, NULL, NULL, NULL, NULL, 'C', 0, 'en-US'),
(86, 'endless-HTEJ', 'FPJPZnxQmmCmX3t9qYsEcU3poWAXGUQr7ef2rPQhAuh6JTe5dNVu4CG5.M63fBadg1bpWSCUZLPpEv4e7dc8r.', 'Andrew', 'Gale', '3Ck3sSot', 'andrew.gale@vasantagroup.com', '2012-12-14T15:18:23-05:00', 86, 'Mr', NULL, NULL, NULL, NULL, 'K House, Sheffield Business Park, Europa Link', 'Sheffield', NULL, 'S9 1XU', 'GB', 'C', 0, 'en-US'),
(88, 'france-TAIV', 'CGbBNT0vOAKyqTD2Ixb6ECTPPPpAoxh9ZsGWLs7TAg4t.Q3Tirj8ES3/fdZCt/55Fa8k2Z80.qvWfiQfHHfTS.', 'Vincent', 'Guyard', 'TDIvf3iw', 'vincent.guyard@groupe-bpi.com', '2012-12-31T02:13:14-05:00', 88, 'Mr', NULL, NULL, NULL, NULL, '37, rue du Rocher', 'Paris', NULL, 'F-75008', 'FR', 'C', 0, 'en-US'),
(89, 'france-ILRY', 'OY6p6rfYywg.3LtmDRRFun3z0dJq1k9b1fx9L0uUG0WDiXJodQzDqO/ZVIWXzd7kCzwPyu73egVcrD7rB9CdG/', NULL, NULL, 'rRZoVvYU', NULL, '2012-09-12T00:17:19-04:00', 89, NULL, NULL, NULL, NULL, NULL, NULL, NULL, NULL, NULL, NULL, 'C', 0, 'en-US'),
(90, 'france-OIQB', 'OvOEg1QJBoeoX7lIUr5gJuZJ1N3E6AKaeRlQhhjourdNza8h92gzwmPjMCiJxQoAUOrjhptU11zoqkdn8G/LF0', NULL, NULL, 'IF5Y2dcz', NULL, '2012-11-27T08:44:54-05:00', 90, NULL, NULL, NULL, NULL, NULL, NULL, NULL, NULL, NULL, NULL, 'C', 0, 'en-US'),
(91, 'france-YABA', 'I3kddE9JpMdP4Qkuo5y.wCK/8hz.Efvcd0H1L71gnqHuvDHJu6yL4462BFAAY/q/fQWrNp9NV57hG24q/IY4Z1', 'Yann', 'LECOINTRE', 'xhxahpkF', 'y.lecointre@mariteam.fr', '2012-09-21T01:51:58-04:00', 91, 'M', NULL, NULL, NULL, NULL, 'ZA La Gardette, rue du Courant', 'LORMONT', NULL, '33310', 'FR', 'C', 0, 'en-US'),
(92, 'france-XAFP', 'UcofikBrwy3cNrd2psD9UDCzwl1ek1ztlfhCKpVmvDL1ZGBOMC2Sgmcl/InfOlP7W/RP.WLkdV9X/g3bS0gZr.', 'Mellinger', 'Jean-Michel', 'O5EJo7yk', 'jmmellinger@supra.fr', '2013-01-21T11:18:17-05:00', 92, 'Mr', NULL, NULL, NULL, NULL, '28 rue du Général Leclerc', 'OBERNAI', NULL, '67210', 'FR', 'C', 0, 'en-US'),
(93, 'france-WXQO', 'QFCBCEtgXbEljjh.lofMzixEaL8ifMiUnnhLRIS.X/6htqpa34SNEgMyTIH4C2a68CJrPuNPWm.P6QhuQqC1l/', NULL, NULL, 'mjVC4zeI', NULL, '2013-05-02T02:02:00-04:00', 93, NULL, NULL, NULL, NULL, NULL, NULL, NULL, NULL, NULL, NULL, 'C', 0, 'en-US'),
(94, 'gsquare-MBTN', 'tGBpZ8ddUNuBF6SsCNHKwol4cI7ou/.mnMFt3hJTd9Lf7xo/sUnAeEWZPBelbfD2mhKvslNO7krp3d3IwaJkC/', NULL, NULL, 'E72cbisn', NULL, '2012-10-01T12:17:36-04:00', 94, NULL, NULL, NULL, NULL, NULL, NULL, NULL, NULL, NULL, NULL, 'C', 0, 'en-US'),
(95, 'gsquare-RFKI', 'NdqfTZgCN6oRPwJZXilagyccJSQdN3b53zgyfyxM7/yzB4/voIQCBxXHrVbUDL1IwPn6FU6N5tKMjzBfRSdfz1', 'Ville', 'Lehtonen', 'ckj5RK8L', 'ville.lehtonen@mikeva.fi', '2013-03-15T21:38:18-04:00', 95, 'CFO', NULL, NULL, NULL, NULL, 'Teknobulevardi 3-5', 'Vantaa', NULL, '01530', 'FI', 'C', 0, 'en-US'),
(96, 'gsquare-RVTR', 'cXaPhvXlRJQEnlHZyJuYFr0DhkjKXW988chd4Yf64wDbzZxUXxVK8if2ALJFI16/UhUfMv0L4Pg/GV7087JBu.', NULL, NULL, 't9qEXsmq', NULL, '2013-01-10T07:31:31-05:00', 96, NULL, NULL, NULL, NULL, NULL, NULL, NULL, NULL, NULL, NULL, 'C', 0, 'en-US'),
(97, 'gsquare-ADUL', 'leaU9ogwnO3MCSbbxW8vuHJjxPZswBrXtFDX9voK3rd8EGfc5aokE.XFTGWZYVdVGcSTvufGeTK4BsOXJGApP/', NULL, NULL, 'KXwe4bA5', NULL, '2012-11-09T01:59:48-05:00', 97, NULL, NULL, NULL, NULL, NULL, NULL, NULL, NULL, NULL, NULL, 'C', 0, 'en-US'),
(98, 'hpepro-TRYL', 'FMO1UqG0iElLyDc0XlK1bgXEe4eeSi2/Rf9JcU9vSV277dZkirPLsqlgHrWzfBLRHc.Re2CnQobkIAWI2/Oy1/', 'Roel', 'van Ess', 'iaO6KDgt', 'r.vaness@airborne.nl', '2012-10-28T03:45:53-04:00', 98, 'Mr', NULL, NULL, NULL, NULL, 'Laan van Ypenburg 70', 'Den Haag', NULL, '2497GB', 'NL', 'C', 0, 'en-US'),
(99, 'hpepro-DUEU', 'MZ6A72Ha702pUfu6TJr2.a4EAmf53/2rRNsY2PNQwCoMAfHtM9zGVNkJzVk74lvFZOEHcjPlnYbKyTS4EcM7I0', 'Joerg', 'Huesken', 'AYUGRmu8', 'huesken@cotesa.de', '2013-04-17T08:16:06-04:00', 99, 'Mr', NULL, NULL, NULL, NULL, 'Bahnhofstrasse 67', 'Mittweida', 'Saxony', '09648', 'DE', 'C', 0, 'en-US'),
(100, 'hpepro-WPGZ', 'ftlcgNrMpg246g0P6sfB7JgCQqqaPHZLR6In2EESePpgDyTWo.rYfmC8.DC6e7Fg4mD5eF7LluRVju09LDxLz0', 'Christiane', 'Giel', '8cczxOaw', 'Christiane.Giel@hess.eu', '2012-11-05T11:16:35-05:00', 100, 'Dipl.-Ing. (FH)', NULL, NULL, NULL, NULL, 'Lantwattenstr. 22', 'Villingen-Schwenningen', 'Baden-Württemberg', '78050', 'DE', 'C', 0, 'en-US'),
(101, 'hpepro-JFDP', 'jT/pbUgfl4akK9k6cOBuViWGtEjMYK6FhfHHYFJNjYraiH1eqioKiY9nzshZ7XgUJLiqxHcTe9yiZMPqTJz1K1', 'von Frankenberg', 'Barbara', 'p0i8Dwob', 'barbara.frankenberg@sfc.com', '2013-05-05T06:42:46-04:00', 101, NULL, NULL, NULL, NULL, NULL, 'Eugen-Saenger-Ring 7', 'Brunnthal', 'Bayern', '85649', 'DE', 'C', 0, 'en-US'),
(102, 'hpepro-FEVE', '3LYBZgOuUsAbD8H3acpKjns0z1rdTtu/uL7eQVOvvmDaVp/nPt5BII0GSAPWBcW2m90SYPPA3ccCvHXSQJwQw0', NULL, NULL, 'XdA1jY4y', NULL, '2012-11-07T03:36:37-05:00', 102, NULL, NULL, NULL, NULL, NULL, NULL, NULL, NULL, NULL, NULL, 'C', 0, 'en-US'),
(103, 'investindustrial-UDQV', 'FcGxIwlGPiVgG2iL8JCXQ0j33louPQvPCfVYeJcGLfVgUhc.w5EONZNTqxsBaGjyTqPDmaYjglaIK.4KKVHWT1', NULL, NULL, 'f2GBqHid', NULL, '2013-03-19T20:36:23-04:00', 103, NULL, NULL, NULL, NULL, NULL, NULL, NULL, NULL, NULL, NULL, 'C', 0, 'en-US'),
(104, 'investindustrial-GXGE', '8A5MzUCmjZyh.dIPTJDFhenGwmxjSmiL4DFUAcl9kBUCiQjiny4lze2aEVWp.YwR7YDHZBiMwYUQH7PwDMhUN.', NULL, NULL, 'NfXt69YB', NULL, '2013-04-03T04:09:05-04:00', 104, NULL, NULL, NULL, NULL, NULL, NULL, NULL, NULL, NULL, NULL, 'C', 0, 'en-US'),
(105, 'neo-DDDN', 'A.PNZZCAsifohPQzzz.I0J6.Nefshz2rcHINTozGItb2cNIca.p2cHWGoMFGdWxUBibJDId.nSZND08qUmQTv1', NULL, NULL, '4343dRcg', NULL, '2012-09-30T20:26:44-04:00', 105, NULL, NULL, NULL, NULL, NULL, NULL, NULL, NULL, NULL, NULL, 'C', 0, 'en-US'),
(106, 'neo-ZWMD', 'SLccJYTEl.hF1nvnhG6tf1BrbbsOvn.z7Ff7vtslDqGjKJLERxRTWhpG5VMr8wWQxAO.TNkZ1KDXzfkhIxlVR.', NULL, NULL, 'CglWTjSE', NULL, '2012-10-12T17:12:05-04:00', 106, NULL, NULL, NULL, NULL, NULL, NULL, NULL, NULL, NULL, NULL, 'C', 0, 'en-US'),
(107, 'neo-ETZI', '0Fd4lLTn1k5t.UzyVkCvascnrUMqGdSKX9oCksi4IzLVZ6awCQRKgMysxY2XH/Z6v4XQPE4ehqa2Oe6/PcX/g/', NULL, NULL, 'T5svZ26j', NULL, '2013-04-28T10:08:08-04:00', 107, NULL, NULL, NULL, NULL, NULL, NULL, NULL, NULL, NULL, NULL, 'C', 0, 'en-US'),
(108, 'procuritas-YGCT', 'RUjz1p5VsZNx8kyceir02ngBzAmaTpGDGMmDTZpaQK.my0eX7nllWy4KbYdR2.t3xZHBLkt7JpnaewVeo6jFT/', NULL, NULL, 'riJoGuMH', NULL, '2012-11-28T12:02:45-05:00', 108, NULL, NULL, NULL, NULL, NULL, NULL, NULL, NULL, NULL, NULL, 'C', 0, 'en-US'),
(109, 'procuritas-DDPU', 'ltV1S7u4pG1ZAn4yWZJUq4BbX6wtUv/4lwEUG/seaMZ4qsss4wK7kBuNMRf84wbkco2fjmMsY6VdKa8tCsGu.0', NULL, NULL, 'J6QYMd0m', NULL, '2012-11-14T16:40:54-05:00', 109, NULL, NULL, NULL, NULL, NULL, NULL, NULL, NULL, NULL, NULL, 'C', 0, 'en-US'),
(110, 'procuritas-QWMP', 'YJmK5jmwwgPoOqHgLWXmdkdAb.jFjJtfTNBTId.IoJgIOkuO0dlD4BbnRIInCUceCE1hdVltTxsFeOp3VS1Dn.', 'Morten', 'kongsbak', 'hk7QsEGK', 'mk@gram-equipment.com', '2013-05-06T22:41:07-04:00', 110, 'CFO', NULL, NULL, NULL, NULL, 'Aage Grams Vej 1', 'Vojens', NULL, '6500', 'DK', 'C', 0, 'en-US'),
(111, 'procuritas-QAZZ', 'ZIunTm0PrdH/F9bUzed280NIk8HwQ0g6Lju5NHuqLsHavTFG6kGFbX6t8lETl2Nv0Nm6UxBtBB5S6EgOSuUWa1', 'Geir-Arne', 'Aasnes', 'y8eqznUp', 'geir.arne.asnes@kingoscar.com', '2013-04-29T18:29:38-04:00', 111, 'CEO', NULL, NULL, NULL, NULL, 'Postbox 987', 'Bergen', NULL, 'N-5808', 'NO', 'C', 0, 'en-US'),
(112, 'procuritas-JWBJ', 'tsk5vYehqi.LeFG4.5JWvXQpkbvAhHgRQSdAPwIm4S8AQWKjiO85xlR46r7SjsKfd7E71DQRBnyROMDxfFmhz0', NULL, NULL, 'QWkZG684', NULL, '2012-11-07T23:42:52-05:00', 112, NULL, NULL, NULL, NULL, NULL, NULL, NULL, NULL, NULL, NULL, 'C', 0, 'en-US'),
(113, 'procuritas-YSSU', '8sTX7.Kz6tAOW.LsngaLXes1rC/.YkfWlyuCPsibRDTtto29cLndplRdmVljDn/9Zu5y.j5RqozF7IWJ5TYG.0', NULL, NULL, 'o9CSmyOr', NULL, '2013-04-11T01:33:54-04:00', 113, NULL, NULL, NULL, NULL, NULL, NULL, NULL, NULL, NULL, NULL, 'C', 0, 'en-US'),
(114, 'procuritas-RRUR', 'wd3j8ZQVT3sJMBRrmwIOwGGyjo8.DoEJCE0P3axL77THtxPGd73lQprmRpf0mosau8zRoqPFgH4SqXx2A9MPI1', NULL, NULL, 'FYIssg26', NULL, '2012-10-29T22:09:09-04:00', 114, NULL, NULL, NULL, NULL, NULL, NULL, NULL, NULL, NULL, NULL, 'C', 0, 'en-US'),
(115, 'procuritas-ROPC', 'MId4tEZzV9hq6/vRgEyXuzLcg4KcNNZyLtqLWdCi/5xzNZdJQW1ZxCohyZafEPQj0EqX3c6uAY3ry.vFvzg1D1', NULL, NULL, 'db0l8IIu', NULL, '2013-02-20T09:28:16-05:00', 115, NULL, NULL, NULL, NULL, NULL, NULL, NULL, NULL, NULL, NULL, 'C', 0, 'en-US'),
(116, 'procuritas-XTFW', '5lmKce8hNX.CC5DxhQzAzh0yIViKJKIY20StbPxO5Og3JFGJtmXEsm1aSElZsEd6GgDs3kXSRTJIReDSv5b9q/', NULL, NULL, 'LohePaoS', NULL, '2013-03-22T20:20:43-04:00', 116, NULL, NULL, NULL, NULL, NULL, NULL, NULL, NULL, NULL, NULL, 'C', 0, 'en-US'),
(117, 'stirling-RRQP', '.JptLFzn0V.zZFFuv8l2kSDRECvKqntGWpTk3TbnW9zrnjbp9HQx/V6vpJJW13xbCKY.M1WtkzyERxDmMmu7Y.', NULL, NULL, 'jCy6vC4g', NULL, '2012-12-24T04:55:26-05:00', 117, NULL, NULL, NULL, NULL, NULL, NULL, NULL, NULL, NULL, NULL, 'C', 0, 'en-US'),
(118, 'stirling-SZUM', 'um9ShrJIyvsZeE2.knyGnEVpoIQ30hDXKc1MNaKAO5HTjMQiZCAIDOsQ/9ndYClAXMufrI.FjkDeXv7UqkWKm/', NULL, NULL, 'AqFGBliV', NULL, '2012-09-29T14:44:17-04:00', 118, NULL, NULL, NULL, NULL, NULL, NULL, NULL, NULL, NULL, NULL, 'C', 0, 'en-US'),
(119, 'stirling-CHBA', '7jIbN3ZXh5FPPJzTrzpG1XfqgSEduu38X8kRoZotvksq484PtRE6CXRldMndlTwWL1fsWpap4Iko6Lmi46vqV.', NULL, NULL, '8DWzhNYj', NULL, '2012-11-15T10:31:35-05:00', 119, NULL, NULL, NULL, NULL, NULL, NULL, NULL, NULL, NULL, NULL, 'C', 0, 'en-US'),
(120, 'stirling-MPKE', 'qk9RflxcaYpvlhfFCiICtXkkjc5VdWONzwIntL9j0XXhVyHf3zuIVMJhbVraqNyU2EqAgxe1jupURdABT.VkO1', NULL, NULL, 'qs38ovcY', NULL, '2013-01-04T09:12:45-05:00', 120, NULL, NULL, NULL, NULL, NULL, NULL, NULL, NULL, NULL, NULL, 'C', 0, 'en-US'),
(121, 'stirling-VIGQ', 'VZ3ILqFIoK1NasyEK6jCZ1Q.T/8IMo5Q6X9oR.u2zBZeEDrXBlj1/1LdVzugUIIOB4TAo9mzoufzmDquohEUF1', NULL, NULL, 'YFk14XSm', NULL, '2012-12-26T03:29:12-05:00', 121, NULL, NULL, NULL, NULL, NULL, NULL, NULL, NULL, NULL, NULL, 'C', 0, 'en-US'),
(122, 'stirling-FZHG', 'gK2npYTwCB6jEx.wreJ1QfyXfvRR/oTQCczHmYsxOT51wW.6I7qYqslK9u50LNQTvF8M84QlTZAFpIKDh.Fzj.', NULL, NULL, 'ftrBbG61', NULL, '2012-12-05T16:23:33-05:00', 122, NULL, NULL, NULL, NULL, NULL, NULL, NULL, NULL, NULL, NULL, 'C', 0, 'en-US'),
(123, 'summit-JEAQ', 'nrPxHSlcVl/IfVQm22owbmrSeqFyfT141NNb8r6M75hif4BuIIRFe3Y7noC7EhwubDiq6r6eJ0AFdBrU0N6Qn/', NULL, NULL, 'NGItR8Mo', NULL, '2012-09-20T10:28:41-04:00', 123, NULL, NULL, NULL, NULL, NULL, NULL, NULL, NULL, NULL, NULL, 'C', 0, 'en-US'),
(124, 'summit-DTQM', 'ElluETieh8C4ICYBWgxaY5s99WKfvP3CHvi.PvSYjqEGIzJSzymVtR1s4ILLAC9XhCFMCFL4dhK/SF0sWsoee0', NULL, NULL, '5vP3XQ03', NULL, '2012-12-20T17:28:50-05:00', 124, NULL, NULL, NULL, NULL, NULL, NULL, NULL, NULL, NULL, NULL, 'C', 0, 'en-US'),
(125, 'summit-BFGA', 'AFuWM6DcvpunSBQR1zvqj3X.KAZn7FW69UJXe6g4GsLPp1EgqhR/exr747vO/.rXE1aH4H7XkftQ2uA0/rzG80', NULL, NULL, 'DI6WEiGr', NULL, '2013-01-05T08:41:10-05:00', 125, NULL, NULL, NULL, NULL, NULL, NULL, NULL, NULL, NULL, NULL, 'C', 0, 'en-US'),
(126, 'summit-XEPV', 'yWPIqBkSWc7LbC6f2jz2zUNHniyN/P5AV4AfT6PkaSwInWgZ.7FVTdJrKBbVkH.2oZUXap3Iu.Jx/r9xTIwgU0', NULL, NULL, 'UwdvK1U6', NULL, '2013-04-04T12:07:00-04:00', 126, NULL, NULL, NULL, NULL, NULL, NULL, NULL, NULL, NULL, NULL, 'C', 0, 'en-US'),
(127, 'vep-QTKJ', 'SXFqUBPpogXLI2El1Z6bz9T3wfktoxwPROdSXS/35vx7vxCDLkKBYq6LUuh0d0lFpiwrGIWQFniLqIRVGyZqe.', NULL, NULL, 'sKuoqtAu', NULL, '2013-05-01T07:00:22-04:00', 127, NULL, NULL, NULL, NULL, NULL, NULL, NULL, NULL, NULL, NULL, 'C', 0, 'en-US'),
(128, 'vep-PJRA', 'xA/J/ZHXrp.9s7jf2qa4Azhv/MDmEZQr1i3DGO0s./gP2Y1WMnshHJPBEZT08JTMYW8VnQulr49NOAwr7ttyv1', NULL, NULL, 'JyAYxcO9', NULL, '2013-03-15T16:40:58-04:00', 128, NULL, NULL, NULL, NULL, NULL, NULL, NULL, NULL, NULL, NULL, 'C', 0, 'en-US'),
(129, 'vep-OPDY', 'HA5nGgV0fmJAnLRm/wGmpGvAWVr6agM2dKNOo1mvedW3UbUW3TYLdT0anRc5Fc4hwhxq74BYrkLLKOxY6.EiI/', NULL, NULL, '1mHxDU2O', NULL, '2012-09-25T03:50:32-04:00', 129, NULL, NULL, NULL, NULL, NULL, NULL, NULL, NULL, NULL, NULL, 'C', 0, 'en-US'),
(130, 'vep-OPLK', '2p9V0NRIYJPf5sTP4XFMsfJpiUnKBiNAJQ3HhzB53oQ.Ild1rdyOWdk9Vqtmu1HgWgT7mIfHB6AF.ekmDdN360', NULL, NULL, 'zzYqkmIc', NULL, '2013-04-11T03:14:07-04:00', 130, NULL, NULL, NULL, NULL, NULL, NULL, NULL, NULL, NULL, NULL, 'C', 0, 'en-US'),
(131, 'vep-YAGQ', 'Mf9QNwhNBr8cS5r25Zjl6W6fX5m.Jg3yYB/3o5/TQpFQDjrVeNSW79W/0G.E7pub7wHddDWYGfJKTVKYo0P8O/', NULL, NULL, 'Qo5Zq5WR', NULL, '2012-09-13T16:55:11-04:00', 131, NULL, NULL, NULL, NULL, NULL, NULL, NULL, NULL, NULL, NULL, 'C', 0, 'en-US'),
(132, 'vep-NEZO', 'St48dfHTHy8HpRReFAjBn7Ra60XkaS8FGAbjrapLEnIikxQw0bsOLI5fTHVuyGgHfVaVFX0MznrnmP2uEkaYQ/', NULL, NULL, 'oBmS6xCf', NULL, '2012-09-22T22:30:56-04:00', 132, NULL, NULL, NULL, NULL, NULL, NULL, NULL, NULL, NULL, NULL, 'C', 0, 'en-US'),
(133, 'BPE-VBIU', 'Gld6m3eVREDO/4OSwhA2BRmXMvh3ULzfvl93WYIgL13fBzBgAbQI1xDRToEBZH7yMh8TSdg75PN2peXoLqDcI/', NULL, NULL, 'YqrpVOJs', NULL, '2012-10-11T19:48:22-04:00', NULL, NULL, NULL, NULL, NULL, NULL, NULL, NULL, NULL, NULL, NULL, 'C', 0, 'en-US'),
(134, 'BPE-MHXH', 'FLau5ueICDHz0w41jwNS7RwzqarvhmfD.1/3T.hHjJtLqsKb5g.Ndz4zzk51fL9d7D9uGwWTSKqna/XbwdikB/', NULL, NULL, 'Piw70Xde', NULL, '2013-04-01T17:31:36-04:00', NULL, NULL, NULL, NULL, NULL, NULL, NULL, NULL, NULL, NULL, NULL, 'C', 0, 'en-US'),
(135, 'BPE-ZDSI', 'QYtFuMqsq5jljw.BAcC5CNxyKHQopxSeqQeWilahx6F3fUrDXkA3eTkhM4zDDv2ktFYN7HbLTKdx4tAVd09s4.', NULL, NULL, '5gWrPHRa', NULL, '2013-04-25T06:40:03-04:00', NULL, NULL, NULL, NULL, NULL, NULL, NULL, NULL, NULL, NULL, NULL, 'C', 0, 'en-US'),
(136, 'BPE-EPFP', 'iAF1.Bjp80vlj4/5/SqGYibmu/rcj2KkOMYjwXlonBU13zCjkXKK.M6BhePmT8on2pLWPKwdL7LL/bRgDHm5R1', NULL, NULL, 'lemKErv6', NULL, '2012-11-10T19:15:06-05:00', NULL, NULL, NULL, NULL, NULL, NULL, NULL, NULL, NULL, NULL, NULL, 'C', 0, 'en-US'),
(137, 'BPE-GLTM', 'jiWsxB2KBc08S0TQfohQb.lnKeElOn3RGyo7I.oeyY4TQvICwLAT2CAzFONVLmqA2oTR53qZqWXVri8G0vViK.', NULL, NULL, 'AbM4sb91', NULL, '2012-09-06T22:41:17-04:00', NULL, NULL, NULL, NULL, NULL, NULL, NULL, NULL, NULL, NULL, NULL, 'C', 0, 'en-US'),
(138, 'BPE-AGGX', '3V4NQ/z09tkqq7P82LYz65Ej9K26MBh8MbRT1uqlfIkkd2E4Vxm7niqy.H1AyJLZediH2Z72.z84A4CDB6NXf0', NULL, NULL, 'Q9cnhWNX', NULL, '2013-04-16T04:45:49-04:00', NULL, NULL, NULL, NULL, NULL, NULL, NULL, NULL, NULL, NULL, NULL, 'C', 0, 'en-US'),
(139, 'BPE-JEPA', 'f3onFcosl0nnzJIvWdHfAj.wvwyZ7HPtmdpO3TeVJI9RRZbC3EF8juMgZE4UhMJhwj9oKReJgDxEUgpuZ2c0l/', NULL, NULL, 'nwN0GpTC', NULL, '2013-02-07T12:17:53-05:00', NULL, NULL, NULL, NULL, NULL, NULL, NULL, NULL, NULL, NULL, NULL, 'C', 0, 'en-US'),
(140, 'BPE-NSXM', 'lLG40ivzC8CpulgsRPiUqR46.h6s.e6AwTghfEE3ap9rGB.fSo4u01tLgOk4PGhnBpu6Ai5t6spcttLre6whY0', NULL, NULL, 'Dtdjv9xy', NULL, '2012-11-20T19:22:12-05:00', NULL, NULL, NULL, NULL, NULL, NULL, NULL, NULL, NULL, NULL, NULL, 'C', 0, 'en-US'),
(141, 'avedon-WSYL', 'pts0bLO.XMOnYIFGGzTD15TPlewQg0vzJqBo2OSyiGzHuMW0qghsAsQd9rzVNyICfZIarIbI8SBawC1und3rV0', NULL, NULL, 'SrDDkTbu', NULL, '2013-04-15T15:24:33-04:00', NULL, NULL, NULL, NULL, NULL, NULL, NULL, NULL, NULL, NULL, NULL, 'C', 0, 'en-US'),
(142, 'avedon-UMRJ', 'HoK81Zr0UWg6jE2nU3/1DXLKPrxMiHfh4j38ZN4SjvMI2wH0Hq2p3PayYfXxfjm00aeQjYH6l8nE7DZ7r8AW41', NULL, NULL, '8p3W9DPp', NULL, '2013-01-30T18:45:08-05:00', NULL, NULL, NULL, NULL, NULL, NULL, NULL, NULL, NULL, NULL, NULL, 'C', 0, 'en-US'),
(143, 'avedon-ZRQS', 'TObxmFZJWKMvPtAXg27uVBCDe.83C5yDOEWQ69Vefnc9IUi0o/P5AkgXP8CuwWcsq8nqHZAFr9QWFhlkZ3HvZ.', NULL, NULL, 'omtgYntl', NULL, '2013-01-28T00:05:05-05:00', NULL, NULL, NULL, NULL, NULL, NULL, NULL, NULL, NULL, NULL, NULL, 'C', 0, 'en-US'),
(144, 'avedon-DDFZ', 'g1WuLQc9NPV6KYp02sc6MnPpS1N6SLDj.nCxW1jgwDpGxAZ2k.d42xg/QdGvk/v/8.g.jbxHtAX89bz9cHhl7.', NULL, NULL, 'EkUzM87h', NULL, '2013-03-20T04:56:04-04:00', NULL, NULL, NULL, NULL, NULL, NULL, NULL, NULL, NULL, NULL, NULL, 'C', 0, 'en-US'),
(145, 'avedon-RJVU', 'sINJLfXGsU206XZZg7xXyddzC1hHPEV8J0T.YzqLfgVhl3QtL0cc4u8/roJmKv7eQF0iSzVl46g9dQ1A1uFBi0', NULL, NULL, 'UikTBSLd', NULL, '2013-03-30T21:54:18-04:00', NULL, NULL, NULL, NULL, NULL, NULL, NULL, NULL, NULL, NULL, NULL, 'C', 0, 'en-US'),
(146, 'avedon-JCMA', 'JW4VBncSo3rLxLNMnedYqeUQf3G.xwScBbK/zcxX3yNQSunWdBeBxO5kYeOQDvAfs3BopZLUPKDN2.UItxajJ0', NULL, NULL, 'afKcqCp8', NULL, '2012-11-12T22:30:58-05:00', NULL, NULL, NULL, NULL, NULL, NULL, NULL, NULL, NULL, NULL, NULL, 'C', 0, 'en-US'),
(147, 'avedon-FXNE', 'g4LRjTs8zn.q3.zJqtLjP8GK8AHKkocOod3W5QGa9dbTmj2aTXV.wJOUyhMuyy475EpTIkv9IFQJj/2ArjLd7/', NULL, NULL, 'qdawfm34', NULL, '2013-02-02T12:14:24-05:00', NULL, NULL, NULL, NULL, NULL, NULL, NULL, NULL, NULL, NULL, NULL, 'C', 0, 'en-US'),
(148, 'avedon-HATA', 'nNyGeIq6lhfAlf28LSJFTM90.kMtBNVnm6yG2.7IQgqmosFGjT7k8mQRNpF6O2toWJoJLf9u/nEMG0J..cnLr0', NULL, NULL, 'GaAP46H0', NULL, '2012-11-16T14:47:21-05:00', NULL, NULL, NULL, NULL, NULL, NULL, NULL, NULL, NULL, NULL, NULL, 'C', 0, 'en-US'),
(149, 'avedon-JDES', 'l7YqMfdzT2iSuCU1osE/PITKGh5Vep4IZkvDWOhQt4d9R8oOs39f8f/Qav/n2c2S8zHUFttBoJvbpQBaO.hT7.', NULL, NULL, 'cxbstANF', NULL, '2012-12-11T17:15:15-05:00', NULL, NULL, NULL, NULL, NULL, NULL, NULL, NULL, NULL, NULL, NULL, 'C', 0, 'en-US'),
(150, 'avedon-OFGI', '9o6EHTRVIZBNBthuqeWyPjWPwAhBvaWDFGFKDWbN6NeyOpN9W9kq6YW/yIm.sOqKR3nyWN98SYDv93MMBL423/', NULL, NULL, 'svBMikrB', NULL, '2013-04-19T04:46:00-04:00', NULL, NULL, NULL, NULL, NULL, NULL, NULL, NULL, NULL, NULL, NULL, 'C', 0, 'en-US'),
(151, 'avedon-BWPI', 'mtTUF.2Dq5zPC5fYeuBzJZTfA05wP3jyrLvYiEkWa9gRPO6U1XVVzuAD5424KzJ.AlEtNoMQ..jClORhuAj7x0', NULL, NULL, 'It15645w', NULL, '2013-03-22T06:00:08-04:00', NULL, NULL, NULL, NULL, NULL, NULL, NULL, NULL, NULL, NULL, NULL, 'C', 0, 'en-US'),
(152, 'endless-URKY', 'F.TAH0QnbpbbNy/LS.NcdKOY7S5Wdrn94qc8usR4jC6GHnVYPdVaBA642Czir1roRg8hm23JLYigtDJeGbjIc0', 'Duncan', 'Rodger', 'kOm98ZdE', 'duncan@cinesite.co.uk', '2013-04-07T02:44:28-04:00', NULL, 'Mr', NULL, NULL, NULL, NULL, 'Medius House, 2 Sheraton Street', 'London', NULL, 'W1F 8BH', 'GB', 'C', 0, 'en-US'),
(153, 'endless-KPCV', 'yPwDUSnxtyaPqGTeFwyTlxU0gwbE/o2k2evOEPjIjA3Od0Oy3yb7u4/jYqQDZkNh3ioBpHNCajFOgz1rSG98T/', NULL, NULL, 'rM3KNgbW', NULL, '2012-11-17T09:07:10-05:00', NULL, NULL, NULL, NULL, NULL, NULL, NULL, NULL, NULL, NULL, NULL, 'C', 0, 'en-US'),
(154, 'endless-SXFI', 'cAGHkrQFn87oevVhJC/0hjJaiLAPnEWmSroLUUHxCi2xqS.cZ5muWZOJMsAAW5Hl.FM4pvQ2wjqZeYyQYGJW20', NULL, NULL, 'Jx9EQ60A', NULL, '2013-04-10T20:28:49-04:00', NULL, NULL, NULL, NULL, NULL, NULL, NULL, NULL, NULL, NULL, NULL, 'C', 0, 'en-US'),
(155, 'endless-DFKG', 'ClrIxuMGTyKqO9igo/pkj6FzQE44VyCTiHo9MLtSe8btW2LHk0OLAO/85IuDtty2lYQ2d5UfnRFxJtU0rD9JB1', NULL, NULL, 'dOYSpH3w', NULL, '2012-11-20T08:10:55-05:00', NULL, NULL, NULL, NULL, NULL, NULL, NULL, NULL, NULL, NULL, NULL, 'C', 0, 'en-US'),
(156, 'endless-LKOM', 'X8wrlzGEmD4BmerHfGig58H9wSjMQz5uZBhqCHVp5vyTXi2ImcftpJ.gban9Oj/Fye7kOPZW2Ni8FaEwsmTKT.', 'Andrew', 'Nicholson', 'nOyjve2S', 'andrew.nicholson@lewistankers.co.uk', '2013-03-23T23:48:21-04:00', NULL, 'Mr', NULL, NULL, NULL, NULL, 'Yorkshire House, Weeland Road, Hensall', 'Goole', 'North Yorkshire', 'DN14 0QE', 'GB', 'C', 0, 'en-US'),
(157, 'demo3', 'LdTXat.0H4dJyfd.OMTnP2R9us1QVhQ.rJkV94ZIKV9GlDbWIuVmAZWNznRoZvEYPxfzOARVNk4lPwwCfeWy00', NULL, NULL, '1234', NULL, '2013-03-08T19:33:27-05:00', 157, NULL, NULL, NULL, NULL, NULL, NULL, NULL, NULL, NULL, NULL, 'C', 0, 'en-US'),
(158, 'demo4', '2k1IjAgWoEak3jUs4o4R7ryneZ4i/7Gx2hvD8VGl1gTPqALvlCIXHfB5GHkhoYZ3BHcBB0CFC74/kgrrV0MD/0', NULL, NULL, '1234', NULL, '2012-11-14T03:08:55-05:00', 158, NULL, NULL, NULL, NULL, NULL, NULL, NULL, NULL, NULL, NULL, 'C', 0, 'en-US'),
(159, 'demo5', '5gvGdJkWi7ECrYxyKIrEmwE1CPbL0Xasa9NpU5MA/VDiYZ/TolFTUK1sx2LFf3hrjiN.tZ9skxZXpEwD1/O7a.', NULL, NULL, '1234', NULL, '2013-01-30T03:26:56-05:00', 159, NULL, NULL, NULL, NULL, NULL, NULL, NULL, NULL, NULL, NULL, 'C', 0, 'en-US'),
(160, 'demo6', 'q/nDcBA6vAHLHX6A5ApCpj2rGOj/dY3Bk9wvk3ikonBByLqOvsw/5/rRhqOqQPSWJ9YIjie8qLLCYNPdP0Tkq.', NULL, NULL, '1234', NULL, '2013-04-02T04:24:00-04:00', NULL, NULL, NULL, NULL, NULL, NULL, NULL, NULL, NULL, NULL, NULL, 'C', 0, 'en-US'),
(161, 'procuritas-DFKG', 'Y19p.I.JWyevMD.OnInlKJlIAIpnvJD4K1DBHFEa1QsO1rou6HYnQOiujQJ2JxQ2fwrQIyUgLcjYcuXoP.h6N0', 'Helene', 'Markussen', 'rM3KNgbW', 'hma@contex.com', '2012-10-18T19:20:39-04:00', 171, 'Quality and environmental manager', NULL, NULL, NULL, NULL, 'Græsholmevej 57', 'Svendborg', NULL, '5700', 'DK', 'C', 0, 'en-US'),
(171, 'procuritas-NSXM', 'eMcAwQY9MCkDlpsLjFCJixpdq3HT/YX/d1yYUQDliM1o7wN64TpvaI9w8yF9cdfbdL1JjyIIXE0Vme7..q9Ic.', NULL, NULL, 'dOYSpH3w', NULL, '2013-02-12T00:22:08-05:00', 181, NULL, NULL, NULL, NULL, NULL, NULL, NULL, NULL, NULL, NULL, 'C', 0, 'en-US'),
(181, 'otpp-fm1-tS7J', 'BIKdTvvqJQr/7ruOmo4aOpJS2xM/fR2GDKPmUi4G.qMm3C.RZ7itGcDDoQ.6cOyMM6NHSjl1ug0Ls5WpSVfZS/', NULL, NULL, 'BzfQuHZX', NULL, '2013-04-24T06:54:56-04:00', NULL, NULL, NULL, NULL, NULL, NULL, NULL, NULL, NULL, NULL, NULL, 'C', 0, 'en-US'),
(191, 'otpp-fm1-Bsxh', 'xFZe7Mv4ENy9w9wMothQ3zMjFHvuNiBQ4kMMjG7YnH2ZFax2ve23FxAXJHsd0pQ6lkzjipoQky6N2N9N7zgRZ0', NULL, NULL, 'L091nZzQ', NULL, '2012-11-28T18:09:02-05:00', NULL, NULL, NULL, NULL, NULL, NULL, NULL, NULL, NULL, NULL, NULL, 'C', 0, 'en-US'),
(201, 'otpp-fm1-9DXk', 'NBkyAf6Y79V3h7dImArO1rcXT2eVoaCuVuo9.azzWvP1m2pmzNWOG.KQx8WM19kIQCs1e9Pl2AdEE.wFpeSKM0', NULL, NULL, 'BUOkzMRw', NULL, '2013-01-07T05:51:20-05:00', NULL, NULL, NULL, NULL, NULL, NULL, NULL, NULL, NULL, NULL, NULL, 'C', 0, 'en-US'),
(211, 'otpp-fm3-85UB', 'QaN9NsYDdjpOzRA9KU0qKCRFmhy0c5pPn9d1LKn7au3f9ctxbAxC2xRkJtNvgZfNHe/J1KruJJtfJeSeCHEpG0', NULL, NULL, 'GDaTsIUI', NULL, '2013-04-12T01:32:35-04:00', NULL, NULL, NULL, NULL, NULL, NULL, NULL, NULL, NULL, NULL, NULL, 'C', 0, 'en-US'),
(221, 'otpp-fm3-2hPu', '4aKGigIujJR0qRj.25haIGH0TAlAtFYNmr/AA9BCx2.N9XSElLIz5HhZMO1j8BrIv7s670jF3sv6caQvmAfZ/.', NULL, NULL, 'bK1m63F9', NULL, '2013-02-07T18:24:09-05:00', NULL, NULL, NULL, NULL, NULL, NULL, NULL, NULL, NULL, NULL, NULL, 'C', 0, 'en-US'),
(231, 'otpp-fm3-b0fz', 'HnPEjdmZ6/cAgzHNaxrDW7znLkH5BvD1km3PN6TM4xlcgM3cdX1pksaO4vcpZCm.qDmAwNTjrIlEE3dQqNYGZ/', NULL, NULL, '9Tr7LwHJ', NULL, '2013-01-13T08:32:38-05:00', NULL, NULL, NULL, NULL, NULL, NULL, NULL, NULL, NULL, NULL, NULL, 'C', 0, 'en-US'),
(232, 'demo-fm1', 'zGGns/wRxIn0sc3su5.fZv/NhT59ZNuOxehiX6cC/lVVtfYdvCuV2lUOXcW/RzqkB3Nmr8Ia0wKN8tuU5amnq.', 'Demo', 'User Last', '1234', 'demo@user.com', '2013-03-21T18:16:01-04:00', NULL, 'Mr.', '', '', '', '', NULL, NULL, NULL, NULL, 'US', 'F', 0, 'en-US'),
(233, 'adveq-VIUT', '9l2.sslmdDuU2GSkk7vQ6EOQWm5Q9eLv9hrMbKxxDkWgo.399YaKW1OknfHqpyrZ2FIokdwhmPbMuAcSQ0TSl.', '', '', 'FKhIVJbG', '', '2012-11-10T19:39:38-05:00', NULL, '', '', '', '', '', '', '', '', '', '', 'F', 0, 'en-US'),
(234, 'adveq-QBNK', 'KUYoj01.8JO5t4ju9ketNIHpySHxItmT4bKwii3Yuu.rCRh5xHs2Tmz8ZrhrIhbYOe8vw1HvwFX0HiYb66bQ9.', '', '', '7zGnUrAm', '', '2013-04-04T09:54:51-04:00', NULL, '', '', '', '', '', '', '', '', '', '', 'F', 0, 'en-US'),
(235, 'adveq-LSMI', 'vbCpwPkyvneJJy1D04KGzBr5dcLG.Xfy0bEhZGCLlLK3Guf6VaUW34YqdarJL1Tk9qpRjikVPM2ToRD8TXdbb/', '', '', 'ItkM9Qqc', '', '2013-02-27T20:38:10-05:00', NULL, '', '', '', '', '', '', '', '', '', '', 'F', 0, 'en-US'),
(236, 'adveq-VBCA', 'zCcD9YCVxKlHdWUcN48cwNPKiowwjeirQWrkLrSRI8i9TwBIZd.JL1bI.U8sCr3Btd2mjHsQXPEcRn463E4Tz0', '', '', 'joZapfg2', '', '2013-04-11T20:24:48-04:00', NULL, '', '', '', '', '', '', '', '', '', '', 'F', 0, 'en-US'),
(237, 'adveq-KIVF', 'MvXY8Fsuhl8BHuuFA9bD.HPU8oxks.WkhGOvt4Ce1dlwye6XtUeXbSd6LqSQpHRXi08/bzsIZppYohR2EO3wb1', 'Niall', 'McAteer', 'ireland1', 'nmcateer@bowmark.com', '2012-12-25T21:57:33-05:00', NULL, 'Mr', '', '', '', '', '3 St James''s Square', 'London', '', 'SW1Y 4JU', 'GB', 'F', 0, 'en-US'),
(238, 'adveq-MWOY', 'AiD0iTivUyIgtwbLKcrluwpX6Gu.bePEQZDMKUFTbMDEFiHAuMh59JbAWJa1USorgL38YWPLPpsG.7UECfmHU1', '', '', 'MCshtNos', '', '2013-01-10T13:31:51-05:00', NULL, '', '', '', '', '', '', '', '', '', '', 'F', 0, 'en-US'),
(239, 'adveq-WHAP', 'wl/W3s4qblMIXMDy4nCilbAO/WEwWvLjiB2VnZPU.1aMGS.DRBVznw7On9XR16/xXVi89h2Pb.EYQEQ3cRu.j1', '', '', 'nx6GJcei', '', '2013-03-05T05:16:42-05:00', NULL, '', '', '', '', '', '', '', '', '', '', 'F', 0, 'en-US'),
(240, 'adveq-JLFP', 'dwX/XNH48wE0UWpwtwFr4THAEcjbAA3ykwV9MKJpZiV0/5psk/x22e7EhSii7IdglG6mjf.LMepZO3arhrzGH.', 'Peter', 'Yendell', 'YrL5YA48', 'peter.yendell@endlessllp.com', '2013-03-09T01:28:31-05:00', NULL, 'Mr', '', '', '', '', '3 Whitehall Quay', 'Leeds', 'West Yorkshire', 'LS1 4BF', 'GB', 'F', 0, 'en-US'),
(241, 'adveq-FRGN', 'lA5CPdo2TwCO2XrzURz8dXepbFsJKujjAyCahOQNo3/5GKIjoQ1923j56x/8AIOtrE39SHKzuPzPtZRBhnLid.', 'Veronique', 'Cayrol Darnaudet', 'zmpueZUY', 'veronique.cayrol@perceva.fr', '2012-10-08T15:43:52-04:00', NULL, 'Mrs', '', '', '', '', '31 avenue de l''Opera', 'Paris', '', '75001', 'FR', 'F', 0, 'en-US'),
(242, 'adveq-PBBT', 'XB6Cro2drqkXPlcBOrPgWyaikMPfJFnOtNHacoqCK/VT6AvEbG0tH.h7N2mxH/jqfm.a1Qy1b/sFuLJST0pWe/', 'Joelle', 'Preaux', 'ag3TtoKO', 'joelle.preaux@gsquarecapital.com', '2012-09-14T10:01:39-04:00', NULL, 'Ms.', '', '', '', '', '7 place Vendome', 'Paris', '', '75001', 'FR', 'F', 0, 'en-US'),
(243, 'adveq-PSBR', '8MGBB3bEZvYxc3K8/Mgen5AgB.sRoi.eOsmfUgDyE0F1s8Tr/gP5A.w4YLP6XaNx3lPv5pvRhVmpZmAGHDQzs1', 'Titus ', 'Schurink', '1234', 'tschurink@hollandpe.com', '2012-10-13T08:41:22-04:00', NULL, 'Mr', '', '', '', '', 'Gustav Mahlerplein 109/111', 'Amsterdam', '', '1082 MS', 'NL', 'F', 0, 'en-US'),
(244, 'adveq-NIGZ', 'R2mhSpFQsDIUOFms04o3VcfPJAq4wOW2Y1fZ8RC0wAHd9fd5d6.jM5eY1uQ6e0ETaHuSE9/HTNaB4Jn6rGM7I0', 'Carl', 'Nauckhoff', 'Carl2012', 'cn@investindustrial.com', '2012-09-20T08:27:28-04:00', NULL, 'Mr', '', '', '', '', 'Via Nassa, 5', 'Lugano', 'Switzerland', '6900', 'CH', 'F', 0, 'en-US'),
(245, 'adveq-ASKR', 'Lb4kUbNAqDsf3CV7mEtxl9dA.yXvi5tzAj.hlu1j8NAGHbhmSx7lutNVvjFregtu8JvT33V0tMmNeKmH8V6Hp0', '', '', 'neocapital1', '', '2013-04-04T20:01:49-04:00', NULL, '', '', '', '', '', '', '', '', '', 'GB', 'F', 0, 'en-US'),
(246, 'adveq-QIMQ', 'n4oQY3L1Pa/FFkGYx89DhWtWV7GE74QWrZE4q3NY.m.02n5WJzd45WHN5DdgGpohtzy5tHKNeunKsUcCi0Brt0', '', '', 'PjPN3KyU', '', '2012-09-12T23:23:27-04:00', NULL, '', '', '', '', '', '', '', '', '', '', 'F', 0, 'en-US'),
(247, 'adveq-NTKR', 'Uf9q0xysYFKAPS7tyGVTk4VlGSPcbEiSLITMCg1ltJF2LNc6uq5qbSfXb4UOu4y8kCi4xDFIscyhXJRNuWZW9/', 'Robert', 'Swift', 'qetci9oK', 'rs@stirlingsquare.com', '2012-12-06T21:34:39-05:00', NULL, 'Mr', '', '', '', '', '', '', '', '', '', 'F', 0, 'en-US'),
(248, 'adveq-LQIN', '4bc3pf.D7EJulz9oQF9Rnu1pe9LuQ4I4nKaieL.qC2A14F5HY0.YLmLau0ormW5JcWESctwnayIdpae9J5sJX/', '', '', 'ixiU7hGj', '', '2013-03-09T03:28:14-05:00', NULL, '', '', '', '', '', '', '', '', '', '', 'F', 0, 'en-US'),
(249, 'adveq-YRSR', 'bxnDdBp8lc1TB73N77QyCYF9zX0kedQhfcwoR5KdsrH8EbTjbQRMbfLRX/DM..anA3BnM3atxkG9tGx12K2CX.', '', '', 'TsWjnGw9', '', '2012-12-02T11:34:23-05:00', NULL, '', '', '', '', '', '', '', '', '', '', 'F', 0, 'en-US'),
(250, 'adveq-SCJO', 'UhEnh6o8unDGy78dQQixLx/ud4nqYgfGsz6QojxhULSd/EcOYpMZvc/xiVbm78UlQgjl1Igf0H.tWjJDt9oJ//', '', '', 'oyZA5S1M', '', '2012-10-23T10:20:36-04:00', NULL, '', '', '', '', '', '', '', '', '', '', 'F', 0, 'en-US'),
(251, 'adveq-CJQG', '7lLY8xvfdoYX7VysKSb1OTliXG275bqXJ/y6EHtyt1HHDOJ3hgQ7jgMCCNIBYp6qee46upwfNajcRXKbuAhQg.', '', '', 'A1W8GXM1', '', '2013-01-08T11:59:18-05:00', NULL, '', '', '', '', '', '', '', '', '', '', 'F', 0, 'en-US'),
(252, 'adveq-GRWO', 'dYh1bAreFg54zCvLj5EwiYm7PZ4dHZ7Iq2HmfRCg1Wu8ccEaRBh59vMR9J0TNC1XU5I9.aiFAWj27MgVxpaux1', '', '', 'TGKX4EAp', '', '2013-02-14T19:43:19-05:00', NULL, '', '', '', '', '', '', '', '', '', '', 'F', 0, 'en-US'),
(253, 'adveq-UXRW', 'toeb6wGx/JArhuLd9mNttnswCinRHZoOCdg2IapveMSemdzZ1QbNPx5GAuToyJ55dg7FyQsfTfSk7cQcknCvp0', '', '', '2OFfZv6D', '', '2013-03-23T18:47:34-04:00', NULL, '', '', '', '', '', '', '', '', '', '', 'F', 0, 'en-US'),
(254, 'adveq-ALCR', '7d/KMkv0SvGSLOQszSCoqEbelEQFL71GTb7yOKeFV866i1lFl/n1kKVFq5tF.gExGvJdj7yopHhLcHOItEV/q1', '', '', 'BSDoXVmK', '', '2012-12-04T04:20:54-05:00', NULL, '', '', '', '', '', '', '', '', '', '', 'F', 0, 'en-US'),
(255, 'adveq-WDVH', 'xIhe1fhl9T/4/WZuyQoLNxMugAuGBknz96pxi1Qw.9wG/FJ8ZNusLiOMvlsc4lMlSxN4mS0DcpcXJZqx1JAUi/', '', '', 'bWBwVmCR', '', '2013-04-03T20:03:59-04:00', NULL, '', '', '', '', '', '', '', '', '', '', 'F', 0, 'en-US'),
(256, 'otpp-fm1', 'f3x1PSz1cBnfLrSzkDildSyc2pMGDtUtSkPjD0./c6nxo6BaM0TxkmaR2EoczzRsjqfJqJLlFHCsp.EQiMyg60', '', '', 'PjPN3KyU', '', '2012-12-29T07:07:17-05:00', NULL, '', '', '', '', '', '', '', '', '', '', 'F', 0, 'en-US'),
(257, 'otpp-fm2', 'Dh0/6BcOdRlgZBCgxRY4iRklle3U2quVU5oLpI7h/rG9226CWNu2Dodb1KWH6dl38bHQfOC4pA3BNmF6l7hgy0', '', '', 'A1W8GXM1', '', '2012-11-20T23:13:25-05:00', NULL, '', '', '', '', '', '', '', '', '', '', 'F', 0, 'en-US'),
(258, 'otpp-fm3', 'Ok16lYHBeVWhdc79pX0ztf2OKGbKjNszejlJJllVHoyp2EtAOlsnBVpnJikKyb55nxAeugGj8K/eBnci23yrD.', '', '', 'YrL5YA48', '', '2012-10-26T03:10:36-04:00', NULL, '', '', '', '', '', '', '', '', '', '', 'F', 0, 'en-US'),
(259, 'otpp-fm4', 'U7J7V4G4BE0QCHHCfK4nu890ntgNKzILgPqes23SG0KgKpQB2EqHahg7wfs0IYSbbZc1CKlq/1q.kJn7Yc./1.', '', '', 'ag3TtoKO', '', '2013-05-06T18:58:38-04:00', NULL, '', '', '', '', '', '', '', '', '', '', 'F', 0, 'en-US'),
(260, 'investor', 'qNAONxBo0LcCutzVBsFqfACWOy.t6bSXrM3XZ03OJKv..yiMdZOp8cXpia3UzV.LhXb5A4Fl1TEpcubhN03CN0', 'Jhon', 'Doe', '1234', 'jd@r2kcapital.com', '2012-10-26T13:43:36-04:00', 1, '', '', '', '', '', '', '', '', '', '', 'I', 0, 'en-US'),
(261, 'adveq', 'lhpo.uSyqYMNYfg.KNiQUQye54UGV4l0xZ0XYAXXsefU3T47SrafE251b0QwDJ/9fLoE/FwZIJCwrZFUBZnce0', 'Adveq', 'Management', 'zurich1234', 'info@adveq.com', '2013-04-04T02:34:46-04:00', 2, '', '', '', '', '', '', '', '', '', '', 'I', 0, 'en-US'),
(262, 'otpp', 'qFcqpph.XJ6.bON/fB2LDV4LeovE6hDSkjr0zRHlgvVW2ruLvU090q/MxN7b9CEvoS2IhAGKBZpijLtsp3YPA0', 'Ontario Teachers Pension Plan', '', 'ontario1234', '', '2013-01-12T15:28:52-05:00', 3, '', '', '', '', '', '', '', '', '', '', 'I', 0, 'en-US');

-- --------------------------------------------------------

--
-- Table structure for table `user_sessions`
--

CREATE TABLE IF NOT EXISTS `user_sessions` (
  `sid` int(11) NOT NULL AUTO_INCREMENT,
  `id` int(11) NOT NULL DEFAULT '0',
  `session` varchar(32) NOT NULL DEFAULT '0',
  PRIMARY KEY (`sid`)
) ENGINE=InnoDB  DEFAULT CHARSET=latin1 AUTO_INCREMENT=52 ;

--
-- Dumping data for table `user_sessions`
--

INSERT INTO `user_sessions` (`sid`, `id`, `session`) VALUES
(37, 246, 'f0eac1ab9a4dbb79a69acb9026dfb7c3'),
(50, 1, 'd3a0f0be6fdbc8328937585efa11f5b0'),
(51, 1, '12d10904075e1bb7d9e79790ca693ea9');

-- --------------------------------------------------------

--
-- Table structure for table `weightings`
--

CREATE TABLE IF NOT EXISTS `weightings` (
  `icb_code` varchar(4) NOT NULL,
  `kpi_id` varchar(10) NOT NULL,
  `weight` decimal(5,2) NOT NULL
) ENGINE=InnoDB DEFAULT CHARSET=latin1;

--
-- Dumping data for table `weightings`
--

INSERT INTO `weightings` (`icb_code`, `kpi_id`, `weight`) VALUES
('0530', 'G.1.1', '4.44'),
('0530', 'G.1.3', '4.44'),
('0530', 'G.1.4', '13.34'),
('0530', 'G.1.5', '17.78'),
('0530', 'G.2.1', '7.27'),
('0530', 'G.2.5', '7.27'),
('0530', 'G.2.6', '7.27'),
('0530', 'G.2.8', '3.64'),
('0530', 'G.2.13', '14.55'),
('0530', 'G.3.2', '2.22'),
('0530', 'G.3.3.1', '11.11'),
('0530', 'G.3.4', '6.67'),
('0530', 'S.1.5', '2.50'),
('0530', 'S.1.6.5', '10.00'),
('0530', 'S.1.6.6', '10.00'),
('0530', 'S.1.7', '20.00'),
('0530', 'S.2.1', '1.43'),
('0530', 'S.2.2', '4.29'),
('0530', 'S.2.3', '4.28'),
('0530', 'S.3.3', '5.00'),
('0530', 'S.4.1', '2.83'),
('0530', 'S.4.2.1', '5.67'),
('0530', 'S.4.2.2', '8.50'),
('0530', 'S.4.2.9', '5.67'),
('0530', 'S.4.2.11', '2.83'),
('0530', 'S.4.3', '17.00'),
('0530', 'E.1.1.1', '3.07'),
('0530', 'E.1.2', '4.60'),
('0530', 'E.1.2.2', '3.07'),
('0530', 'E.1.2.3', '6.14'),
('0530', 'E.1.2.4', '6.14'),
('0530', 'E.1.3', '6.14'),
('0530', 'E.1.3.3', '3.07'),
('0530', 'E.1.3.5', '3.07'),
('0530', 'E.1.4', '1.53'),
('0530', 'E.1.5', '1.53'),
('0530', 'E.1.6', '1.53'),
('0530', 'E.1.7', '3.07'),
('0530', 'E.1.8', '1.53'),
('0530', 'E.1.9', '1.53'),
('0530', 'E.1.10', '1.53'),
('0530', 'E.1.11', '1.53'),
('0530', 'E.1.12', '33.76'),
('0530', 'E.2.1', '3.43'),
('0530', 'E.2.2', '5.14'),
('0530', 'E.3.1.2', '5.36'),
('0530', 'E.3.2', '3.23'),
('0570', 'G.1.1', '5.71'),
('0570', 'G.1.3', '5.71'),
('0570', 'G.1.4', '11.43'),
('0570', 'G.1.5', '17.14'),
('0570', 'G.2.1', '8.73'),
('0570', 'G.2.5', '8.73'),
('0570', 'G.2.6', '8.74'),
('0570', 'G.2.8', '4.36'),
('0570', 'G.2.13', '17.45'),
('0570', 'G.3.2', '6.00'),
('0570', 'G.3.4', '6.00'),
('0570', 'S.1.1', '7.67'),
('0570', 'S.1.4', '7.67'),
('0570', 'S.1.5', '7.67'),
('0570', 'S.1.6.5', '7.67'),
('0570', 'S.1.6.6', '7.67'),
('0570', 'S.1.7', '19.17'),
('0570', 'S.2.1', '2.86'),
('0570', 'S.2.2', '8.55'),
('0570', 'S.2.3', '8.57'),
('0570', 'S.3.3', '5.00'),
('0570', 'S.4.1', '2.50'),
('0570', 'S.4.3', '15.00'),
('0570', 'E.1.1.1', '3.38'),
('0570', 'E.1.2', '5.06'),
('0570', 'E.1.2.4', '5.06'),
('0570', 'E.1.3', '6.75'),
('0570', 'E.1.3.3', '6.75'),
('0570', 'E.1.3.5', '1.69'),
('0570', 'E.1.4', '3.38'),
('0570', 'E.1.5', '1.69'),
('0570', 'E.1.6', '1.69'),
('0570', 'E.1.7', '3.38'),
('0570', 'E.1.8', '1.69'),
('0570', 'E.1.9', '1.69'),
('0570', 'E.1.10', '1.69'),
('0570', 'E.1.11', '1.69'),
('0570', 'E.1.12', '28.70'),
('0570', 'E.2.1', '5.71'),
('0570', 'E.2.2', '8.57'),
('0570', 'E.3.1.1', '6.86'),
('0570', 'E.3.2', '4.57'),
('0583', 'G.1.4', '15.00'),
('0583', 'G.1.5', '30.00'),
('0583', 'G.2.5', '15.00'),
('0583', 'G.2.6', '15.00'),
('0583', 'G.2.9', '10.00'),
('0583', 'G.3.2', '8.00'),
('0583', 'G.3.5', '7.00'),
('0583', 'S.1.1.1', '15.00'),
('0583', 'S.1.4', '10.00'),
('0583', 'S.1.5', '15.00'),
('0583', 'S.1.6.1', '20.00'),
('0583', 'S.2.2', '10.00'),
('0583', 'S.4.4', '30.00'),
('0583', 'E.1.2.6', '8.00'),
('0583', 'E.1.2.7', '8.00'),
('0583', 'E.1.6', '15.00'),
('0583', 'E.1.7', '25.00'),
('0583', 'E.1.9', '30.00'),
('0583', 'E.1.10', '14.00'),
('0587', 'G.1.4', '15.00'),
('0587', 'G.1.5', '30.00'),
('0587', 'G.2.5', '15.00'),
('0587', 'G.2.6', '15.00'),
('0587', 'G.2.9', '10.00'),
('0587', 'G.3.2', '8.00'),
('0587', 'G.3.5', '7.00'),
('0587', 'S.1.1.1', '15.00'),
('0587', 'S.1.4', '10.00'),
('0587', 'S.1.5', '15.00'),
('0587', 'S.1.6.1', '20.00'),
('0587', 'S.2.2', '10.00'),
('0587', 'S.4.4', '30.00'),
('0587', 'E.1.2.6', '8.00'),
('0587', 'E.1.2.7', '8.00'),
('0587', 'E.1.6', '15.00'),
('0587', 'E.1.7', '25.00'),
('0587', 'E.1.9', '30.00'),
('0587', 'E.1.10', '14.00'),
('1350', 'G.1.1', '4.35'),
('1350', 'G.1.3', '4.35'),
('1350', 'G.1.4', '8.70'),
('1350', 'G.1.4.3', '13.04'),
('1350', 'G.1.5', '17.39'),
('1350', 'G.2.1', '13.04'),
('1350', 'G.2.6', '13.04'),
('1350', 'G.2.13', '13.04'),
('1350', 'G.3.2', '4.35'),
('1350', 'G.3.3.1', '8.70'),
('1350', 'S.1.5', '3.21'),
('1350', 'S.1.6.2', '9.62'),
('1350', 'S.1.6.4', '9.62'),
('1350', 'S.1.6.5', '6.41'),
('1350', 'S.1.6.6', '9.62'),
('1350', 'S.1.7', '19.23'),
('1350', 'S.2.1', '3.85'),
('1350', 'S.2.2', '3.83'),
('1350', 'S.3.2.1', '13.46'),
('1350', 'S.3.3', '13.46'),
('1350', 'S.4.3', '7.69'),
('1350', 'E.1.2', '3.70'),
('1350', 'E.1.2.7', '5.56'),
('1350', 'E.1.3.2', '7.41'),
('1350', 'E.1.3.3', '5.56'),
('1350', 'E.1.5', '1.85'),
('1350', 'E.1.6', '1.85'),
('1350', 'E.1.7', '3.70'),
('1350', 'E.1.8', '3.70'),
('1350', 'E.1.9', '3.70'),
('1350', 'E.1.10', '3.70'),
('1350', 'E.1.11', '3.70'),
('1350', 'E.1.12', '22.22'),
('1350', 'E.2.1', '2.59'),
('1350', 'E.2.1.1', '5.79'),
('1350', 'E.2.1.2', '5.19'),
('1350', 'E.2.2', '2.00'),
('1350', 'E.3.1.1', '5.08'),
('1350', 'E.3.1.6', '7.62'),
('1350', 'E.3.2', '5.08'),
('1730', 'G.1.1', '2.50'),
('1730', 'G.1.3', '2.50'),
('1730', 'G.1.4', '5.00'),
('1730', 'G.1.4.5', '15.00'),
('1730', 'G.1.5', '15.00'),
('1730', 'G.2.1', '13.71'),
('1730', 'G.2.6', '13.72'),
('1730', 'G.2.13', '20.57'),
('1730', 'G.3.4', '12.00'),
('1730', 'S.1.3', '3.46'),
('1730', 'S.1.5', '3.46'),
('1730', 'S.1.6', '6.92'),
('1730', 'S.1.6.2', '10.38'),
('1730', 'S.1.6.4', '6.92'),
('1730', 'S.1.6.5', '10.38'),
('1730', 'S.1.6.6', '6.92'),
('1730', 'S.1.7', '20.77'),
('1730', 'S.3.2.1', '3.85'),
('1730', 'S.3.3', '3.85'),
('1730', 'S.4.1', '4.62'),
('1730', 'S.4.2.9', '9.23'),
('1730', 'S.4.3', '9.24'),
('1730', 'E.1.1.1', '1.53'),
('1730', 'E.1.2.1', '6.12'),
('1730', 'E.1.2.7', '3.11'),
('1730', 'E.1.2.8', '10.00'),
('1730', 'E.1.3', '3.06'),
('1730', 'E.1.3.2', '3.06'),
('1730', 'E.1.3.3', '3.06'),
('1730', 'E.1.3.4', '3.06'),
('1730', 'E.1.5', '2.00'),
('1730', 'E.1.6', '2.00'),
('1730', 'E.1.7', '2.00'),
('1730', 'E.1.7.1', '2.00'),
('1730', 'E.1.9', '3.00'),
('1730', 'E.1.10', '3.00'),
('1730', 'E.1.11', '3.00'),
('1730', 'E.1.12', '25.00'),
('1730', 'E.2.1.7', '6.00'),
('1730', 'E.2.1.8', '6.00'),
('1730', 'E.2.2', '3.00'),
('1730', 'E.3.1.1', '6.00'),
('1730', 'E.3.2', '4.00'),
('1750', 'G.1.1', '8.33'),
('1750', 'G.1.3', '8.33'),
('1750', 'G.1.4', '16.67'),
('1750', 'G.1.5', '16.67'),
('1750', 'G.2.6', '20.83'),
('1750', 'G.2.13', '10.42'),
('1750', 'G.3.3.1', '4.69'),
('1750', 'G.3.4', '14.06'),
('1750', 'S.1.5', '2.23'),
('1750', 'S.1.6.2', '11.17'),
('1750', 'S.1.6.4', '11.17'),
('1750', 'S.1.6.5', '6.70'),
('1750', 'S.1.6.6', '8.93'),
('1750', 'S.1.7', '17.87'),
('1750', 'S.3.3', '9.68'),
('1750', 'S.4.2.1', '6.45'),
('1750', 'S.4.2.2', '12.90'),
('1750', 'S.4.3', '12.90'),
('1750', 'E.1.1.1', '3.51'),
('1750', 'E.1.2.3', '5.26'),
('1750', 'E.1.2.7', '5.26'),
('1750', 'E.1.3', '7.02'),
('1750', 'E.1.3.3', '5.26'),
('1750', 'E.1.3.4', '7.02'),
('1750', 'E.1.3.5', '7.02'),
('1750', 'E.1.5', '1.75'),
('1750', 'E.1.6', '1.75'),
('1750', 'E.1.7', '3.51'),
('1750', 'E.1.9', '3.51'),
('1750', 'E.1.10', '3.51'),
('1750', 'E.1.11', '3.51'),
('1750', 'E.1.12', '42.11'),
('1771', 'G.1.1', '4.44'),
('1771', 'G.1.3', '4.44'),
('1771', 'G.1.4', '13.34'),
('1771', 'G.1.5', '17.78'),
('1771', 'G.2.1', '7.27'),
('1771', 'G.2.5', '7.27'),
('1771', 'G.2.6', '7.27'),
('1771', 'G.2.8', '3.64'),
('1771', 'G.2.13', '14.55'),
('1771', 'G.3.2', '2.22'),
('1771', 'G.3.3.1', '11.11'),
('1771', 'G.3.4', '6.67'),
('1771', 'S.1.5', '2.50'),
('1771', 'S.1.6.5', '10.00'),
('1771', 'S.1.6.6', '10.00'),
('1771', 'S.1.7', '20.00'),
('1771', 'S.2.1', '1.43'),
('1771', 'S.2.2', '4.29'),
('1771', 'S.2.3', '4.28'),
('1771', 'S.3.3', '5.00'),
('1771', 'S.4.1', '2.83'),
('1771', 'S.4.2.1', '5.67'),
('1771', 'S.4.2.2', '8.50'),
('1771', 'S.4.2.9', '5.67'),
('1771', 'S.4.2.11', '2.83'),
('1771', 'S.4.3', '17.00'),
('1771', 'E.1.1.1', '3.07'),
('1771', 'E.1.2', '4.60'),
('1771', 'E.1.2.2', '3.07'),
('1771', 'E.1.2.3', '6.14'),
('1771', 'E.1.2.4', '6.14'),
('1771', 'E.1.3', '6.14'),
('1771', 'E.1.3.3', '3.07'),
('1771', 'E.1.3.5', '3.07'),
('1771', 'E.1.4', '1.53'),
('1771', 'E.1.5', '1.53'),
('1771', 'E.1.6', '1.53'),
('1771', 'E.1.7', '3.07'),
('1771', 'E.1.8', '1.53'),
('1771', 'E.1.9', '1.53'),
('1771', 'E.1.10', '1.53'),
('1771', 'E.1.11', '1.53'),
('1771', 'E.1.12', '33.76'),
('1771', 'E.2.1', '3.43'),
('1771', 'E.2.2', '5.14'),
('1771', 'E.3.1.2', '5.36'),
('1771', 'E.3.2', '3.23'),
('1773', 'G.1.1', '8.82'),
('1773', 'G.1.3', '8.82'),
('1773', 'G.1.4', '17.65'),
('1773', 'G.1.5', '17.65'),
('1773', 'G.2.6', '19.62'),
('1773', 'G.2.13', '9.80'),
('1773', 'G.3.3.1', '8.82'),
('1773', 'G.3.4', '8.82'),
('1773', 'S.1.5', '8.62'),
('1773', 'S.1.6.5', '12.93'),
('1773', 'S.1.6.6', '12.93'),
('1773', 'S.1.7', '17.24'),
('1773', 'S.4.2.1', '9.66'),
('1773', 'S.4.2.2', '19.31'),
('1773', 'S.4.3', '19.31'),
('1773', 'E.1.1', '4.76'),
('1773', 'E.1.2', '4.76'),
('1773', 'E.1.3.3', '7.14'),
('1773', 'E.1.3.5', '14.29'),
('1773', 'E.1.5', '2.38'),
('1773', 'E.1.7', '7.14'),
('1773', 'E.1.9', '10.00'),
('1773', 'E.1.10', '7.13'),
('1773', 'E.1.11', '4.30'),
('1773', 'E.1.12', '38.10'),
('1775', 'G.1.1', '8.82'),
('1775', 'G.1.3', '8.82'),
('1775', 'G.1.4', '17.65'),
('1775', 'G.1.5', '17.65'),
('1775', 'G.2.6', '19.62'),
('1775', 'G.2.13', '9.80'),
('1775', 'G.3.3.1', '8.82'),
('1775', 'G.3.4', '8.82'),
('1775', 'S.1.5', '8.62'),
('1775', 'S.1.6.5', '12.93'),
('1775', 'S.1.6.6', '12.93'),
('1775', 'S.1.7', '17.24'),
('1775', 'S.4.2.1', '9.66'),
('1775', 'S.4.2.2', '19.31'),
('1775', 'S.4.3', '19.31'),
('1775', 'E.1.1', '4.76'),
('1775', 'E.1.2', '4.76'),
('1775', 'E.1.3.3', '7.14'),
('1775', 'E.1.3.5', '14.29'),
('1775', 'E.1.5', '2.38'),
('1775', 'E.1.7', '7.14'),
('1775', 'E.1.9', '10.00'),
('1775', 'E.1.10', '7.13'),
('1775', 'E.1.11', '4.30'),
('1775', 'E.1.12', '38.10'),
('1777', 'G.1.1', '8.82'),
('1777', 'G.1.3', '8.82'),
('1777', 'G.1.4', '17.65'),
('1777', 'G.1.5', '17.65'),
('1777', 'G.2.6', '19.61'),
('1777', 'G.2.13', '9.80'),
('1777', 'G.3.3.1', '8.83'),
('1777', 'G.3.4', '8.82'),
('1777', 'S.1.5', '5.95'),
('1777', 'S.1.6.2', '11.90'),
('1777', 'S.1.6.5', '8.93'),
('1777', 'S.1.6.6', '8.93'),
('1777', 'S.1.7', '17.86'),
('1777', 'S.4.2.1', '7.74'),
('1777', 'S.4.2.2', '15.48'),
('1777', 'S.4.3', '23.21'),
('1777', 'E.1.1.1', '3.45'),
('1777', 'E.1.2', '3.45'),
('1777', 'E.1.2.2', '5.17'),
('1777', 'E.1.2.3', '1.72'),
('1777', 'E.1.2.7', '5.17'),
('1777', 'E.1.3', '3.45'),
('1777', 'E.1.3.3', '3.45'),
('1777', 'E.1.3.4', '6.90'),
('1777', 'E.1.3.5', '6.90'),
('1777', 'E.1.5', '1.72'),
('1777', 'E.1.6', '1.72'),
('1777', 'E.1.7', '5.17'),
('1777', 'E.1.9', '3.45'),
('1777', 'E.1.10', '3.45'),
('1777', 'E.1.11', '3.45'),
('1777', 'E.1.12', '41.38'),
('1779', 'G.1.1', '8.82'),
('1779', 'G.1.3', '8.82'),
('1779', 'G.1.4', '17.65'),
('1779', 'G.1.5', '17.65'),
('1779', 'G.2.6', '19.61'),
('1779', 'G.2.13', '9.80'),
('1779', 'G.3.3.1', '8.83'),
('1779', 'G.3.4', '8.82'),
('1779', 'S.1.5', '5.95'),
('1779', 'S.1.6.2', '11.90'),
('1779', 'S.1.6.5', '8.93'),
('1779', 'S.1.6.6', '8.93'),
('1779', 'S.1.7', '17.86'),
('1779', 'S.4.2.1', '7.74'),
('1779', 'S.4.2.2', '15.48'),
('1779', 'S.4.3', '23.21'),
('1779', 'E.1.1.1', '3.45'),
('1779', 'E.1.2', '3.45'),
('1779', 'E.1.2.2', '5.17'),
('1779', 'E.1.2.3', '1.72'),
('1779', 'E.1.2.7', '5.17'),
('1779', 'E.1.3', '3.45'),
('1779', 'E.1.3.3', '3.45'),
('1779', 'E.1.3.4', '6.90'),
('1779', 'E.1.3.5', '6.90'),
('1779', 'E.1.5', '1.72'),
('1779', 'E.1.6', '1.72'),
('1779', 'E.1.7', '5.17'),
('1779', 'E.1.9', '3.45'),
('1779', 'E.1.10', '3.45'),
('1779', 'E.1.11', '3.45'),
('1779', 'E.1.12', '41.38'),
('2350', 'G.1.1', '2.22'),
('2350', 'G.1.2', '4.44'),
('2350', 'G.1.3', '2.22'),
('2350', 'G.1.3.4', '8.90'),
('2350', 'G.1.4', '4.44'),
('2350', 'G.1.5', '17.78'),
('2350', 'G.2.5', '12.00'),
('2350', 'G.2.6', '12.00'),
('2350', 'G.2.8', '6.00'),
('2350', 'G.2.13', '18.00'),
('2350', 'G.3.2', '4.00'),
('2350', 'G.3.4', '8.00'),
('2350', 'S.1.2', '1.80'),
('2350', 'S.1.4', '3.60'),
('2350', 'S.1.5', '1.80'),
('2350', 'S.1.6.2', '5.40'),
('2350', 'S.1.6.4', '5.40'),
('2350', 'S.1.6.5', '5.40'),
('2350', 'S.1.6.6', '7.20'),
('2350', 'S.1.7', '17.99'),
('2350', 'S.2.1', '2.86'),
('2350', 'S.2.1.1', '5.71'),
('2350', 'S.2.2', '5.71'),
('2350', 'S.2.2.2', '5.71'),
('2350', 'S.2.3', '14.29'),
('2350', 'S.3.2.1', '8.57'),
('2350', 'S.3.3', '8.56'),
('2350', 'E.1.1.1', '3.00'),
('2350', 'E.1.2', '6.00'),
('2350', 'E.1.2.7', '4.00'),
('2350', 'E.1.3', '6.00'),
('2350', 'E.1.3.4', '4.00'),
('2350', 'E.1.3.5', '4.00'),
('2350', 'E.1.5', '1.00'),
('2350', 'E.1.6', '1.31'),
('2350', 'E.1.7', '2.69'),
('2350', 'E.1.8', '3.00'),
('2350', 'E.1.9', '3.00'),
('2350', 'E.1.10', '3.00'),
('2350', 'E.1.11', '3.00'),
('2350', 'E.1.12', '26.00'),
('2350', 'E.2.1', '5.00'),
('2350', 'E.2.2', '7.50'),
('2350', 'E.3.1.1', '10.00'),
('2350', 'E.3.2', '7.50'),
('2710', 'G.1.1', '2.86'),
('2710', 'G.1.1.1', '8.57'),
('2710', 'G.1.2', '8.57'),
('2710', 'G.1.3', '2.86'),
('2710', 'G.1.4', '2.86'),
('2710', 'G.1.5', '14.30'),
('2710', 'G.2.5', '9.60'),
('2710', 'G.2.6', '9.52'),
('2710', 'G.2.8', '4.50'),
('2710', 'G.2.13', '9.52'),
('2710', 'G.3.1', '6.67'),
('2710', 'G.3.2', '6.67'),
('2710', 'G.3.4', '13.50'),
('2710', 'S.1.1', '3.00'),
('2710', 'S.1.4', '3.00'),
('2710', 'S.1.5', '3.00'),
('2710', 'S.1.6', '3.00'),
('2710', 'S.1.6.2', '6.00'),
('2710', 'S.1.6.4', '6.00'),
('2710', 'S.1.6.5', '6.00'),
('2710', 'S.1.6.6', '3.00'),
('2710', 'S.1.7', '27.00'),
('2710', 'S.2.1', '3.81'),
('2710', 'S.2.2', '7.62'),
('2710', 'S.3.2.1', '15.24'),
('2710', 'S.3.3', '7.61'),
('2710', 'S.4.1', '2.86'),
('2710', 'S.4.3', '2.86'),
('2710', 'E.1.3', '8.98'),
('2710', 'E.1.5', '2.99'),
('2710', 'E.1.6', '2.99'),
('2710', 'E.1.7', '5.99'),
('2710', 'E.1.8', '2.99'),
('2710', 'E.1.9', '2.99'),
('2710', 'E.1.10', '2.99'),
('2710', 'E.1.11', '2.99'),
('2710', 'E.1.12', '29.93'),
('2710', 'E.2.1', '2.86'),
('2710', 'E.2.1.1', '4.29'),
('2710', 'E.2.1.2', '5.71'),
('2710', 'E.2.2', '7.14'),
('2710', 'E.3.1.1', '5.71'),
('2710', 'E.3.1.2', '5.71'),
('2710', 'E.3.2', '5.74'),
('2723', 'G.1.1', '5.72'),
('2723', 'G.1.3', '5.71'),
('2723', 'G.1.4', '11.43'),
('2723', 'G.1.5', '17.14'),
('2723', 'G.2.5', '10.67'),
('2723', 'G.2.6', '10.67'),
('2723', 'G.2.8', '5.33'),
('2723', 'G.2.13', '21.33'),
('2723', 'G.3.2', '4.00'),
('2723', 'G.3.4', '8.00'),
('2723', 'S.1.1', '3.50'),
('2723', 'S.1.2', '5.64'),
('2723', 'S.1.4', '5.00'),
('2723', 'S.1.5', '5.00'),
('2723', 'S.1.6.2', '8.00'),
('2723', 'S.1.6.6', '8.00'),
('2723', 'S.1.7', '22.86'),
('2723', 'S.2.1', '10.00'),
('2723', 'S.2.2', '14.00'),
('2723', 'S.2.3', '9.00'),
('2723', 'S.3.3', '9.00'),
('2723', 'E.1.2', '3.23'),
('2723', 'E.1.2.7', '4.84'),
('2723', 'E.1.3.5', '4.03'),
('2723', 'E.1.5', '4.00'),
('2723', 'E.1.6', '4.00'),
('2723', 'E.1.7', '5.00'),
('2723', 'E.1.8', '2.42'),
('2723', 'E.1.9', '2.42'),
('2723', 'E.1.10', '2.42'),
('2723', 'E.1.11', '2.42'),
('2723', 'E.1.12', '19.31'),
('2723', 'E.2.1', '1.25'),
('2723', 'E.2.1.7', '7.50'),
('2723', 'E.2.1.8', '7.50'),
('2723', 'E.2.2', '8.75'),
('2723', 'E.3.1.1', '6.82'),
('2723', 'E.3.1.6', '5.00'),
('2723', 'E.3.2', '9.09'),
('2727', 'G.1.1', '5.71'),
('2727', 'G.1.3', '5.71'),
('2727', 'G.1.4', '11.43'),
('2727', 'G.1.5', '17.15'),
('2727', 'G.2.5', '10.00'),
('2727', 'G.2.6', '10.00'),
('2727', 'G.2.8', '5.00'),
('2727', 'G.2.13', '15.00'),
('2727', 'G.3.1', '5.00'),
('2727', 'G.3.2', '5.00'),
('2727', 'G.3.4', '10.00'),
('2727', 'S.1.5', '2.38'),
('2727', 'S.1.6.4', '9.52'),
('2727', 'S.1.6.5', '4.76'),
('2727', 'S.1.6.6', '7.14'),
('2727', 'S.1.7', '19.05'),
('2727', 'S.2.1', '3.43'),
('2727', 'S.2.1.1', '1.71'),
('2727', 'S.2.2', '5.14'),
('2727', 'S.2.3', '6.86'),
('2727', 'S.3.2.1', '5.71'),
('2727', 'S.3.3', '5.71'),
('2727', 'S.4.1', '5.71'),
('2727', 'S.4.2.1', '11.45'),
('2727', 'S.4.3', '11.43'),
('2727', 'E.1.1.1', '2.65'),
('2727', 'E.1.3', '3.54'),
('2727', 'E.1.3.2', '5.31'),
('2727', 'E.1.3.3', '5.31'),
('2727', 'E.1.3.4', '6.19'),
('2727', 'E.1.5', '1.77'),
('2727', 'E.1.6', '1.77'),
('2727', 'E.1.7', '1.77'),
('2727', 'E.1.9', '1.77'),
('2727', 'E.1.10', '1.77'),
('2727', 'E.1.11', '1.80'),
('2727', 'E.1.12', '20.35'),
('2727', 'E.2.1', '3.00'),
('2727', 'E.2.1.1', '5.00'),
('2727', 'E.2.1.2', '5.00'),
('2727', 'E.2.2', '6.00'),
('2727', 'E.3.1.2', '9.00'),
('2727', 'E.3.1.6', '4.00'),
('2727', 'E.3.1.7', '4.00'),
('2727', 'E.3.2', '10.00'),
('2730', 'G.1.1', '5.00'),
('2730', 'G.1.3', '5.00'),
('2730', 'G.1.4', '10.00'),
('2730', 'G.1.5', '20.00'),
('2730', 'G.2.1', '8.00'),
('2730', 'G.2.5', '10.67'),
('2730', 'G.2.6', '10.67'),
('2730', 'G.2.8', '5.33'),
('2730', 'G.2.13', '13.33'),
('2730', 'G.3.2', '4.00'),
('2730', 'G.3.4', '8.00'),
('2730', 'S.1.5', '3.81'),
('2730', 'S.1.6.4', '5.71'),
('2730', 'S.1.6.5', '5.71'),
('2730', 'S.1.6.6', '5.71'),
('2730', 'S.1.7', '13.33'),
('2730', 'S.2.1', '7.14'),
('2730', 'S.2.2', '10.71'),
('2730', 'S.2.3', '10.71'),
('2730', 'S.3.2.1', '5.71'),
('2730', 'S.3.3', '5.71'),
('2730', 'S.4.1', '4.29'),
('2730', 'S.4.2.1', '8.60'),
('2730', 'S.4.3', '12.86'),
('2730', 'E.1.1.1', '2.47'),
('2730', 'E.1.2', '3.29'),
('2730', 'E.1.3', '3.29'),
('2730', 'E.1.3.2', '4.11'),
('2730', 'E.1.3.3', '4.11'),
('2730', 'E.1.3.4', '4.11'),
('2730', 'E.1.3.5', '3.29'),
('2730', 'E.1.5', '1.64'),
('2730', 'E.1.6', '1.64'),
('2730', 'E.1.7', '3.29'),
('2730', 'E.1.8', '1.64'),
('2730', 'E.1.9', '1.64'),
('2730', 'E.1.10', '1.64'),
('2730', 'E.1.11', '1.64'),
('2730', 'E.1.12', '22.19'),
('2730', 'E.2.1', '2.50'),
('2730', 'E.2.1.1', '3.75'),
('2730', 'E.2.2', '3.75'),
('2730', 'E.3.1.1', '2.73'),
('2730', 'E.3.1.2', '13.64'),
('2730', 'E.3.1.6', '2.73'),
('2730', 'E.3.2', '10.91'),
('2750', 'G.1.1', '5.71'),
('2750', 'G.1.3', '5.71'),
('2750', 'G.1.4', '11.44'),
('2750', 'G.1.5', '17.14'),
('2750', 'G.2.5', '10.00'),
('2750', 'G.2.6', '10.00'),
('2750', 'G.2.8', '5.00'),
('2750', 'G.2.13', '15.00'),
('2750', 'G.3.1', '5.00'),
('2750', 'G.3.2', '5.00'),
('2750', 'G.3.4', '10.00'),
('2750', 'S.1.5', '2.24'),
('2750', 'S.1.6.4', '9.02'),
('2750', 'S.1.6.5', '6.77'),
('2750', 'S.1.6.6', '6.77'),
('2750', 'S.1.7', '18.05'),
('2750', 'S.2.1', '3.43'),
('2750', 'S.2.2', '10.29'),
('2750', 'S.2.3', '3.43'),
('2750', 'S.3.2.1', '7.14'),
('2750', 'S.3.3', '7.14'),
('2750', 'S.4.1', '5.14'),
('2750', 'S.4.2.1', '10.29'),
('2750', 'S.4.3', '10.29'),
('2750', 'E.1.3.2', '4.61'),
('2750', 'E.1.3.3', '4.61'),
('2750', 'E.1.3.4', '4.61'),
('2750', 'E.1.3.5', '4.61'),
('2750', 'E.1.5', '1.84'),
('2750', 'E.1.6', '1.84'),
('2750', 'E.1.7', '3.68'),
('2750', 'E.1.8', '1.84'),
('2750', 'E.1.9', '1.84'),
('2750', 'E.1.10', '1.84'),
('2750', 'E.1.11', '2.76'),
('2750', 'E.1.12', '18.42'),
('2750', 'E.2.1', '12.50'),
('2750', 'E.3.1.2', '15.00'),
('2750', 'E.3.1.6', '10.00'),
('2750', 'E.3.2', '10.00'),
('2770', 'G.1.1', '5.71'),
('2770', 'G.1.3', '5.72'),
('2770', 'G.1.4', '11.43'),
('2770', 'G.1.5', '17.14'),
('2770', 'G.2.5', '12.00'),
('2770', 'G.2.6', '12.00'),
('2770', 'G.2.8', '6.00'),
('2770', 'G.2.13', '18.00'),
('2770', 'G.3.4', '12.00'),
('2770', 'S.1.1', '11.88'),
('2770', 'S.1.4', '11.88'),
('2770', 'S.1.5', '5.94'),
('2770', 'S.1.7', '17.80'),
('2770', 'S.2.2', '11.25'),
('2770', 'S.2.3', '11.25'),
('2770', 'S.3.3', '10.00'),
('2770', 'S.4.1', '2.50'),
('2770', 'S.4.2.2', '7.50'),
('2770', 'S.4.3', '10.00'),
('2770', 'E.1.2', '7.18'),
('2770', 'E.1.2.3', '10.76'),
('2770', 'E.1.3.5', '7.18'),
('2770', 'E.1.5', '3.59'),
('2770', 'E.1.6', '3.59'),
('2770', 'E.1.7', '5.38'),
('2770', 'E.1.8', '3.59'),
('2770', 'E.1.9', '3.59'),
('2770', 'E.1.10', '3.59'),
('2770', 'E.1.11', '3.59'),
('2770', 'E.1.12', '25.12'),
('2770', 'E.2.1.1', '5.71'),
('2770', 'E.2.2', '5.71'),
('2770', 'E.3.1.1', '5.71'),
('2770', 'E.3.2', '5.71'),
('2791', 'G.1.1', '5.71'),
('2791', 'G.1.3', '5.71'),
('2791', 'G.1.4', '11.43'),
('2791', 'G.1.5', '17.14'),
('2791', 'G.2.5', '10.11'),
('2791', 'G.2.6', '10.11'),
('2791', 'G.2.7', '10.11'),
('2791', 'G.2.8', '5.05'),
('2791', 'G.2.13', '12.63'),
('2791', 'G.3.1', '4.00'),
('2791', 'G.3.4', '8.00'),
('2791', 'S.1.1.1', '8.00'),
('2791', 'S.1.2', '8.00'),
('2791', 'S.1.3', '5.00'),
('2791', 'S.1.4', '5.00'),
('2791', 'S.1.5', '5.00'),
('2791', 'S.1.5.1', '5.00'),
('2791', 'S.1.7', '24.00'),
('2791', 'S.2.2', '11.00'),
('2791', 'S.2.3', '8.00'),
('2791', 'S.3.3', '9.00'),
('2791', 'S.4.1', '4.00'),
('2791', 'S.4.2.1', '8.00'),
('2791', 'E.1.2', '12.80'),
('2791', 'E.1.3', '12.80'),
('2791', 'E.1.5', '3.20'),
('2791', 'E.1.6', '3.20'),
('2791', 'E.1.7', '6.40'),
('2791', 'E.1.7.1', '6.40'),
('2791', 'E.1.9', '3.20'),
('2791', 'E.1.10', '3.20'),
('2791', 'E.1.11', '3.20'),
('2791', 'E.1.12', '25.60'),
('2791', 'E.3.1.1', '13.33'),
('2791', 'E.3.2', '6.67'),
('2793', 'G.1.1', '5.71'),
('2793', 'G.1.3', '5.71'),
('2793', 'G.1.4', '11.43'),
('2793', 'G.1.5', '17.14'),
('2793', 'G.2.5', '10.11'),
('2793', 'G.2.6', '10.11'),
('2793', 'G.2.7', '10.11'),
('2793', 'G.2.8', '5.05'),
('2793', 'G.2.13', '12.63'),
('2793', 'G.3.1', '4.00'),
('2793', 'G.3.4', '8.00'),
('2793', 'S.1.1.1', '8.00'),
('2793', 'S.1.2', '8.00'),
('2793', 'S.1.3', '5.00'),
('2793', 'S.1.4', '5.00'),
('2793', 'S.1.5', '5.00'),
('2793', 'S.1.5.1', '5.00'),
('2793', 'S.1.7', '24.00'),
('2793', 'S.2.2', '11.00'),
('2793', 'S.2.3', '8.00'),
('2793', 'S.3.3', '9.00'),
('2793', 'S.4.1', '4.00'),
('2793', 'S.4.2.1', '8.00'),
('2793', 'E.1.2', '12.80'),
('2793', 'E.1.3', '12.80'),
('2793', 'E.1.5', '3.20'),
('2793', 'E.1.6', '3.20'),
('2793', 'E.1.7', '6.40'),
('2793', 'E.1.7.1', '6.40'),
('2793', 'E.1.9', '3.20'),
('2793', 'E.1.10', '3.20'),
('2793', 'E.1.11', '3.20'),
('2793', 'E.1.12', '25.60'),
('2793', 'E.3.1.1', '13.33'),
('2793', 'E.3.2', '6.67'),
('2795', 'G.1.1', '5.71'),
('2795', 'G.1.3', '5.71'),
('2795', 'G.1.4', '11.43'),
('2795', 'G.1.5', '17.14'),
('2795', 'G.2.5', '10.11'),
('2795', 'G.2.6', '10.11'),
('2795', 'G.2.7', '10.11'),
('2795', 'G.2.8', '5.05'),
('2795', 'G.2.13', '12.63'),
('2795', 'G.3.1', '4.00'),
('2795', 'G.3.4', '8.00'),
('2795', 'S.1.1.1', '8.00'),
('2795', 'S.1.2', '8.00'),
('2795', 'S.1.3', '5.00'),
('2795', 'S.1.4', '5.00'),
('2795', 'S.1.5', '5.00'),
('2795', 'S.1.5.1', '5.00'),
('2795', 'S.1.7', '24.00'),
('2795', 'S.2.2', '11.00'),
('2795', 'S.2.3', '8.00'),
('2795', 'S.3.3', '9.00'),
('2795', 'S.4.1', '4.00'),
('2795', 'S.4.2.1', '8.00'),
('2795', 'E.1.2', '12.80'),
('2795', 'E.1.3', '12.80'),
('2795', 'E.1.5', '3.20'),
('2795', 'E.1.6', '3.20'),
('2795', 'E.1.7', '6.40'),
('2795', 'E.1.7.1', '6.40'),
('2795', 'E.1.9', '3.20'),
('2795', 'E.1.10', '3.20'),
('2795', 'E.1.11', '3.20'),
('2795', 'E.1.12', '25.60'),
('2795', 'E.3.1.1', '13.33'),
('2795', 'E.3.2', '6.67'),
('2797', 'G.1.1', '4.71'),
('2797', 'G.1.3', '2.35'),
('2797', 'G.1.4', '4.71'),
('2797', 'G.1.4.3', '11.76'),
('2797', 'G.1.5', '16.47'),
('2797', 'G.2.5', '12.00'),
('2797', 'G.2.6', '12.00'),
('2797', 'G.2.8', '6.00'),
('2797', 'G.2.13', '18.00'),
('2797', 'G.3.1', '3.00'),
('2797', 'G.3.2', '3.00'),
('2797', 'G.3.4', '6.00'),
('2797', 'S.1.5', '7.00'),
('2797', 'S.1.6.5', '14.00'),
('2797', 'S.1.7', '14.00'),
('2797', 'S.2.1', '7.08'),
('2797', 'S.2.2', '21.25'),
('2797', 'S.2.3', '14.17'),
('2797', 'S.4.1', '5.62'),
('2797', 'S.4.3', '16.88'),
('2797', 'E.1.2', '13.83'),
('2797', 'E.1.5', '3.46'),
('2797', 'E.1.6', '3.46'),
('2797', 'E.1.7', '6.92'),
('2797', 'E.1.8', '3.46'),
('2797', 'E.1.9', '3.46'),
('2797', 'E.1.10', '3.46'),
('2797', 'E.1.11', '3.46'),
('2797', 'E.1.12', '24.21'),
('2797', 'E.2.1', '3.81'),
('2797', 'E.2.2', '7.62'),
('2797', 'E.3.1.1', '13.71'),
('2797', 'E.3.2', '9.14'),
('2799', 'G.1.1', '5.71'),
('2799', 'G.1.3', '5.71'),
('2799', 'G.1.4', '11.43'),
('2799', 'G.1.5', '17.14'),
('2799', 'G.2.5', '10.11'),
('2799', 'G.2.6', '10.11'),
('2799', 'G.2.7', '10.11'),
('2799', 'G.2.8', '5.05'),
('2799', 'G.2.13', '12.63'),
('2799', 'G.3.1', '4.00'),
('2799', 'G.3.4', '8.00'),
('2799', 'S.1.1.1', '8.00'),
('2799', 'S.1.2', '8.00'),
('2799', 'S.1.3', '5.00'),
('2799', 'S.1.4', '5.00'),
('2799', 'S.1.5', '5.00'),
('2799', 'S.1.5.1', '5.00'),
('2799', 'S.1.7', '24.00'),
('2799', 'S.2.2', '11.00'),
('2799', 'S.2.3', '8.00'),
('2799', 'S.3.3', '9.00'),
('2799', 'S.4.1', '4.00'),
('2799', 'S.4.2.1', '8.00'),
('2799', 'E.1.2', '12.80'),
('2799', 'E.1.3', '12.80'),
('2799', 'E.1.5', '3.20'),
('2799', 'E.1.6', '3.20'),
('2799', 'E.1.7', '6.40'),
('2799', 'E.1.7.1', '6.40'),
('2799', 'E.1.9', '3.20'),
('2799', 'E.1.10', '3.20'),
('2799', 'E.1.11', '3.20'),
('2799', 'E.1.12', '25.60'),
('2799', 'E.3.1.1', '13.33'),
('2799', 'E.3.2', '6.67'),
('3353', 'G.1.1', '6.00'),
('3353', 'G.1.2', '9.00'),
('3353', 'G.1.3', '5.00'),
('3353', 'G.1.4', '9.00'),
('3353', 'G.1.5', '16.00'),
('3353', 'G.2.1', '9.00'),
('3353', 'G.2.5', '9.00'),
('3353', 'G.2.8', '6.00'),
('3353', 'G.2.13', '19.00'),
('3353', 'G.3.2', '6.00'),
('3353', 'G.3.4', '6.00'),
('3353', 'S.1.5', '5.00'),
('3353', 'S.1.6.5', '16.00'),
('3353', 'S.1.7', '16.00'),
('3353', 'S.2.1', '5.00'),
('3353', 'S.2.2', '10.00'),
('3353', 'S.2.3', '14.00'),
('3353', 'S.3.2.1', '12.00'),
('3353', 'S.3.3', '12.00'),
('3353', 'S.4.3', '10.00'),
('3353', 'E.1.1', '2.00'),
('3353', 'E.1.1.1', '2.00'),
('3353', 'E.1.2', '3.50'),
('3353', 'E.1.3', '3.50'),
('3353', 'E.1.4', '2.00'),
('3353', 'E.1.5', '2.00'),
('3353', 'E.1.6', '2.00'),
('3353', 'E.1.7', '2.00'),
('3353', 'E.1.8', '2.00'),
('3353', 'E.1.9', '2.00'),
('3353', 'E.1.10', '3.50'),
('3353', 'E.1.11', '3.50'),
('3353', 'E.1.12', '12.00'),
('3353', 'E.2.1', '3.00'),
('3353', 'E.2.1.1', '5.00'),
('3353', 'E.2.1.2', '7.00'),
('3353', 'E.2.2', '7.00'),
('3353', 'E.3.1.1', '13.00'),
('3353', 'E.3.1.4', '10.00'),
('3353', 'E.3.2', '13.00'),
('3355', 'G.1.1', '6.67'),
('3355', 'G.1.3', '6.67'),
('3355', 'G.1.3.5', '13.33'),
('3355', 'G.1.5', '13.33'),
('3355', 'G.2.1', '4.57'),
('3355', 'G.2.2', '4.57'),
('3355', 'G.2.5', '9.14'),
('3355', 'G.2.6', '9.14'),
('3355', 'G.2.8', '4.58'),
('3355', 'G.2.13', '16.00'),
('3355', 'G.3.2', '6.00'),
('3355', 'G.3.4', '6.00'),
('3355', 'S.1.5', '6.56'),
('3355', 'S.1.6.5', '26.25'),
('3355', 'S.1.7', '19.69'),
('3355', 'S.2.1', '3.22'),
('3355', 'S.2.2', '9.64'),
('3355', 'S.2.3', '9.64'),
('3355', 'S.3.2.1', '7.50'),
('3355', 'S.3.3', '7.50'),
('3355', 'S.4.1', '5.00'),
('3355', 'S.4.3', '5.00'),
('3355', 'E.1.1', '4.93'),
('3355', 'E.1.2', '7.39'),
('3355', 'E.1.3', '7.39'),
('3355', 'E.1.5', '2.46'),
('3355', 'E.1.6', '2.46'),
('3355', 'E.1.7', '4.93'),
('3355', 'E.1.8', '2.46'),
('3355', 'E.1.9', '2.46'),
('3355', 'E.1.10', '2.46'),
('3355', 'E.1.11', '2.46'),
('3355', 'E.1.12', '23.42'),
('3355', 'E.2.1', '7.14'),
('3355', 'E.2.2', '7.04'),
('3355', 'E.3.1.5', '14.00'),
('3355', 'E.3.2', '9.00'),
('3357', 'G.1.1', '6.67'),
('3357', 'G.1.3', '6.67'),
('3357', 'G.1.3.5', '13.33'),
('3357', 'G.1.5', '13.33'),
('3357', 'G.2.1', '4.57'),
('3357', 'G.2.2', '4.57'),
('3357', 'G.2.5', '9.14'),
('3357', 'G.2.6', '9.14'),
('3357', 'G.2.8', '4.58'),
('3357', 'G.2.13', '16.00'),
('3357', 'G.3.2', '6.00'),
('3357', 'G.3.4', '6.00'),
('3357', 'S.1.5', '6.56'),
('3357', 'S.1.6.5', '26.25'),
('3357', 'S.1.7', '19.69'),
('3357', 'S.2.1', '3.22'),
('3357', 'S.2.2', '9.64'),
('3357', 'S.2.3', '9.64'),
('3357', 'S.3.2.1', '7.50'),
('3357', 'S.3.3', '7.50'),
('3357', 'S.4.1', '5.00'),
('3357', 'S.4.3', '5.00'),
('3357', 'E.1.1', '4.93'),
('3357', 'E.1.2', '7.39'),
('3357', 'E.1.3', '7.39'),
('3357', 'E.1.5', '2.46'),
('3357', 'E.1.6', '2.46'),
('3357', 'E.1.7', '4.93'),
('3357', 'E.1.8', '2.46'),
('3357', 'E.1.9', '2.46'),
('3357', 'E.1.10', '2.46'),
('3357', 'E.1.11', '2.46'),
('3357', 'E.1.12', '23.42'),
('3357', 'E.2.1', '7.14'),
('3357', 'E.2.2', '7.04'),
('3357', 'E.3.1.5', '14.00'),
('3357', 'E.3.2', '9.00'),
('3530', 'G.1.1', '5.00'),
('3530', 'G.1.3', '5.00'),
('3530', 'G.1.4', '10.00'),
('3530', 'G.1.5', '20.00'),
('3530', 'G.2.5', '14.86'),
('3530', 'G.2.6', '14.86'),
('3530', 'G.2.8', '7.42'),
('3530', 'G.2.13', '14.86'),
('3530', 'G.3.4', '8.00'),
('3530', 'S.1.1', '8.13'),
('3530', 'S.1.4', '8.13'),
('3530', 'S.1.5', '4.06'),
('3530', 'S.1.7', '12.18'),
('3530', 'S.2.1', '3.00'),
('3530', 'S.2.1.1', '6.00'),
('3530', 'S.2.2', '6.00'),
('3530', 'S.2.2.1', '6.00'),
('3530', 'S.2.2.4', '9.00'),
('3530', 'S.2.3', '15.00'),
('3530', 'S.3.1.9', '6.25'),
('3530', 'S.3.3', '6.25'),
('3530', 'S.4.1', '2.50'),
('3530', 'S.4.3', '7.50'),
('3530', 'E.1.2', '6.26'),
('3530', 'E.1.2.7', '7.82'),
('3530', 'E.1.3', '6.26'),
('3530', 'E.1.3.4', '6.26'),
('3530', 'E.1.5', '1.56'),
('3530', 'E.1.7', '3.14'),
('3530', 'E.1.7.1', '3.13'),
('3530', 'E.1.7.2', '2.00'),
('3530', 'E.1.8', '1.56'),
('3530', 'E.1.9', '1.56'),
('3530', 'E.1.10', '1.56'),
('3530', 'E.1.11', '1.56'),
('3530', 'E.1.12', '21.90'),
('3530', 'E.2.1', '6.00'),
('3530', 'E.2.2', '6.00'),
('3530', 'E.3.1.8', '11.43'),
('3530', 'E.3.1.9', '3.00'),
('3530', 'E.3.2', '9.00'),
('3570', 'G.1.1', '5.00'),
('3570', 'G.1.3', '5.00'),
('3570', 'G.1.4', '10.00'),
('3570', 'G.1.5', '20.00'),
('3570', 'G.2.5', '14.86'),
('3570', 'G.2.6', '14.86'),
('3570', 'G.2.8', '7.42'),
('3570', 'G.2.13', '14.86'),
('3570', 'G.3.4', '8.00'),
('3570', 'S.1.1', '8.13'),
('3570', 'S.1.4', '8.13'),
('3570', 'S.1.5', '4.06'),
('3570', 'S.1.7', '12.18'),
('3570', 'S.2.1', '3.00'),
('3570', 'S.2.1.1', '6.00'),
('3570', 'S.2.2', '6.00'),
('3570', 'S.2.2.1', '6.00'),
('3570', 'S.2.2.4', '9.00'),
('3570', 'S.2.3', '15.00'),
('3570', 'S.3.1.9', '6.25'),
('3570', 'S.3.3', '6.25'),
('3570', 'S.4.1', '2.50'),
('3570', 'S.4.3', '7.50'),
('3570', 'E.1.2', '6.26'),
('3570', 'E.1.2.7', '7.82'),
('3570', 'E.1.3', '6.26'),
('3570', 'E.1.3.4', '6.26'),
('3570', 'E.1.5', '1.56'),
('3570', 'E.1.7', '3.14'),
('3570', 'E.1.7.1', '3.13'),
('3570', 'E.1.7.2', '2.00'),
('3570', 'E.1.8', '1.56'),
('3570', 'E.1.9', '1.56'),
('3570', 'E.1.10', '1.56'),
('3570', 'E.1.11', '1.56'),
('3570', 'E.1.12', '21.90'),
('3570', 'E.2.1', '6.00'),
('3570', 'E.2.2', '6.00'),
('3570', 'E.3.1.8', '11.43'),
('3570', 'E.3.1.9', '3.00'),
('3570', 'E.3.2', '9.00'),
('3722', 'G.1.1', '5.72'),
('3722', 'G.1.1.1', '5.71'),
('3722', 'G.1.4', '11.43'),
('3722', 'G.1.5', '17.14'),
('3722', 'G.2.5', '12.80'),
('3722', 'G.2.6', '12.80'),
('3722', 'G.2.8', '6.40'),
('3722', 'G.2.13', '16.00'),
('3722', 'G.3.2', '6.00'),
('3722', 'G.3.4', '6.00'),
('3722', 'S.1.5', '2.33'),
('3722', 'S.1.6.2', '7.00'),
('3722', 'S.1.6.4', '4.67'),
('3722', 'S.1.6.5', '2.33'),
('3722', 'S.1.6.6', '4.67'),
('3722', 'S.1.7', '14.00'),
('3722', 'S.2.1', '3.46'),
('3722', 'S.2.1.2', '3.46'),
('3722', 'S.2.2', '6.92'),
('3722', 'S.2.2.1', '3.46'),
('3722', 'S.2.2.2', '3.46'),
('3722', 'S.2.2.3', '6.92'),
('3722', 'S.2.3', '17.31'),
('3722', 'S.3.2.1', '4.17'),
('3722', 'S.3.3', '8.33'),
('3722', 'S.4.1', '1.88'),
('3722', 'S.4.3', '5.63'),
('3722', 'E.1.1.1', '3.04'),
('3722', 'E.1.2', '6.07'),
('3722', 'E.1.3', '6.07'),
('3722', 'E.1.3.5', '3.60'),
('3722', 'E.1.5', '1.52'),
('3722', 'E.1.6', '1.52'),
('3722', 'E.1.7', '3.04'),
('3722', 'E.1.8', '1.52'),
('3722', 'E.1.9', '1.52'),
('3722', 'E.1.10', '1.52'),
('3722', 'E.1.11', '1.52'),
('3722', 'E.1.12', '19.00'),
('3722', 'E.2.1', '2.86'),
('3722', 'E.2.1.1', '6.00'),
('3722', 'E.2.1.2', '8.30'),
('3722', 'E.3.1.1', '9.00'),
('3722', 'E.3.1.6', '6.00'),
('3722', 'E.3.1.7', '6.00'),
('3722', 'E.3.2', '11.90'),
('3724', 'G.1.1', '2.67'),
('3724', 'G.1.3', '2.67'),
('3724', 'G.1.4', '5.33'),
('3724', 'G.1.4.3', '8.00'),
('3724', 'G.1.4.5', '8.00'),
('3724', 'G.1.5', '21.33'),
('3724', 'G.2.5', '7.27'),
('3724', 'G.2.6', '7.27'),
('3724', 'G.2.8', '3.64'),
('3724', 'G.2.13', '21.82'),
('3724', 'G.3.2', '4.00'),
('3724', 'G.3.4', '8.00'),
('3724', 'S.1.5', '5.56'),
('3724', 'S.1.6.2', '11.11'),
('3724', 'S.1.6.4', '5.56'),
('3724', 'S.1.6.5', '11.11'),
('3724', 'S.1.7', '16.67'),
('3724', 'S.2.1', '3.21'),
('3724', 'S.2.2', '9.64'),
('3724', 'S.2.3', '9.64'),
('3724', 'S.3.1.1', '6.43'),
('3724', 'S.3.2.1', '6.43'),
('3724', 'S.3.3', '9.64'),
('3724', 'S.4.1', '1.25'),
('3724', 'S.4.3', '3.75'),
('3724', 'E.1.2', '7.27'),
('3724', 'E.1.2.7', '5.45'),
('3724', 'E.1.3', '7.27'),
('3724', 'E.1.5', '1.81'),
('3724', 'E.1.6', '1.82'),
('3724', 'E.1.7', '3.64'),
('3724', 'E.1.7.1', '3.64'),
('3724', 'E.1.8', '1.82'),
('3724', 'E.1.9', '1.82'),
('3724', 'E.1.10', '1.82'),
('3724', 'E.1.11', '1.82'),
('3724', 'E.1.12', '21.82'),
('3724', 'E.2.1', '2.29'),
('3724', 'E.2.1.1', '2.29'),
('3724', 'E.2.1.2', '4.57'),
('3724', 'E.2.1.7', '4.57'),
('3724', 'E.2.2', '9.14'),
('3724', 'E.3.1.1', '11.43'),
('3724', 'E.3.2', '5.71'),
('3726', 'G.1.1', '5.72'),
('3726', 'G.1.1.1', '5.71'),
('3726', 'G.1.4', '11.43'),
('3726', 'G.1.5', '17.14'),
('3726', 'G.2.5', '12.80'),
('3726', 'G.2.6', '12.80'),
('3726', 'G.2.8', '6.40'),
('3726', 'G.2.13', '16.00'),
('3726', 'G.3.2', '6.00'),
('3726', 'G.3.4', '6.00'),
('3726', 'S.1.5', '2.33'),
('3726', 'S.1.6.2', '7.00'),
('3726', 'S.1.6.4', '4.67'),
('3726', 'S.1.6.5', '2.33'),
('3726', 'S.1.6.6', '4.67'),
('3726', 'S.1.7', '14.00'),
('3726', 'S.2.1', '3.46'),
('3726', 'S.2.1.2', '3.46'),
('3726', 'S.2.2', '6.92'),
('3726', 'S.2.2.1', '3.46'),
('3726', 'S.2.2.2', '3.46'),
('3726', 'S.2.2.3', '6.92'),
('3726', 'S.2.3', '17.31'),
('3726', 'S.3.2.1', '4.17'),
('3726', 'S.3.3', '8.33'),
('3726', 'S.4.1', '1.88'),
('3726', 'S.4.3', '5.63'),
('3726', 'E.1.1.1', '3.04'),
('3726', 'E.1.2', '6.07'),
('3726', 'E.1.3', '6.07'),
('3726', 'E.1.3.5', '3.60'),
('3726', 'E.1.5', '1.52'),
('3726', 'E.1.6', '1.52'),
('3726', 'E.1.7', '3.04'),
('3726', 'E.1.8', '1.52'),
('3726', 'E.1.9', '1.52'),
('3726', 'E.1.10', '1.52'),
('3726', 'E.1.11', '1.52'),
('3726', 'E.1.12', '19.00'),
('3726', 'E.2.1', '2.86'),
('3726', 'E.2.1.1', '6.00'),
('3726', 'E.2.1.2', '8.30'),
('3726', 'E.3.1.1', '9.00'),
('3726', 'E.3.1.6', '6.00'),
('3726', 'E.3.1.7', '6.00'),
('3726', 'E.3.2', '11.90'),
('3728', 'G.1.1', '3.00'),
('3728', 'G.1.3', '3.00'),
('3728', 'G.1.3.4', '15.00'),
('3728', 'G.1.4', '5.80'),
('3728', 'G.1.5', '18.00'),
('3728', 'G.2.1', '8.00'),
('3728', 'G.2.5', '11.00'),
('3728', 'G.2.6', '11.00'),
('3728', 'G.2.13', '13.20'),
('3728', 'G.3.2', '4.00'),
('3728', 'G.3.4', '8.00'),
('3728', 'S.1.1.1', '8.46'),
('3728', 'S.1.4', '8.46'),
('3728', 'S.1.5', '4.23'),
('3728', 'S.1.6.4', '4.23'),
('3728', 'S.1.6.5', '4.23'),
('3728', 'S.1.6.6', '4.23'),
('3728', 'S.1.7', '21.15'),
('3728', 'S.2.1', '1.88'),
('3728', 'S.2.1.1', '3.75'),
('3728', 'S.2.2', '7.50'),
('3728', 'S.2.3', '9.38'),
('3728', 'S.3.1.11', '5.72'),
('3728', 'S.3.2.1', '5.71'),
('3728', 'S.3.3', '8.57'),
('3728', 'S.4.1', '2.50'),
('3728', 'E.1.2', '4.04'),
('3728', 'E.1.3', '4.05'),
('3728', 'E.1.5', '2.02'),
('3728', 'E.1.6', '2.02'),
('3728', 'E.1.7', '4.05'),
('3728', 'E.1.7.1', '3.04'),
('3728', 'E.1.9', '3.04'),
('3728', 'E.1.10', '3.04'),
('3728', 'E.1.11', '3.04'),
('3728', 'E.1.12', '20.24'),
('3728', 'E.2.1', '3.57'),
('3728', 'E.2.1.1', '7.14'),
('3728', 'E.2.1.2', '7.14'),
('3728', 'E.2.2', '10.71'),
('3728', 'E.3.1.6', '14.29'),
('3728', 'E.3.2', '8.57'),
('3740', 'G.1.1', '5.72'),
('3740', 'G.1.1.1', '5.71'),
('3740', 'G.1.4', '11.43'),
('3740', 'G.1.5', '17.14'),
('3740', 'G.2.5', '12.80'),
('3740', 'G.2.6', '12.80'),
('3740', 'G.2.8', '6.40'),
('3740', 'G.2.13', '16.00'),
('3740', 'G.3.2', '6.00'),
('3740', 'G.3.4', '6.00'),
('3740', 'S.1.5', '2.33'),
('3740', 'S.1.6.2', '7.00'),
('3740', 'S.1.6.4', '4.67'),
('3740', 'S.1.6.5', '2.33'),
('3740', 'S.1.6.6', '4.67'),
('3740', 'S.1.7', '14.00'),
('3740', 'S.2.1', '3.46'),
('3740', 'S.2.1.2', '3.46'),
('3740', 'S.2.2', '6.92'),
('3740', 'S.2.2.1', '3.46'),
('3740', 'S.2.2.2', '3.46'),
('3740', 'S.2.2.3', '6.92'),
('3740', 'S.2.3', '17.31'),
('3740', 'S.3.2.1', '4.17'),
('3740', 'S.3.3', '8.33'),
('3740', 'S.4.1', '1.88'),
('3740', 'S.4.3', '5.63'),
('3740', 'E.1.1.1', '3.04'),
('3740', 'E.1.2', '6.07'),
('3740', 'E.1.3', '6.07'),
('3740', 'E.1.3.5', '3.60'),
('3740', 'E.1.5', '1.52'),
('3740', 'E.1.6', '1.52'),
('3740', 'E.1.7', '3.04'),
('3740', 'E.1.8', '1.52'),
('3740', 'E.1.9', '1.52'),
('3740', 'E.1.10', '1.52'),
('3740', 'E.1.11', '1.52'),
('3740', 'E.1.12', '19.00'),
('3740', 'E.2.1', '2.86'),
('3740', 'E.2.1.1', '6.00'),
('3740', 'E.2.1.2', '8.30'),
('3740', 'E.3.1.1', '9.00'),
('3740', 'E.3.1.6', '6.00'),
('3740', 'E.3.1.7', '6.00'),
('3740', 'E.3.2', '11.90'),
('3760', 'G.1.1', '3.33'),
('3760', 'G.1.3', '3.33'),
('3760', 'G.1.4', '6.67'),
('3760', 'G.1.4.3', '10.00'),
('3760', 'G.1.5', '16.67'),
('3760', 'G.2.5', '13.87'),
('3760', 'G.2.6', '13.87'),
('3760', 'G.2.8', '6.93'),
('3760', 'G.2.13', '17.33'),
('3760', 'G.3.4', '8.00'),
('3760', 'S.1.1.1', '4.17'),
('3760', 'S.1.2', '4.17'),
('3760', 'S.1.3', '4.17'),
('3760', 'S.1.5', '2.08'),
('3760', 'S.1.6.2', '6.25'),
('3760', 'S.1.7', '16.67'),
('3760', 'S.2.1', '2.94'),
('3760', 'S.2.1.1', '5.88'),
('3760', 'S.2.2', '8.82'),
('3760', 'S.2.2.1', '5.88'),
('3760', 'S.2.2.2', '2.94'),
('3760', 'S.2.2.3', '5.88'),
('3760', 'S.2.2.4', '17.65'),
('3760', 'S.3.3', '7.50'),
('3760', 'S.4.1', '2.50'),
('3760', 'S.4.3', '2.50'),
('3760', 'E.1.2.7', '5.11'),
('3760', 'E.1.3', '5.11'),
('3760', 'E.1.3.5', '5.11'),
('3760', 'E.1.7', '5.11'),
('3760', 'E.1.8', '2.56'),
('3760', 'E.1.9', '2.56'),
('3760', 'E.1.10', '2.56'),
('3760', 'E.1.11', '2.56'),
('3760', 'E.1.12', '17.89'),
('3760', 'E.2.1', '3.57'),
('3760', 'E.2.1.1', '7.14'),
('3760', 'E.2.1.2', '7.14'),
('3760', 'E.2.2', '10.71'),
('3760', 'E.3.1.1', '5.71'),
('3760', 'E.3.1.6', '4.29'),
('3760', 'E.3.1.7', '4.29'),
('3760', 'E.3.2', '8.58'),
('3780', 'G.1.1', '5.00'),
('3780', 'G.1.3', '5.00'),
('3780', 'G.1.4', '10.00'),
('3780', 'G.1.5', '20.00'),
('3780', 'G.2.5', '14.86'),
('3780', 'G.2.6', '14.86'),
('3780', 'G.2.8', '7.42'),
('3780', 'G.2.13', '14.86'),
('3780', 'G.3.4', '8.00'),
('3780', 'S.1.1', '8.13'),
('3780', 'S.1.4', '8.13'),
('3780', 'S.1.5', '4.06'),
('3780', 'S.1.7', '12.18'),
('3780', 'S.2.1', '3.00'),
('3780', 'S.2.1.1', '6.00'),
('3780', 'S.2.2', '6.00'),
('3780', 'S.2.2.1', '6.00'),
('3780', 'S.2.2.4', '9.00'),
('3780', 'S.2.3', '15.00'),
('3780', 'S.3.1.9', '6.25'),
('3780', 'S.3.3', '6.25'),
('3780', 'S.4.1', '2.50'),
('3780', 'S.4.3', '7.50'),
('3780', 'E.1.2', '6.26'),
('3780', 'E.1.2.7', '7.82'),
('3780', 'E.1.3', '6.26'),
('3780', 'E.1.3.4', '6.26'),
('3780', 'E.1.5', '1.56'),
('3780', 'E.1.7', '3.14'),
('3780', 'E.1.7.1', '3.13'),
('3780', 'E.1.7.2', '2.00'),
('3780', 'E.1.8', '1.56'),
('3780', 'E.1.9', '1.56'),
('3780', 'E.1.10', '1.56'),
('3780', 'E.1.11', '1.56'),
('3780', 'E.1.12', '21.90'),
('3780', 'E.2.1', '6.00'),
('3780', 'E.2.2', '6.00'),
('3780', 'E.3.1.8', '11.43'),
('3780', 'E.3.1.9', '3.00'),
('3780', 'E.3.2', '9.00'),
('4530', 'G.1.1', '5.42'),
('4530', 'G.1.3', '5.42'),
('4530', 'G.1.4', '10.83'),
('4530', 'G.1.5', '21.66'),
('4530', 'G.2.5', '7.27'),
('4530', 'G.2.5.1', '7.27'),
('4530', 'G.2.7', '7.27'),
('4530', 'G.2.8', '3.64'),
('4530', 'G.2.13', '14.55'),
('4530', 'G.3.1', '4.17'),
('4530', 'G.3.2', '4.17'),
('4530', 'G.3.4', '8.33'),
('4530', 'S.1.1', '10.00'),
('4530', 'S.1.3', '5.00'),
('4530', 'S.1.5', '5.00'),
('4530', 'S.1.6.6', '5.00'),
('4530', 'S.1.7', '15.00'),
('4530', 'S.2.1', '0.95'),
('4530', 'S.2.2', '2.86'),
('4530', 'S.2.3', '2.86'),
('4530', 'S.3.2.1', '13.33'),
('4530', 'S.3.3', '13.33'),
('4530', 'S.4.1', '2.96'),
('4530', 'S.4.2.7', '11.85'),
('4530', 'S.4.3', '11.86'),
('4530', 'E.1.2', '13.33'),
('4530', 'E.1.3', '13.36'),
('4530', 'E.1.3.2', '13.33'),
('4530', 'E.1.5', '3.33'),
('4530', 'E.1.6', '3.33'),
('4530', 'E.1.7', '6.67'),
('4530', 'E.1.8', '3.33'),
('4530', 'E.1.9', '3.33'),
('4530', 'E.1.10', '3.33'),
('4530', 'E.1.11', '3.33'),
('4530', 'E.1.12', '33.33'),
('4570', 'G.1.1', '1.67'),
('4570', 'G.1.2', '3.32'),
('4570', 'G.1.3', '1.67'),
('4570', 'G.1.4', '3.33'),
('4570', 'G.1.4.3', '6.67'),
('4570', 'G.1.4.5', '6.67'),
('4570', 'G.1.4.6', '11.67'),
('4570', 'G.1.5', '15.00'),
('4570', 'G.2.5', '10.00'),
('4570', 'G.2.6', '10.00'),
('4570', 'G.2.8', '5.00'),
('4570', 'G.2.13', '15.00'),
('4570', 'G.3.2', '3.33'),
('4570', 'G.3.4', '6.67'),
('4570', 'S.1.6.2', '2.00'),
('4570', 'S.1.6.4', '4.60'),
('4570', 'S.1.6.5', '1.48'),
('4570', 'S.1.6.6', '1.48'),
('4570', 'S.1.7', '3.00'),
('4570', 'S.2.1', '1.48'),
('4570', 'S.2.2', '5.00'),
('4570', 'S.2.3', '2.96'),
('4570', 'S.3.1.12', '10.00'),
('4570', 'S.3.2.1', '7.00'),
('4570', 'S.3.3', '15.00'),
('4570', 'S.4.1', '2.00'),
('4570', 'S.4.2.4', '8.00'),
('4570', 'S.4.2.5', '5.00'),
('4570', 'S.4.2.6', '5.00'),
('4570', 'S.4.2.13', '5.00'),
('4570', 'S.4.2.14', '3.00'),
('4570', 'S.4.3', '18.00'),
('4570', 'E.1.2.7', '7.00'),
('4570', 'E.1.3', '7.00'),
('4570', 'E.1.3.2', '7.00'),
('4570', 'E.1.5', '3.00'),
('4570', 'E.1.6', '3.00'),
('4570', 'E.1.7', '5.00'),
('4570', 'E.1.8', '3.00'),
('4570', 'E.1.9', '3.00'),
('4570', 'E.1.10', '3.00'),
('4570', 'E.1.11', '3.00'),
('4570', 'E.1.12', '28.00'),
('4570', 'E.2.1', '10.00'),
('4570', 'E.2.2', '10.00'),
('4570', 'E.3.2', '8.00'),
('5330', 'G.1.1', '3.33'),
('5330', 'G.1.3', '3.33'),
('5330', 'G.1.4', '6.67'),
('5330', 'G.1.4.3', '10.00'),
('5330', 'G.1.5', '16.67'),
('5330', 'G.2.5', '13.00'),
('5330', 'G.2.6', '13.00'),
('5330', 'G.2.8', '6.50'),
('5330', 'G.2.13', '19.50'),
('5330', 'G.3.4', '8.00'),
('5330', 'S.1.2', '6.00'),
('5330', 'S.1.4', '12.00'),
('5330', 'S.1.5', '6.00'),
('5330', 'S.1.7', '16.00'),
('5330', 'S.2.1', '4.00'),
('5330', 'S.2.1.1', '5.00'),
('5330', 'S.2.2', '10.00'),
('5330', 'S.2.2.4', '10.00'),
('5330', 'S.2.3', '13.00'),
('5330', 'S.3.1.1', '5.00'),
('5330', 'S.3.3', '10.00'),
('5330', 'S.4.1', '3.00'),
('5330', 'E.1.6', '3.00'),
('5330', 'E.1.7', '5.00'),
('5330', 'E.1.7.1', '5.00'),
('5330', 'E.1.7.2', '5.00'),
('5330', 'E.1.8', '3.00'),
('5330', 'E.1.9', '3.00'),
('5330', 'E.1.10', '3.00'),
('5330', 'E.1.11', '3.00'),
('5330', 'E.1.12', '20.00'),
('5330', 'E.2.1', '3.00'),
('5330', 'E.2.1.1', '5.00'),
('5330', 'E.2.1.2', '5.00'),
('5330', 'E.2.1.9', '5.00'),
('5330', 'E.2.2', '7.00'),
('5330', 'E.3.1.8', '12.00'),
('5330', 'E.3.1.9', '3.00'),
('5330', 'E.3.2', '10.00'),
('5370', 'G.1.1', '5.71'),
('5370', 'G.1.3', '5.71'),
('5370', 'G.1.4', '11.43'),
('5370', 'G.1.5', '17.14'),
('5370', 'G.2.5', '11.56'),
('5370', 'G.2.6', '11.56'),
('5370', 'G.2.8', '11.56'),
('5370', 'G.2.13', '17.33'),
('5370', 'G.3.4', '8.00'),
('5370', 'S.1.1.1', '4.69'),
('5370', 'S.1.2', '4.69'),
('5370', 'S.1.3', '4.69'),
('5370', 'S.1.5', '4.69'),
('5370', 'S.1.5.1', '4.70'),
('5370', 'S.1.7', '14.06'),
('5370', 'S.2.1', '3.21'),
('5370', 'S.2.1.1', '6.43'),
('5370', 'S.2.2', '9.64'),
('5370', 'S.2.2.1', '3.21'),
('5370', 'S.2.2.2', '3.21'),
('5370', 'S.2.2.3', '3.21'),
('5370', 'S.2.3', '16.07'),
('5370', 'S.3.3', '5.00'),
('5370', 'S.4.1', '4.17'),
('5370', 'S.4.3', '8.33'),
('5370', 'E.1.2', '10.00'),
('5370', 'E.1.4', '5.00'),
('5370', 'E.1.5', '2.50'),
('5370', 'E.1.6', '2.50'),
('5370', 'E.1.7', '5.00'),
('5370', 'E.1.7.1', '10.00'),
('5370', 'E.1.8', '2.50'),
('5370', 'E.1.9', '2.50'),
('5370', 'E.1.10', '2.50'),
('5370', 'E.1.11', '2.50'),
('5370', 'E.1.12', '15.00'),
('5370', 'E.2.1', '6.67'),
('5370', 'E.2.2', '13.33'),
('5370', 'E.3.1.1', '10.00'),
('5370', 'E.3.2', '10.00'),
('5550', 'G.1.1', '7.50'),
('5550', 'G.1.3', '7.50'),
('5550', 'G.1.4', '7.50'),
('5550', 'G.1.5', '15.00'),
('5550', 'G.2.1', '5.56'),
('5550', 'G.2.2', '5.56'),
('5550', 'G.2.6', '5.56'),
('5550', 'G.2.7', '5.56'),
('5550', 'G.2.9', '5.56'),
('5550', 'G.2.13', '13.89'),
('5550', 'G.3.2', '10.40'),
('5550', 'G.3.4', '10.41'),
('5550', 'S.1.3', '9.26'),
('5550', 'S.1.5', '4.63'),
('5550', 'S.1.5.1', '9.26'),
('5550', 'S.1.7', '18.52'),
('5550', 'S.2.1', '1.19'),
('5550', 'S.2.2', '3.57'),
('5550', 'S.2.3', '3.57'),
('5550', 'S.3.1.3', '17.86'),
('5550', 'S.3.3', '23.81'),
('5550', 'S.4.3', '8.33'),
('5550', 'E.1.2', '9.15'),
('5550', 'E.1.5', '2.29'),
('5550', 'E.1.6', '2.29'),
('5550', 'E.1.7', '4.58'),
('5550', 'E.1.9', '2.29'),
('5550', 'E.1.10', '2.29'),
('5550', 'E.1.11', '2.29'),
('5550', 'E.1.12', '13.73'),
('5550', 'E.2.1', '2.78'),
('5550', 'E.2.1.1', '5.56'),
('5550', 'E.2.1.2', '5.56'),
('5550', 'E.2.1.7', '15.28'),
('5550', 'E.2.1.8', '15.28'),
('5550', 'E.2.1.10', '16.63'),
('5750', 'G.1.1', '5.72'),
('5750', 'G.1.3', '5.71'),
('5750', 'G.1.4', '11.43'),
('5750', 'G.1.5', '17.14'),
('5750', 'G.2.1', '8.73'),
('5750', 'G.2.5', '8.73'),
('5750', 'G.2.6', '8.73'),
('5750', 'G.2.8', '4.36'),
('5750', 'G.2.13', '17.45'),
('5750', 'G.3.4', '12.00'),
('5750', 'S.1.1.1', '6.62'),
('5750', 'S.1.5', '6.62'),
('5750', 'S.1.6.2', '13.23'),
('5750', 'S.1.6.4', '6.62'),
('5750', 'S.1.6.5', '9.92'),
('5750', 'S.1.6.6', '6.62'),
('5750', 'S.1.7', '13.23'),
('5750', 'S.3.2.1', '8.57'),
('5750', 'S.3.3', '17.14'),
('5750', 'S.4.1', '2.86'),
('5750', 'S.4.3', '8.57'),
('5750', 'E.1.1.1', '4.69'),
('5750', 'E.1.2', '7.03'),
('5750', 'E.1.3', '7.03'),
('5750', 'E.1.3.5', '2.34'),
('5750', 'E.1.4', '2.34'),
('5750', 'E.1.5', '2.34'),
('5750', 'E.1.6', '2.34'),
('5750', 'E.1.7', '4.69'),
('5750', 'E.1.7.1', '4.69'),
('5750', 'E.1.8', '4.69'),
('5750', 'E.1.9', '4.69'),
('5750', 'E.1.10', '4.69'),
('5750', 'E.1.11', '7.03'),
('5750', 'E.1.12', '16.41'),
('5750', 'E.3.1.1', '16.67'),
('5750', 'E.3.2', '8.33'),
('6530', 'G.1.1', '7.14'),
('6530', 'G.1.3', '7.14'),
('6530', 'G.1.4', '14.30'),
('6530', 'G.1.5', '21.43'),
('6530', 'G.2.1', '4.44'),
('6530', 'G.2.2', '4.44'),
('6530', 'G.2.5', '4.44'),
('6530', 'G.2.6', '8.89'),
('6530', 'G.2.13', '17.78'),
('6530', 'G.3.4', '10.00'),
('6530', 'S.1.5', '4.10'),
('6530', 'S.1.6.2', '6.00'),
('6530', 'S.1.7', '12.00'),
('6530', 'S.2.1', '1.70'),
('6530', 'S.2.1.1', '1.70'),
('6530', 'S.2.2', '4.00'),
('6530', 'S.2.2.1', '3.40'),
('6530', 'S.2.2.2', '5.00'),
('6530', 'S.2.2.3', '5.10'),
('6530', 'S.2.3', '9.00'),
('6530', 'S.3.1.3', '6.00'),
('6530', 'S.3.1.4', '6.00'),
('6530', 'S.3.3', '11.10'),
('6530', 'S.4.1', '5.00'),
('6530', 'S.4.2.1', '5.90'),
('6530', 'S.4.2.12', '6.00'),
('6530', 'S.4.3', '8.00'),
('6530', 'E.1.2', '8.57'),
('6530', 'E.1.3.2', '5.71'),
('6530', 'E.1.5', '2.86'),
('6530', 'E.1.6', '2.86'),
('6530', 'E.1.7', '5.71'),
('6530', 'E.1.8', '2.86'),
('6530', 'E.1.9', '2.86'),
('6530', 'E.1.10', '2.86'),
('6530', 'E.1.11', '2.86'),
('6530', 'E.1.12', '22.86'),
('6530', 'E.2.1', '5.71'),
('6530', 'E.2.2', '5.80'),
('6530', 'E.3.1.6', '7.00'),
('6530', 'E.3.1.7', '10.71'),
('6530', 'E.3.2', '10.77'),
('6570', 'G.1.1', '7.14'),
('6570', 'G.1.3', '7.14'),
('6570', 'G.1.4', '14.30'),
('6570', 'G.1.5', '21.43'),
('6570', 'G.2.1', '4.44'),
('6570', 'G.2.2', '4.44'),
('6570', 'G.2.5', '4.44'),
('6570', 'G.2.6', '8.89'),
('6570', 'G.2.13', '17.78'),
('6570', 'G.3.4', '10.00'),
('6570', 'S.1.5', '4.10'),
('6570', 'S.1.6.2', '6.00'),
('6570', 'S.1.7', '12.00'),
('6570', 'S.2.1', '1.70'),
('6570', 'S.2.1.1', '1.70'),
('6570', 'S.2.2', '4.00'),
('6570', 'S.2.2.1', '3.40'),
('6570', 'S.2.2.2', '5.00'),
('6570', 'S.2.2.3', '5.10'),
('6570', 'S.2.3', '9.00'),
('6570', 'S.3.1.3', '6.00'),
('6570', 'S.3.1.4', '6.00'),
('6570', 'S.3.3', '11.10'),
('6570', 'S.4.1', '5.00'),
('6570', 'S.4.2.1', '5.90'),
('6570', 'S.4.2.12', '6.00'),
('6570', 'S.4.3', '8.00'),
('6570', 'E.1.2', '8.57'),
('6570', 'E.1.3.2', '5.71'),
('6570', 'E.1.5', '2.86'),
('6570', 'E.1.6', '2.86'),
('6570', 'E.1.7', '5.71'),
('6570', 'E.1.8', '2.86'),
('6570', 'E.1.9', '2.86'),
('6570', 'E.1.10', '2.86'),
('6570', 'E.1.11', '2.86'),
('6570', 'E.1.12', '22.86'),
('6570', 'E.2.1', '5.71'),
('6570', 'E.2.2', '5.80'),
('6570', 'E.3.1.6', '7.00'),
('6570', 'E.3.1.7', '10.71'),
('6570', 'E.3.2', '10.77'),
('7530', 'G.1.1', '5.00'),
('7530', 'G.1.3', '5.00'),
('7530', 'G.1.4', '10.00'),
('7530', 'G.1.5', '20.00'),
('7530', 'G.2.1', '5.33'),
('7530', 'G.2.2', '5.33'),
('7530', 'G.2.5', '10.67'),
('7530', 'G.2.6', '10.67'),
('7530', 'G.2.13', '16.00'),
('7530', 'G.3.2', '6.00'),
('7530', 'G.3.4', '6.00'),
('7530', 'S.1.5', '3.34'),
('7530', 'S.1.6.2', '6.67'),
('7530', 'S.1.6.4', '6.67'),
('7530', 'S.1.6.5', '3.33'),
('7530', 'S.1.6.6', '3.33'),
('7530', 'S.1.7', '16.67'),
('7530', 'S.2.1', '4.44'),
('7530', 'S.2.2', '6.67'),
('7530', 'S.2.3', '2.22'),
('7530', 'S.3.1.11', '10.00'),
('7530', 'S.3.3', '10.00'),
('7530', 'S.4.1', '4.44'),
('7530', 'S.4.2.2', '8.89'),
('7530', 'S.4.2.10', '8.89'),
('7530', 'S.4.3', '4.44'),
('7530', 'E.1.1.1', '2.01'),
('7530', 'E.1.2', '4.01'),
('7530', 'E.1.2.7', '4.01'),
('7530', 'E.1.3', '8.03'),
('7530', 'E.1.3.2', '3.01'),
('7530', 'E.1.3.3', '3.01'),
('7530', 'E.1.3.4', '3.01'),
('7530', 'E.1.4', '2.01'),
('7530', 'E.1.5', '1.00'),
('7530', 'E.1.6', '1.00'),
('7530', 'E.1.8', '3.00'),
('7530', 'E.1.9', '2.01'),
('7530', 'E.1.10', '2.01'),
('7530', 'E.1.11', '3.01'),
('7530', 'E.1.12', '20.07'),
('7530', 'E.2.1', '2.22'),
('7530', 'E.2.1.1', '4.44'),
('7530', 'E.2.1.2', '4.44'),
('7530', 'E.2.2', '5.00'),
('7530', 'E.3.1.1', '3.70'),
('7530', 'E.3.1.7', '15.00'),
('7530', 'E.3.2', '4.00'),
('7530', 'G.1.1', '5.00'),
('7530', 'G.1.3', '5.00'),
('7530', 'G.1.4', '10.00'),
('7530', 'G.1.5', '20.00'),
('7530', 'G.2.1', '5.33'),
('7530', 'G.2.2', '5.33'),
('7530', 'G.2.5', '10.67'),
('7530', 'G.2.6', '10.67'),
('7530', 'G.2.13', '16.00'),
('7530', 'G.3.2', '6.00'),
('7530', 'G.3.4', '6.00'),
('7530', 'S.1.5', '3.34'),
('7530', 'S.1.6.2', '6.67'),
('7530', 'S.1.6.4', '6.67'),
('7530', 'S.1.6.5', '3.33'),
('7530', 'S.1.6.6', '3.33'),
('7530', 'S.1.7', '16.67'),
('7530', 'S.2.1', '4.44'),
('7530', 'S.2.2', '6.67'),
('7530', 'S.2.3', '2.22'),
('7530', 'S.3.1.11', '10.00'),
('7530', 'S.3.3', '10.00'),
('7530', 'S.4.1', '4.44'),
('7530', 'S.4.2.2', '8.89'),
('7530', 'S.4.2.10', '8.89'),
('7530', 'S.4.3', '4.44'),
('7530', 'E.1.1.1', '2.01'),
('7530', 'E.1.2', '4.01'),
('7530', 'E.1.2.7', '4.01'),
('7530', 'E.1.3', '8.03'),
('7530', 'E.1.3.2', '3.01'),
('7530', 'E.1.3.3', '3.01'),
('7530', 'E.1.3.4', '3.01'),
('7530', 'E.1.4', '2.01'),
('7530', 'E.1.5', '1.00'),
('7530', 'E.1.6', '1.00'),
('7530', 'E.1.8', '3.00'),
('7530', 'E.1.9', '2.01'),
('7530', 'E.1.10', '2.01'),
('7530', 'E.1.11', '3.01'),
('7530', 'E.1.12', '20.07'),
('7530', 'E.2.1', '2.22'),
('7530', 'E.2.1.1', '4.44'),
('7530', 'E.2.1.2', '4.44'),
('7530', 'E.2.2', '5.00'),
('7530', 'E.3.1.1', '3.70'),
('7530', 'E.3.1.7', '15.00'),
('7530', 'E.3.2', '4.00'),
('7570', 'G.1.1', '5.00'),
('7570', 'G.1.3', '5.00'),
('7570', 'G.1.4', '10.00'),
('7570', 'G.1.5', '20.00'),
('7570', 'G.2.1', '5.33'),
('7570', 'G.2.2', '5.33'),
('7570', 'G.2.5', '10.67'),
('7570', 'G.2.6', '10.67'),
('7570', 'G.2.13', '16.00'),
('7570', 'G.3.2', '6.00'),
('7570', 'G.3.4', '6.00'),
('7570', 'S.1.5', '3.34'),
('7570', 'S.1.6.2', '6.67'),
('7570', 'S.1.6.4', '6.67'),
('7570', 'S.1.6.5', '3.33'),
('7570', 'S.1.6.6', '3.33'),
('7570', 'S.1.7', '16.67'),
('7570', 'S.2.1', '4.44'),
('7570', 'S.2.2', '6.67'),
('7570', 'S.2.3', '2.22'),
('7570', 'S.3.1.11', '10.00'),
('7570', 'S.3.3', '10.00'),
('7570', 'S.4.1', '4.44'),
('7570', 'S.4.2.2', '8.89'),
('7570', 'S.4.2.10', '8.89'),
('7570', 'S.4.3', '4.44'),
('7570', 'E.1.1.1', '2.01'),
('7570', 'E.1.2', '4.01'),
('7570', 'E.1.2.7', '4.01'),
('7570', 'E.1.3', '8.03'),
('7570', 'E.1.3.2', '3.01'),
('7570', 'E.1.3.3', '3.01'),
('7570', 'E.1.3.4', '3.01'),
('7570', 'E.1.4', '2.01'),
('7570', 'E.1.5', '1.00'),
('7570', 'E.1.6', '1.00'),
('7570', 'E.1.8', '3.00'),
('7570', 'E.1.9', '2.01'),
('7570', 'E.1.10', '2.01'),
('7570', 'E.1.11', '3.01'),
('7570', 'E.1.12', '20.07'),
('7570', 'E.2.1', '2.22'),
('7570', 'E.2.1.1', '4.44'),
('7570', 'E.2.1.2', '4.44'),
('7570', 'E.2.2', '5.00'),
('7570', 'E.3.1.1', '3.70'),
('7570', 'E.3.1.7', '15.00'),
('7570', 'E.3.2', '4.00'),
('8350', 'G.1.1', '2.00'),
('8350', 'G.1.2', '0.00'),
('8350', 'G.1.3', '3.00'),
('8350', 'G.1.3.1', '4.00'),
('8350', 'G.1.3.2', '6.00'),
('8350', 'G.1.3.3', '2.00'),
('8350', 'G.1.4', '4.00'),
('8350', 'G.1.4.1', '4.00'),
('8350', 'G.1.5', '21.00'),
('8350', 'G.2.5', '4.00'),
('8350', 'G.2.5.1', '12.00'),
('8350', 'G.2.6', '4.00'),
('8350', 'G.2.7', '4.00'),
('8350', 'G.2.8', '3.00'),
('8350', 'G.2.9', '4.00'),
('8350', 'G.2.13', '13.00'),
('8350', 'G.3.1', '2.00'),
('8350', 'G.3.2', '3.00'),
('8350', 'G.3.4', '5.00'),
('8350', 'S.1.2', '12.38'),
('8350', 'S.1.3', '12.38'),
('8350', 'S.1.5', '6.19'),
('8350', 'S.1.7', '12.38'),
('8350', 'S.2.3', '10.00'),
('8350', 'S.3.3', '16.67'),
('8350', 'S.4.1', '3.75'),
('8350', 'S.4.2.3', '15.00'),
('8350', 'S.4.3', '11.25'),
('8350', 'E.1.1', '3.00'),
('8350', 'E.1.2', '6.00'),
('8350', 'E.1.5', '4.00'),
('8350', 'E.1.6', '4.00'),
('8350', 'E.1.7', '4.00'),
('8350', 'E.1.9', '4.00'),
('8350', 'E.1.10', '4.00'),
('8350', 'E.1.11', '4.00'),
('8350', 'E.1.12', '13.00'),
('8350', 'E.2.2', '9.00'),
('8350', 'E.3.1.10', '10.00'),
('8350', 'E.3.1.11', '10.00'),
('8350', 'E.3.1.15', '10.00'),
('8350', 'E.3.2', '15.00'),
('8530', 'G.1.1', '3.35'),
('8530', 'G.1.3', '1.67'),
('8530', 'G.1.3.1', '8.40'),
('8530', 'G.1.3.2', '10.05'),
('8530', 'G.1.3.3', '6.70'),
('8530', 'G.1.4', '3.35'),
('8530', 'G.1.5', '15.07'),
('8530', 'G.2.5', '4.08'),
('8530', 'G.2.5.1', '12.24'),
('8530', 'G.2.6', '4.08'),
('8530', 'G.2.7', '4.08'),
('8530', 'G.2.8', '2.04'),
('8530', 'G.2.9', '4.08'),
('8530', 'G.2.13', '12.24'),
('8530', 'G.3.1', '2.14'),
('8530', 'G.3.2', '2.14'),
('8530', 'G.3.4', '4.29'),
('8530', 'S.1.3', '18.29'),
('8530', 'S.1.5', '9.14'),
('8530', 'S.1.7', '18.29'),
('8530', 'S.2.3', '5.71'),
('8530', 'S.3.3', '17.14'),
('8530', 'S.4.1', '3.93'),
('8530', 'S.4.2.3', '15.71'),
('8530', 'S.4.3', '11.79'),
('8530', 'E.1.1', '2.39'),
('8530', 'E.1.2', '4.76'),
('8530', 'E.1.5', '2.38'),
('8530', 'E.1.6', '2.38'),
('8530', 'E.1.7', '2.38'),
('8530', 'E.1.9', '2.38'),
('8530', 'E.1.10', '2.38'),
('8530', 'E.1.11', '2.38'),
('8530', 'E.1.12', '11.90'),
('8530', 'E.2.2', '10.00'),
('8530', 'E.3.1.1', '20.00'),
('8530', 'E.3.1.5', '20.00'),
('8530', 'E.3.2', '16.67'),
('8570', 'G.1.1', '3.35'),
('8570', 'G.1.3', '1.67'),
('8570', 'G.1.3.1', '8.40'),
('8570', 'G.1.3.2', '10.05'),
('8570', 'G.1.3.3', '6.70'),
('8570', 'G.1.4', '3.35'),
('8570', 'G.1.5', '15.07'),
('8570', 'G.2.5', '4.08'),
('8570', 'G.2.5.1', '12.24'),
('8570', 'G.2.6', '4.08'),
('8570', 'G.2.7', '4.08'),
('8570', 'G.2.8', '2.04');
INSERT INTO `weightings` (`icb_code`, `kpi_id`, `weight`) VALUES
('8570', 'G.2.9', '4.08'),
('8570', 'G.2.13', '12.24'),
('8570', 'G.3.1', '2.14'),
('8570', 'G.3.2', '2.14'),
('8570', 'G.3.4', '4.29'),
('8570', 'S.1.3', '18.29'),
('8570', 'S.1.5', '9.14'),
('8570', 'S.1.7', '18.29'),
('8570', 'S.2.3', '5.71'),
('8570', 'S.3.3', '17.14'),
('8570', 'S.4.1', '3.93'),
('8570', 'S.4.2.3', '15.71'),
('8570', 'S.4.3', '11.79'),
('8570', 'E.1.1', '2.39'),
('8570', 'E.1.2', '4.76'),
('8570', 'E.1.5', '2.38'),
('8570', 'E.1.6', '2.38'),
('8570', 'E.1.7', '2.38'),
('8570', 'E.1.9', '2.38'),
('8570', 'E.1.10', '2.38'),
('8570', 'E.1.11', '2.38'),
('8570', 'E.1.12', '11.90'),
('8570', 'E.2.2', '10.00'),
('8570', 'E.3.1.1', '20.00'),
('8570', 'E.3.1.5', '20.00'),
('8570', 'E.3.2', '16.67'),
('8630', 'G.1.1', '2.42'),
('8630', 'G.1.3', '2.42'),
('8630', 'G.1.3.1', '9.70'),
('8630', 'G.1.3.4', '14.55'),
('8630', 'G.1.4', '4.85'),
('8630', 'G.1.4.1', '2.42'),
('8630', 'G.1.5', '16.97'),
('8630', 'G.2.1', '4.44'),
('8630', 'G.2.5', '8.89'),
('8630', 'G.2.6', '6.67'),
('8630', 'G.2.8', '4.44'),
('8630', 'G.2.13', '15.56'),
('8630', 'G.3.4', '6.67'),
('8630', 'S.1.2', '10.00'),
('8630', 'S.1.4', '10.00'),
('8630', 'S.1.5', '5.00'),
('8630', 'S.1.7', '15.00'),
('8630', 'S.2.1', '3.33'),
('8630', 'S.2.2', '5.00'),
('8630', 'S.2.3', '5.00'),
('8630', 'S.3.1.10', '10.00'),
('8630', 'S.3.3', '10.00'),
('8630', 'S.4.1', '8.89'),
('8630', 'S.4.3', '17.78'),
('8630', 'E.1.1', '4.35'),
('8630', 'E.1.4', '2.19'),
('8630', 'E.1.5', '2.19'),
('8630', 'E.1.6', '2.19'),
('8630', 'E.1.7', '2.19'),
('8630', 'E.1.8', '2.19'),
('8630', 'E.1.9', '2.19'),
('8630', 'E.1.10', '2.19'),
('8630', 'E.1.11', '2.19'),
('8630', 'E.1.12', '13.13'),
('8630', 'E.2.1', '2.50'),
('8630', 'E.2.1.1', '2.50'),
('8630', 'E.2.2', '7.50'),
('8630', 'E.3.1.2', '8.29'),
('8630', 'E.3.1.3', '13.82'),
('8630', 'E.3.1.4', '11.05'),
('8630', 'E.3.2', '19.34'),
('8670', 'G.1.1', '2.42'),
('8670', 'G.1.3', '2.42'),
('8670', 'G.1.3.1', '9.70'),
('8670', 'G.1.3.4', '14.55'),
('8670', 'G.1.4', '4.85'),
('8670', 'G.1.4.1', '2.42'),
('8670', 'G.1.5', '16.97'),
('8670', 'G.2.1', '4.44'),
('8670', 'G.2.5', '8.89'),
('8670', 'G.2.6', '6.67'),
('8670', 'G.2.8', '4.44'),
('8670', 'G.2.13', '15.56'),
('8670', 'G.3.4', '6.67'),
('8670', 'S.1.2', '10.00'),
('8670', 'S.1.4', '10.00'),
('8670', 'S.1.5', '5.00'),
('8670', 'S.1.7', '15.00'),
('8670', 'S.2.1', '3.33'),
('8670', 'S.2.2', '5.00'),
('8670', 'S.2.3', '5.00'),
('8670', 'S.3.1.10', '10.00'),
('8670', 'S.3.3', '10.00'),
('8670', 'S.4.1', '8.89'),
('8670', 'S.4.3', '17.78'),
('8670', 'E.1.1', '4.35'),
('8670', 'E.1.4', '2.19'),
('8670', 'E.1.5', '2.19'),
('8670', 'E.1.6', '2.19'),
('8670', 'E.1.7', '2.19'),
('8670', 'E.1.8', '2.19'),
('8670', 'E.1.9', '2.19'),
('8670', 'E.1.10', '2.19'),
('8670', 'E.1.11', '2.19'),
('8670', 'E.1.12', '13.13'),
('8670', 'E.2.1', '2.50'),
('8670', 'E.2.1.1', '2.50'),
('8670', 'E.2.2', '7.50'),
('8670', 'E.3.1.2', '8.29'),
('8670', 'E.3.1.3', '13.82'),
('8670', 'E.3.1.4', '11.05'),
('8670', 'E.3.2', '19.34'),
('8770', 'G.1.1', '2.00'),
('8770', 'G.1.3', '2.00'),
('8770', 'G.1.3.1', '5.00'),
('8770', 'G.1.3.2', '6.00'),
('8770', 'G.1.4', '3.00'),
('8770', 'G.1.4.1', '5.00'),
('8770', 'G.1.5', '19.00'),
('8770', 'G.2.1', '4.00'),
('8770', 'G.2.2', '4.00'),
('8770', 'G.2.5', '4.00'),
('8770', 'G.2.5.1', '11.00'),
('8770', 'G.2.6', '4.00'),
('8770', 'G.2.7', '4.00'),
('8770', 'G.2.9', '4.00'),
('8770', 'G.2.13', '13.00'),
('8770', 'G.3.2', '5.00'),
('8770', 'G.3.4', '5.00'),
('8770', 'S.1.2', '10.16'),
('8770', 'S.1.3', '10.16'),
('8770', 'S.1.4', '5.08'),
('8770', 'S.1.5', '5.08'),
('8770', 'S.1.7', '15.24'),
('8770', 'S.2.3', '5.71'),
('8770', 'S.3.3', '17.14'),
('8770', 'S.4.1', '3.49'),
('8770', 'S.4.2.3', '13.97'),
('8770', 'S.4.3', '13.97'),
('8770', 'E.1.2', '4.76'),
('8770', 'E.1.5', '2.38'),
('8770', 'E.1.6', '2.38'),
('8770', 'E.1.7', '2.38'),
('8770', 'E.1.8', '2.38'),
('8770', 'E.1.9', '2.38'),
('8770', 'E.1.10', '2.38'),
('8770', 'E.1.11', '2.38'),
('8770', 'E.1.12', '11.90'),
('8770', 'E.2.1', '6.67'),
('8770', 'E.2.2', '3.33'),
('8770', 'E.3.1.10', '13.33'),
('8770', 'E.3.1.11', '13.33'),
('8770', 'E.3.1.15', '13.33'),
('8770', 'E.3.2', '16.69'),
('8980', 'G.1.1', '2.00'),
('8980', 'G.1.3', '2.00'),
('8980', 'G.1.3.1', '5.00'),
('8980', 'G.1.3.2', '6.00'),
('8980', 'G.1.4', '3.00'),
('8980', 'G.1.4.1', '5.00'),
('8980', 'G.1.5', '19.00'),
('8980', 'G.2.1', '4.00'),
('8980', 'G.2.2', '4.00'),
('8980', 'G.2.5', '4.00'),
('8980', 'G.2.5.1', '11.00'),
('8980', 'G.2.6', '4.00'),
('8980', 'G.2.7', '4.00'),
('8980', 'G.2.9', '4.00'),
('8980', 'G.2.13', '13.00'),
('8980', 'G.3.2', '5.00'),
('8980', 'G.3.4', '5.00'),
('8980', 'S.1.2', '10.16'),
('8980', 'S.1.3', '10.16'),
('8980', 'S.1.4', '5.08'),
('8980', 'S.1.5', '5.08'),
('8980', 'S.1.7', '15.24'),
('8980', 'S.2.3', '5.71'),
('8980', 'S.3.3', '17.14'),
('8980', 'S.4.1', '3.49'),
('8980', 'S.4.2.3', '13.97'),
('8980', 'S.4.3', '13.97'),
('8980', 'E.1.2', '4.76'),
('8980', 'E.1.5', '2.38'),
('8980', 'E.1.6', '2.38'),
('8980', 'E.1.7', '2.38'),
('8980', 'E.1.8', '2.38'),
('8980', 'E.1.9', '2.38'),
('8980', 'E.1.10', '2.38'),
('8980', 'E.1.11', '2.38'),
('8980', 'E.1.12', '11.90'),
('8980', 'E.2.1', '6.67'),
('8980', 'E.2.2', '3.33'),
('8980', 'E.3.1.10', '13.33'),
('8980', 'E.3.1.11', '13.33'),
('8980', 'E.3.1.15', '13.33'),
('8980', 'E.3.2', '16.69'),
('8990', 'G.1.1', '2.00'),
('8990', 'G.1.3', '2.00'),
('8990', 'G.1.3.1', '5.00'),
('8990', 'G.1.3.2', '6.00'),
('8990', 'G.1.4', '3.00'),
('8990', 'G.1.4.1', '5.00'),
('8990', 'G.1.5', '19.00'),
('8990', 'G.2.1', '4.00'),
('8990', 'G.2.2', '4.00'),
('8990', 'G.2.5', '4.00'),
('8990', 'G.2.5.1', '11.00'),
('8990', 'G.2.6', '4.00'),
('8990', 'G.2.7', '4.00'),
('8990', 'G.2.9', '4.00'),
('8990', 'G.2.13', '13.00'),
('8990', 'G.3.2', '5.00'),
('8990', 'G.3.4', '5.00'),
('8990', 'S.1.2', '10.16'),
('8990', 'S.1.3', '10.16'),
('8990', 'S.1.4', '5.08'),
('8990', 'S.1.5', '5.08'),
('8990', 'S.1.7', '15.24'),
('8990', 'S.2.3', '5.71'),
('8990', 'S.3.3', '17.14'),
('8990', 'S.4.1', '3.49'),
('8990', 'S.4.2.3', '13.97'),
('8990', 'S.4.3', '13.97'),
('8990', 'E.1.2', '4.76'),
('8990', 'E.1.5', '2.38'),
('8990', 'E.1.6', '2.38'),
('8990', 'E.1.7', '2.38'),
('8990', 'E.1.8', '2.38'),
('8990', 'E.1.9', '2.38'),
('8990', 'E.1.10', '2.38'),
('8990', 'E.1.11', '2.38'),
('8990', 'E.1.12', '11.90'),
('8990', 'E.2.1', '6.67'),
('8990', 'E.2.2', '3.33'),
('8990', 'E.3.1.10', '13.33'),
('8990', 'E.3.1.11', '13.33'),
('8990', 'E.3.1.15', '13.33'),
('8990', 'E.3.2', '16.69'),
('9530', 'G.1.1', '4.00'),
('9530', 'G.1.2', '8.00'),
('9530', 'G.1.3', '4.00'),
('9530', 'G.1.4', '8.00'),
('9530', 'G.1.5', '16.00'),
('9530', 'G.2.5', '12.00'),
('9530', 'G.2.6', '12.00'),
('9530', 'G.2.8', '6.00'),
('9530', 'G.2.13', '18.00'),
('9530', 'G.3.2', '4.00'),
('9530', 'G.3.4', '8.00'),
('9530', 'S.1.3', '5.52'),
('9530', 'S.1.5', '3.68'),
('9530', 'S.1.6.1', '7.36'),
('9530', 'S.1.7', '10.10'),
('9530', 'S.2.2', '6.67'),
('9530', 'S.2.3', '4.44'),
('9530', 'S.3.1.2', '6.35'),
('9530', 'S.3.1.3', '6.35'),
('9530', 'S.3.1.5', '12.70'),
('9530', 'S.3.3', '19.05'),
('9530', 'S.4.1', '2.54'),
('9530', 'S.4.2.12', '7.62'),
('9530', 'S.4.2.14', '7.62'),
('9530', 'E.1.2', '8.57'),
('9530', 'E.1.5', '4.29'),
('9530', 'E.1.6', '4.29'),
('9530', 'E.1.7', '4.29'),
('9530', 'E.1.8', '4.29'),
('9530', 'E.1.9', '4.29'),
('9530', 'E.1.10', '4.29'),
('9530', 'E.1.11', '4.29'),
('9530', 'E.1.12', '21.43'),
('9530', 'E.2.1', '10.00'),
('9530', 'E.2.2', '6.64'),
('9530', 'E.3.1.1', '14.00'),
('9530', 'E.3.2', '9.33'),
('9572', 'G.1.1', '5.72'),
('9572', 'G.1.3', '5.72'),
('9572', 'G.1.4', '11.43'),
('9572', 'G.1.5', '17.14'),
('9572', 'G.2.5', '13.71'),
('9572', 'G.2.6', '13.71'),
('9572', 'G.2.8', '6.86'),
('9572', 'G.2.13', '13.71'),
('9572', 'G.3.1', '3.00'),
('9572', 'G.3.2', '3.00'),
('9572', 'G.3.4', '6.00'),
('9572', 'S.1.1.1', '4.76'),
('9572', 'S.1.4', '4.76'),
('9572', 'S.1.5', '4.76'),
('9572', 'S.1.6.2', '2.38'),
('9572', 'S.1.7', '12.00'),
('9572', 'S.2.1', '2.00'),
('9572', 'S.2.1.1', '4.22'),
('9572', 'S.2.1.2', '2.11'),
('9572', 'S.2.1.3', '4.00'),
('9572', 'S.2.2', '4.22'),
('9572', 'S.2.2.1', '4.22'),
('9572', 'S.2.2.2', '4.22'),
('9572', 'S.2.2.3', '2.10'),
('9572', 'S.2.3', '21.12'),
('9572', 'S.3.2.1', '5.71'),
('9572', 'S.3.3', '5.71'),
('9572', 'S.4.1', '1.90'),
('9572', 'S.4.2.12', '3.81'),
('9572', 'S.4.3', '6.00'),
('9572', 'E.1.1', '3.00'),
('9572', 'E.1.3', '6.00'),
('9572', 'E.1.3.2', '5.00'),
('9572', 'E.1.3.4', '3.00'),
('9572', 'E.1.5', '3.00'),
('9572', 'E.1.6', '2.00'),
('9572', 'E.1.7', '3.00'),
('9572', 'E.1.8', '2.00'),
('9572', 'E.1.9', '3.00'),
('9572', 'E.1.10', '3.00'),
('9572', 'E.1.11', '2.00'),
('9572', 'E.1.12', '23.00'),
('9572', 'E.2.1', '3.00'),
('9572', 'E.2.1.1', '5.00'),
('9572', 'E.2.1.2', '5.00'),
('9572', 'E.2.2', '8.00'),
('9572', 'E.3.1.6', '5.00'),
('9572', 'E.3.1.7', '8.00'),
('9572', 'E.3.2', '8.00'),
('9574', 'G.1.1', '5.72'),
('9574', 'G.1.3', '5.72'),
('9574', 'G.1.4', '11.43'),
('9574', 'G.1.5', '17.14'),
('9574', 'G.2.5', '13.71'),
('9574', 'G.2.6', '13.71'),
('9574', 'G.2.8', '6.86'),
('9574', 'G.2.13', '13.71'),
('9574', 'G.3.1', '3.00'),
('9574', 'G.3.2', '3.00'),
('9574', 'G.3.4', '6.00'),
('9574', 'S.1.1.1', '4.76'),
('9574', 'S.1.4', '4.76'),
('9574', 'S.1.5', '4.76'),
('9574', 'S.1.6.2', '2.38'),
('9574', 'S.1.7', '12.00'),
('9574', 'S.2.1', '2.00'),
('9574', 'S.2.1.1', '4.22'),
('9574', 'S.2.1.2', '2.11'),
('9574', 'S.2.1.3', '4.00'),
('9574', 'S.2.2', '4.22'),
('9574', 'S.2.2.1', '4.22'),
('9574', 'S.2.2.2', '4.22'),
('9574', 'S.2.2.3', '2.10'),
('9574', 'S.2.3', '21.12'),
('9574', 'S.3.2.1', '5.71'),
('9574', 'S.3.3', '5.71'),
('9574', 'S.4.1', '1.90'),
('9574', 'S.4.2.12', '3.81'),
('9574', 'S.4.3', '6.00'),
('9574', 'E.1.1', '3.00'),
('9574', 'E.1.3', '6.00'),
('9574', 'E.1.3.2', '5.00'),
('9574', 'E.1.3.4', '3.00'),
('9574', 'E.1.5', '3.00'),
('9574', 'E.1.6', '2.00'),
('9574', 'E.1.7', '3.00'),
('9574', 'E.1.8', '2.00'),
('9574', 'E.1.9', '3.00'),
('9574', 'E.1.10', '3.00'),
('9574', 'E.1.11', '2.00'),
('9574', 'E.1.12', '23.00'),
('9574', 'E.2.1', '3.00'),
('9574', 'E.2.1.1', '5.00'),
('9574', 'E.2.1.2', '5.00'),
('9574', 'E.2.2', '8.00'),
('9574', 'E.3.1.6', '5.00'),
('9574', 'E.3.1.7', '8.00'),
('9574', 'E.3.2', '8.00'),
('9576', 'G.1.1', '4.00'),
('9576', 'G.1.2', '8.00'),
('9576', 'G.1.3', '4.00'),
('9576', 'G.1.4', '8.00'),
('9576', 'G.1.5', '16.00'),
('9576', 'G.2.5', '12.00'),
('9576', 'G.2.6', '12.00'),
('9576', 'G.2.8', '6.00'),
('9576', 'G.2.13', '18.00'),
('9576', 'G.3.2', '4.00'),
('9576', 'G.3.4', '8.00'),
('9576', 'S.1.5', '4.90'),
('9576', 'S.1.6.2', '7.35'),
('9576', 'S.1.6.5', '7.35'),
('9576', 'S.1.7', '14.69'),
('9576', 'S.2.1', '2.14'),
('9576', 'S.2.1.1', '2.14'),
('9576', 'S.2.1.2', '2.14'),
('9576', 'S.2.2', '4.29'),
('9576', 'S.2.2.1', '4.29'),
('9576', 'S.2.2.2', '6.43'),
('9576', 'S.2.2.3', '4.29'),
('9576', 'S.2.3', '17.14'),
('9576', 'S.3.2.1', '5.71'),
('9576', 'S.3.3', '5.71'),
('9576', 'S.4.1', '2.86'),
('9576', 'S.4.3', '8.57'),
('9576', 'E.1.2', '7.00'),
('9576', 'E.1.3', '8.00'),
('9576', 'E.1.3.2', '5.29'),
('9576', 'E.1.5', '3.00'),
('9576', 'E.1.6', '3.00'),
('9576', 'E.1.7', '4.00'),
('9576', 'E.1.8', '1.76'),
('9576', 'E.1.9', '4.00'),
('9576', 'E.1.10', '3.00'),
('9576', 'E.1.11', '1.75'),
('9576', 'E.1.12', '22.70'),
('9576', 'E.2.1', '2.50'),
('9576', 'E.2.1.2', '5.00'),
('9576', 'E.2.2', '9.00'),
('9576', 'E.3.1.6', '5.00'),
('9576', 'E.3.1.7', '7.50'),
('9576', 'E.3.2', '7.50'),
('9578', 'G.1.1', '5.72'),
('9578', 'G.1.3', '5.72'),
('9578', 'G.1.4', '11.43'),
('9578', 'G.1.5', '17.14'),
('9578', 'G.2.5', '13.71'),
('9578', 'G.2.6', '13.71'),
('9578', 'G.2.8', '6.86'),
('9578', 'G.2.13', '13.71'),
('9578', 'G.3.1', '3.00'),
('9578', 'G.3.2', '3.00'),
('9578', 'G.3.4', '6.00'),
('9578', 'S.1.1.1', '4.76'),
('9578', 'S.1.4', '4.76'),
('9578', 'S.1.5', '4.76'),
('9578', 'S.1.6.2', '2.38'),
('9578', 'S.1.7', '12.00'),
('9578', 'S.2.1', '2.00'),
('9578', 'S.2.1.1', '4.22'),
('9578', 'S.2.1.2', '2.11'),
('9578', 'S.2.1.3', '4.00'),
('9578', 'S.2.2', '4.22'),
('9578', 'S.2.2.1', '4.22'),
('9578', 'S.2.2.2', '4.22'),
('9578', 'S.2.2.3', '2.10'),
('9578', 'S.2.3', '21.12'),
('9578', 'S.3.2.1', '5.71'),
('9578', 'S.3.3', '5.71'),
('9578', 'S.4.1', '1.90'),
('9578', 'S.4.2.12', '3.81'),
('9578', 'S.4.3', '6.00'),
('9578', 'E.1.1', '3.00'),
('9578', 'E.1.3', '6.00'),
('9578', 'E.1.3.2', '5.00'),
('9578', 'E.1.3.4', '3.00'),
('9578', 'E.1.5', '3.00'),
('9578', 'E.1.6', '2.00'),
('9578', 'E.1.7', '3.00'),
('9578', 'E.1.8', '2.00'),
('9578', 'E.1.9', '3.00'),
('9578', 'E.1.10', '3.00'),
('9578', 'E.1.11', '2.00'),
('9578', 'E.1.12', '23.00'),
('9578', 'E.2.1', '3.00'),
('9578', 'E.2.1.1', '5.00'),
('9578', 'E.2.1.2', '5.00'),
('9578', 'E.2.2', '8.00'),
('9578', 'E.3.1.6', '5.00'),
('9578', 'E.3.1.7', '8.00'),
('9578', 'E.3.2', '8.00');

/*!40101 SET CHARACTER_SET_CLIENT=@OLD_CHARACTER_SET_CLIENT */;
/*!40101 SET CHARACTER_SET_RESULTS=@OLD_CHARACTER_SET_RESULTS */;
/*!40101 SET COLLATION_CONNECTION=@OLD_COLLATION_CONNECTION */;
